"","s0","s1","s2","s3","s4","s5","s6","s7","s8","s9","s10","s11","s12","s13","s14","s15","s16","s17","s18","s19","s20","s21","s22","s23","s24","s25","s26","s27","s28","s29","s30","s31","s32","s33","s34","s35","s36","s37","s38","s39","s40","s41","s42","s43","s44","s45","s46","s47","s48","s49","s50","s51","s52","s53","s54","s55","s56","s57","s58","s59","s60","s61","s62","s63","s64","s65","s66","s67","s68","s69","s70","s71","s72","s73","s74","s75","s76","s77","s78","s79","s80","s81","s82","s83","s84","s85","s86","s87","s88","s89","s90","s91","s92","s93","s94","s95","s96","s97","s98","s99","s100","s101","s102","s103","s104","s105","s106","s107","s108","s109","s110","s111","s112","s113","s114","s115","s116","s117","s118","s119","s120","s121","s122","s123","s124","s125","s126","s127","s128","s129","s130","s131","s132","s133","s134","s135","s136","s137","s138","s139","s140","s141","s142","s143","s144","s145","s146","s147","s148","s149","s150","s151","s152","s153","s154","s155","s156","s157","s158","s159","s160","s161","s162","s163","s164","s165","s166","s167","s168","s169","s170","s171","s172","s173","s174","s175","s176","s177","s178","s179","s180","s181","s182","s183","s184","s185","s186","s187","s188","s189","s190","s191","s192","s193","s194","s195","s196","s197","s198","s199","s200","s201","s202","s203","s204","s205","s206","s207","s208","s209","s210","s211","s212","s213","s214","s215","s216","s217","s218","s219","s220","s221","s222","s223","s224","s225","s226","s227","s228","s229","s230","s231","s232","s233","s234","s235","s236","s237","s238","s239"
"Intercept",1.15225374941347,1.15316818085308,1.15404804323025,1.15489464338989,1.15570923877311,1.15649303928484,1.15687316892636,1.15683226089235,1.15679290998819,1.15675504666547,1.15671851507843,1.15668346406602,1.1566497382244,1.15661728735078,1.15658606324631,1.15655601953434,1.15652711159145,1.15649929648115,1.15647253289013,1.15644668327159,1.1564219085143,1.156398070489,1.1563751336339,1.15635306388108,1.15633182845069,1.15631139580211,1.15629173558705,1.15627271932724,1.1562545210133,1.15623701088587,1.1561195631733,1.15566569903979,1.15522893612192,1.15480868445159,1.15440431992756,1.15401524195414,1.15364087264029,1.15328076622544,1.15293416326514,1.15260066292839,1.15227977019962,1.15197100846318,1.1516739191204,1.15138806090945,1.15111311631993,1.15084845906743,1.15059380645641,1.15034878070212,1.15011301787366,1.14988616779642,1.14966789353378,1.14945787088661,1.14925588525453,1.1490614386928,1.14887434239867,1.14869431906864,1.14852110132014,1.14834976439431,1.14814058761414,1.14793875688234,1.14774451744192,1.14755762127766,1.14748887354188,1.14762632597542,1.14781167198124,1.14692786104814,1.14546329774407,1.14405394014472,1.1426980036762,1.14160860002867,1.14075831403135,1.13995602853438,1.13918599843949,1.13852921192132,1.13813123606074,1.13774699896284,1.13737764745875,1.13720152420227,1.13671150217175,1.13591098660607,1.13515601981023,1.13431056300264,1.13310559615636,1.13119059080372,1.12950043335927,1.12774149655906,1.12603157297485,1.12454124511945,1.1232028804139,1.12199685410517,1.12084026517838,1.11959872614687,1.1186090784176,1.11753626999305,1.11685710526066,1.11632880410902,1.11581637701191,1.11503774981232,1.11409052604903,1.11321498611183,1.11216334027064,1.11099673320162,1.1104309639106,1.11053831206929,1.11049451559032,1.10874605319989,1.10655618248838,1.10422963432168,1.10184684596069,1.09908994937439,1.09678138706111,1.09462579712455,1.09255585371171,1.09055594135375,1.08848572432816,1.08655274906449,1.08493460123818,1.08415434534823,1.08373882950355,1.08372502887008,1.08399730273256,1.08436350326429,1.08461115153785,1.08457044931591,1.08475763779715,1.08537577061882,1.0859008467962,1.086357365468,1.08603698060581,1.08592433058795,1.08632188471638,1.08667459176882,1.08700427156233,1.08740817350351,1.08862776074523,1.08990378670904,1.09089905044773,1.09195988829266,1.09313028961129,1.0941905367052,1.09521055454665,1.09619191638693,1.09713472190383,1.09804895179041,1.09892128627295,1.09976858203529,1.10058351170276,1.10136641181853,1.10211980630048,1.10282423331014,1.1035309194783,1.10422288374244,1.10488800748345,1.1055279589953,1.1061509301692,1.10685143882573,1.10773356019611,1.1086099424688,1.10944087732632,1.11023930363829,1.11108321161435,1.11190356811957,1.11269578702671,1.11345939746694,1.11419083078057,1.1148944382617,1.11560460927496,1.11643411341067,1.11725209306089,1.11797941214072,1.11878875715044,1.11960218906647,1.12039031117025,1.1211726513256,1.12191478864493,1.12264210549218,1.12334495414514,1.12397484298156,1.12454446127591,1.1251187932665,1.12567208123047,1.12620008876919,1.12670769392693,1.12719602023658,1.12766996879617,1.12812227460395,1.1285570629821,1.12897949223607,1.12938227278855,1.1297659568918,1.13010514326159,1.13042848338625,1.13074498118113,1.13104613920892,1.13133492109201,1.13161300757402,1.13188044351025,1.1321413147959,1.13238940167855,1.13263148412935,1.13286064685815,1.13308092992433,1.13329629903249,1.13350068702845,1.13370068790089,1.13388982126541,1.13407067414969,1.13424895760517,1.1344168295871,1.13458212865211,1.13473790221924,1.13489056570438,1.13503472534128,1.13517313659731,1.13531196722188,1.13543473437802,1.13555560187948,1.13566942095403,1.13577813362035,1.13588540293446,1.13598649405627,1.13608303639307,1.13617861886121,1.13626849536288,1.1363575077022,1.13644066786064,1.13652282995082,1.13659945627061,1.13667588884569,1.13674650208422,1.13682016562279,1.13689610733115,1.13696520980485,1.13703322910277,1.13709656215202,1.13715945366283,1.13722083039035,1.13727751397283,1.13733369236215,1.13738328035846
"x1",0,0.0810788149564518,0.159092535587082,0.234157034370187,0.306383803354029,0.375880119754128,0.420622245527119,0.452783968110224,0.483727694184434,0.513501622208011,0.542135839294181,0.569701697749905,0.596225474274441,0.621746548973843,0.646302827859555,0.669930783963091,0.692665511493633,0.714540777962855,0.735589074339254,0.755827675630377,0.77531514611419,0.794065935139914,0.812107871492947,0.829467752530188,0.846171362593407,0.862243511276078,0.877708070272623,0.89257366442552,0.906891595410619,0.920668283237317,0.93370775068068,0.945132048631362,0.956119407989248,0.96669139198667,0.976863713877117,0.986651482464368,0.996069235357932,1.00514471957305,1.01386339383296,1.02225243082583,1.03032432950521,1.03809107904199,1.04556421526008,1.05275483788407,1.05968751893386,1.06634427721723,1.07274933293843,1.07891225245745,1.08484218966508,1.09054795219901,1.09603801473317,1.10132053156589,1.1064166805758,1.11130691123089,1.11601220478975,1.12053961960864,1.12489588054928,1.12907594418661,1.13298678105225,1.13677678126989,1.1404081844936,1.14390238846809,1.14695425074256,1.15056811213536,1.15498648115851,1.15924527001737,1.16324115048237,1.16708323486958,1.17079236102806,1.17408639822332,1.17728110093609,1.18047439189218,1.18350475923132,1.18633320139798,1.1888656351145,1.19132828855464,1.1936817557739,1.19600413266377,1.19712745682292,1.19778772981953,1.19864077666043,1.2005708140508,1.20276110067604,1.20487812170621,1.20687211831224,1.2081186724021,1.20851850136973,1.20912276139144,1.20945214814312,1.20908238948316,1.20872965635589,1.2080360585827,1.20750071457079,1.20729418175238,1.20901981518933,1.21121495796932,1.21330978270309,1.21493455790496,1.21623925476119,1.21859302270745,1.22067701783842,1.22264510423996,1.22419718534814,1.22695268422148,1.22950317212232,1.23050548948734,1.23145592616246,1.23166222587194,1.23142638862484,1.23105683959303,1.2298203932109,1.22855901678679,1.22735683164844,1.22617246161262,1.22441479546409,1.22220805645476,1.22054376054787,1.21927410149986,1.21812420606277,1.21870544182311,1.21922409239606,1.21935324951069,1.21998506074574,1.22153964102244,1.22319912149289,1.22674836902327,1.23016551670695,1.23369039867915,1.23706272768495,1.2404218338206,1.24407078948158,1.24743987762476,1.25051728398958,1.2535786765325,1.25848096910783,1.26395680042886,1.26887078433888,1.27364168242485,1.2783442442802,1.28279993057971,1.28708836090263,1.29121431420096,1.29517986910749,1.29900728068859,1.30259976430705,1.30608341187896,1.30943467607587,1.31265631024554,1.31575748699257,1.31836693538108,1.32067887691946,1.32291458703152,1.325069423761,1.32714227161501,1.32916615234173,1.33133828704396,1.33317261633234,1.33482201789442,1.33645508360729,1.33802067307448,1.33937691168911,1.34059722666576,1.34180350386967,1.34296798017532,1.3440830492756,1.34515583430723,1.34621833157388,1.34736347154575,1.34839763578921,1.34931872601731,1.35028080987851,1.35125909040647,1.35221091909402,1.35317086695685,1.3540597859387,1.35494419071165,1.35579873828935,1.35645872363152,1.35690318156749,1.35738442243357,1.35784593860767,1.35828573970108,1.35870898515434,1.35911603705802,1.35951247817949,1.35988901068292,1.36025130373754,1.3606048049659,1.36093994028601,1.36126342485901,1.36149866687361,1.36173651313104,1.36197305350748,1.36219671766043,1.36241206167522,1.36261844447977,1.36281697620028,1.36301228940535,1.36319635133313,1.36337643242501,1.36354767220539,1.3637108167711,1.36387218249248,1.36402377021435,1.36417236124724,1.36431268868852,1.36444783754184,1.36458006353426,1.3647059497641,1.36482839275627,1.36494392806891,1.36505841496816,1.36516518358206,1.36526840329368,1.36537841006395,1.36547736076008,1.36557859717561,1.36567409782669,1.36576496334769,1.36585576322554,1.36594076733588,1.36602134999406,1.36610216235857,1.36617766103909,1.36625145590792,1.36632137275791,1.36639102788228,1.36645694515008,1.36651991094965,1.36657846256622,1.36663783869437,1.36669614448238,1.36674455607391,1.36679127792468,1.36683346090941,1.36687599633394,1.36691787086276,1.36695550812243,1.36699345091385,1.36702577422644
"x2",0,0,0,0,0,0,0.0174037691835517,0.0310092058123736,0.0441045555548254,0.0567048550290578,0.0688428958507728,0.0805080042807338,0.091732111925488,0.102531904663371,0.112923423261338,0.122922102068683,0.1325427919563,0.141799782374447,0.15070682257662,0.159291133956759,0.167536953351623,0.175471028489534,0.183105164722123,0.190450700934287,0.197518547328509,0.20431920165918,0.210862764824765,0.21717338691094,0.223231041629327,0.229059663800679,0.234650622400374,0.240397032665203,0.245931296291541,0.251256355351883,0.256380106509885,0.26131015996023,0.266053838229035,0.270602407744593,0.274994759301092,0.279221106400051,0.283287681280469,0.287200523825657,0.290965445715008,0.294588038924213,0.298057484428855,0.301411911329134,0.304639587301911,0.307745244812368,0.310733496399418,0.313608780462359,0.316375367612656,0.319037367016072,0.32158279730153,0.324047857056724,0.326419806124787,0.328702086711605,0.330898088224112,0.333085211465557,0.336030141547876,0.338819737048012,0.341516542007438,0.344111290971715,0.346675712270411,0.348560644347982,0.349705015670546,0.351324526314138,0.353420608004281,0.355452124327602,0.357389347980768,0.359916486482327,0.362416772882705,0.364682428712261,0.366922298641792,0.369391270956244,0.372545192846078,0.375548380464509,0.378452530799941,0.381482073275234,0.385032047825867,0.38780361975154,0.390265482526113,0.391798215759022,0.393085886016306,0.393771183607002,0.393678662221147,0.393261321292996,0.393973880695727,0.393083017884088,0.391787946276272,0.391655012191637,0.391537277652126,0.391795174935381,0.392004085792565,0.39096007461307,0.388029763380939,0.384681022025577,0.381485643654354,0.378657123797381,0.376129419126504,0.371975990491058,0.367897707942239,0.364056691827575,0.361386865759666,0.357719132669358,0.354728607280703,0.353994196166615,0.353117411705904,0.352934628873955,0.353287391642984,0.353205178452321,0.353684958948182,0.3541034718271,0.354536571343724,0.355358923845948,0.35729745862787,0.359846336198361,0.36177088716461,0.364217304669731,0.36686407578139,0.366560736042318,0.365366164715752,0.363904307440854,0.361939962751009,0.358540499749549,0.354685184314982,0.348707691612678,0.342974156995178,0.337609853756038,0.332683927282327,0.327945345963534,0.324126882687061,0.320572877696077,0.317369194153555,0.314120292377773,0.308861560011761,0.303533209244109,0.298550388234888,0.293747202451724,0.289344712200709,0.285039959275614,0.280897327322389,0.276911462200154,0.273082189640162,0.269391187746502,0.26597610122654,0.262667425851435,0.259484486657178,0.256422169857109,0.253476893790964,0.251158083376923,0.249406524055472,0.247629696070325,0.245919846194263,0.244274626615585,0.242647785122149,0.240831885984872,0.23907996520512,0.237512867606308,0.235958372888647,0.234464654685802,0.233160421530457,0.232100062400048,0.230993656625387,0.229928275606643,0.228906643130524,0.227923834619711,0.226961420769211,0.225950162631396,0.224987506272445,0.224216791093052,0.223478607769814,0.222787751629261,0.222123399292397,0.221490081020001,0.220852185837021,0.220223429466984,0.219617877619822,0.219209933923737,0.219502272180249,0.219698649743614,0.219873022944836,0.220035727096772,0.220192777496657,0.220343999916903,0.220492567154696,0.220632186528384,0.220766638353627,0.220899170521466,0.221023526393656,0.221134696329939,0.221230035130283,0.221335574607787,0.221438898624577,0.221533867100202,0.221625045454959,0.221713013529338,0.221797588190987,0.221882995951128,0.221961572492656,0.222040536901806,0.222113109771593,0.222182632862589,0.222253152092107,0.222318131236507,0.222383456051485,0.222443481641839,0.222500459064247,0.22255892006048,0.222612416692435,0.222666572882601,0.222716202380312,0.222766025574829,0.222812169319959,0.22285605392048,0.222914517589109,0.22292843731958,0.222936745922224,0.222942942019008,0.222948872024355,0.222955694462039,0.222961354448941,0.222966661653679,0.222972736655958,0.222977813324665,0.222983541276803,0.222988003966605,0.222993021264365,0.222997128773146,0.223002118612868,0.222995967470182,0.223003957642469,0.223030599517398,0.22306345626025,0.223097686794307,0.223130446101775,0.223162724580468,0.223195293644483,0.223225502870905,0.223254576986692,0.223274548776067
"x3",0,0,0,0,0,0,0.0132281191173918,0.0474960332743584,0.080466610099384,0.112190770388398,0.142713795673403,0.172084768697052,0.200345406506324,0.227537682370486,0.253701984521636,0.278877174361442,0.303100644179554,0.326408372691739,0.348834978478475,0.370411905242649,0.391175004046117,0.411153179442606,0.430376102165464,0.4488723236977,0.466669316168707,0.483793513154618,0.500270348939653,0.516122320051968,0.531376997722528,0.546054992846096,0.557315324354753,0.558432972841489,0.55950658644547,0.5605396089475,0.561533579174463,0.562489973463671,0.563410212331626,0.564300799481072,0.565152597861712,0.565972179225124,0.566760777181513,0.567519563070055,0.568249663902914,0.568952164086689,0.569633446463564,0.570283655894743,0.570909263360651,0.57151122034847,0.572090421022256,0.572647725659453,0.573183962015348,0.573699926552856,0.574201781826758,0.574679297288978,0.575138732490791,0.575580799107714,0.5760061538876,0.576296810015,0.57586644397538,0.575434934900231,0.575026340311961,0.574633213416448,0.574602373138337,0.574797739406084,0.575156504594141,0.57500171799126,0.574921156474235,0.574819524133017,0.574726848808,0.574820900813568,0.575157078962961,0.575377048673371,0.575607898947419,0.575812768742228,0.576059362713457,0.576280955784788,0.57650342224475,0.576670153367963,0.576360677043316,0.575357586302732,0.574417246294992,0.573367366815711,0.571938854084586,0.570751986944877,0.570737625135678,0.571985513766982,0.573246000518086,0.577063374869449,0.581280498763954,0.584850058284104,0.588250641232567,0.591444790468637,0.594341203717346,0.597549229893712,0.600506268508852,0.603420937872868,0.606178497641893,0.608779327385473,0.611364251598689,0.614727966857153,0.618445018583338,0.622135473216192,0.625364838856666,0.628286219918037,0.630441504266217,0.63163236549214,0.632239754564033,0.632087925419639,0.631639038157922,0.631903888314308,0.633898757072135,0.636226797295282,0.63839616048197,0.640092041997523,0.64097683190251,0.641453544394094,0.642087716602163,0.642127249082072,0.641989012789162,0.641514022920003,0.640669325761322,0.640080440876551,0.639448012916089,0.638629509755167,0.638368135933047,0.638041242712661,0.63801766496456,0.63878148459872,0.639091881799237,0.639449434892781,0.63858028178714,0.637847135878065,0.637336554610995,0.636927559917624,0.637124795138908,0.637365907270309,0.637609356686287,0.637840101553986,0.637916387659988,0.638046901761073,0.638171639573098,0.638291672674655,0.638414865049949,0.638526323666744,0.638693561472962,0.638843768657123,0.638987758297981,0.639129011926355,0.639260289272263,0.639306748803338,0.639220656574735,0.639224430260519,0.639222218497143,0.63922054811629,0.639214982973644,0.639224435781022,0.639894976901282,0.640489546059595,0.641089545666447,0.641666465325674,0.641976416497334,0.642132247491274,0.642362954301192,0.642583670415637,0.642793285411932,0.64299482376721,0.643179020652746,0.643314410019481,0.643542781708432,0.643600532053246,0.643582476891051,0.643496313176774,0.643405900232993,0.643387973477963,0.643492801097495,0.643591461568354,0.64368827364152,0.643653607866987,0.643117195596746,0.642645976211082,0.642210315292138,0.64179481591276,0.64139377421142,0.641007910373888,0.640634089635743,0.640278051420853,0.639934780775808,0.639601514603632,0.639284656518452,0.638956947782345,0.638507422853758,0.638089773200256,0.637690994555783,0.637310511374064,0.636942050748213,0.636589196354666,0.636249854649397,0.635919498300074,0.635606276567818,0.635302828428404,0.635011037470564,0.634732332984866,0.634459645347387,0.634201841891038,0.633951789058969,0.633713483937901,0.633482315635003,0.633259412538996,0.633045143073982,0.632839164156363,0.632643276330163,0.632450448252424,0.63226930121482,0.632095219867764,0.631959465826642,0.631874602161527,0.63179329206292,0.631716706497572,0.631642780994286,0.631569802662021,0.631501668964656,0.631436294128094,0.631371237996243,0.631311045536943,0.631253272476723,0.631197986907922,0.63114239158255,0.631089214549989,0.631040177719995,0.63097914938543,0.630883349055938,0.630763541559372,0.630650280936274,0.630535990144043,0.630430482582605,0.630324320422194,0.630220027858809,0.630125490858423,0.630030764867646,0.629947006281829
"x4",0,0,0,0,0,0,0,0,0,0,0,0,0,0,0,0,0,0,0,0,0,0,0,0,0,0,0,0,0,0,0.00395363639199837,0.0210636510109554,0.0375278834187188,0.0533697055199334,0.068612645178661,0.0832793424751706,0.0973915816103709,0.11096851757912,0.12403399221487,0.136605547175315,0.148701848515468,0.160340862651598,0.171539876817257,0.182315524721427,0.192682035980709,0.202658419783133,0.212257665785423,0.221494023012938,0.230381210039407,0.238932426855384,0.247160374440606,0.255077273628412,0.262693206719818,0.270022893495989,0.277075500548647,0.283861491701305,0.290390946014299,0.296485031037828,0.299142325158436,0.301752383059529,0.304255169248396,0.306663369142927,0.308898684818082,0.311034338792238,0.313893405363605,0.318935779072798,0.323479835732143,0.327865489584336,0.332089421055411,0.335240633817258,0.33771409065413,0.340282804108145,0.342686833357637,0.344703314243407,0.345755429419958,0.346804726020978,0.347800027016666,0.348961188472096,0.350141715034331,0.352071679464556,0.354076817128084,0.356718319802916,0.359824622911895,0.362430403813828,0.364406673517142,0.365764788739663,0.36693573299254,0.365942540050728,0.364204489313056,0.361650562884743,0.359185052863809,0.357072612333172,0.353929283699253,0.351014944160447,0.347905277785302,0.34469753863469,0.341664278319942,0.339074855133056,0.336517758876886,0.334087602027827,0.331425885874431,0.328849545545302,0.325292341842983,0.321231362206304,0.317300906409127,0.31452737708537,0.312984440121638,0.313674587298656,0.314931700730022,0.315917386909649,0.314841067557482,0.313468470915758,0.31217889113262,0.311124450494967,0.31030414677855,0.309427899021434,0.308649100734362,0.307566814606017,0.306222464975871,0.305806404502832,0.305294992199218,0.304883597978812,0.304586271697246,0.304075902142284,0.303311856942661,0.302585231456865,0.301659827122176,0.299551383770168,0.297232333913865,0.294942820233408,0.292861949857702,0.290827285422275,0.288780405320419,0.286519025827149,0.282608100576104,0.278056719116778,0.274057628553635,0.26999671776565,0.26566588011173,0.261729394324356,0.257941111155015,0.254296371065232,0.250804113046344,0.247426550114235,0.243917598839604,0.24057149970276,0.237352950911932,0.234267966501863,0.231286601389656,0.228247330916494,0.224574200654991,0.221241343104785,0.218029025015703,0.214938431718339,0.21193149404855,0.208728625548577,0.205517131201493,0.202372063294525,0.199361265833339,0.196473181128729,0.193818652848584,0.191111322210855,0.188567657503475,0.186120547980068,0.183774275328911,0.181516695424959,0.17934238929401,0.177267222982342,0.1752643492894,0.173545460909572,0.171689698123316,0.169820905876482,0.168008138363704,0.166181973123622,0.164502373599787,0.162854432724013,0.161262701406167,0.159776055032617,0.158336946060283,0.156867958255764,0.155466530830931,0.154130259138646,0.152844796828016,0.151608195232104,0.150407336234462,0.149262927852124,0.148162182621511,0.147091720541544,0.146072872665355,0.145124944415191,0.144485244575118,0.143802080187496,0.14312545906446,0.142486562134478,0.141873975206625,0.141284249734384,0.140717075812321,0.1401597697133,0.1396332630036,0.139116661041812,0.138629855521734,0.138162973742701,0.137702756861602,0.137268800693737,0.136841981857511,0.13644045567361,0.136056700792297,0.135676231880123,0.135319076845247,0.134966342593975,0.134635496903934,0.134309196105858,0.134002948078374,0.1337098027708,0.133403846154441,0.133148010606825,0.132895030432249,0.132658117640271,0.132432440436856,0.132207660227373,0.131997019448918,0.131796566705211,0.131596347213832,0.131408947220447,0.131222739924626,0.131049404651118,0.13087718854049,0.130716815689816,0.130556930318905,0.130410845840402,0.130256780833636,0.130092580856337,0.129942285325771,0.129794646163432,0.12965751777079,0.129521353954901,0.129387634552826,0.129264368742058,0.129142583998328,0.129043635122643
"x5",0,0,0,0,0,0,0,0,0,0,0,0,0,0,0,0,0,0,0,0,0,0,0,0,0,0,0,0,0,0,0,0,0,0,0,0,0,0,0,0,0,0,0,0,0,0,0,0,0,0,0,0,0,0,0,0,0,0.00029374998452284,0.00436864632145291,0.00827006490796489,0.0120264801665384,0.0156408681081362,0.018644736365772,0.021765579652883,0.0244676454361655,0.0254124964409316,0.026661412671965,0.027863299493438,0.0290163337673007,0.0307110021123248,0.032446448541429,0.0339936616840567,0.0355113274378201,0.0371076757623867,0.0390277432030438,0.0408610401602725,0.0426297495804946,0.0440704361832912,0.0455658344024887,0.0465542874932365,0.0475294545724716,0.0479673775200945,0.0476060091630526,0.0480077376888453,0.0482416414792295,0.0506978393673715,0.0551973445541578,0.059009777889104,0.0632354442737092,0.0671182835256002,0.0707953168005069,0.0740664921331479,0.0802751704082455,0.0861150991221748,0.0918806682938528,0.0974942510397114,0.102897615855053,0.108985850528355,0.115439055992267,0.121122442831512,0.126867048340736,0.132310814195025,0.138581451420695,0.144767685597708,0.151254135900916,0.159014573328598,0.166775357295785,0.172921222340453,0.178431353927984,0.183585154392918,0.189622477206315,0.195596985841032,0.201347019604366,0.206664112184915,0.212187288541062,0.218112027934625,0.223736608760704,0.226279997757543,0.226245374833108,0.225226674977909,0.225658309313005,0.226413546622356,0.227171190388203,0.229816091571731,0.232302130325744,0.235033390184606,0.237566213334248,0.240014020799924,0.244378375833253,0.248304399832818,0.251478365697948,0.254558460162782,0.257812137620397,0.260880325443288,0.263836206925471,0.266574689859801,0.269420655476955,0.272248458227578,0.275266216195565,0.278007883800149,0.280647155682511,0.283187116693908,0.285610902220941,0.287965762266478,0.290367336146073,0.292661491675655,0.294868341014772,0.296972729768993,0.299031362681456,0.301374435331358,0.304564014916854,0.307295695209648,0.309941730794703,0.312487119039919,0.314893231467216,0.317481698822316,0.319201447954876,0.321204483312113,0.322913583752038,0.324572017915813,0.326119755664574,0.328113738655362,0.329775806642818,0.331367280615794,0.332908530077871,0.334391525329774,0.335788420569198,0.33698928067299,0.338005063246742,0.339105805066856,0.340462108738163,0.341922916709143,0.343329889063075,0.34456679701509,0.345603446863153,0.346578243425626,0.347506571770262,0.34852453216613,0.349832712076653,0.351057691400638,0.352207109611099,0.353317617446623,0.354388171815095,0.355418014454862,0.356404599045499,0.357355438004591,0.358272090513844,0.359151025318278,0.359997089156717,0.360816033284833,0.361533607869124,0.362309747581438,0.363053135190978,0.363764869870024,0.364452703489881,0.365113187965262,0.365748464640246,0.366362399616009,0.366948335745563,0.367514553798911,0.368058341881255,0.368580651697425,0.36908738125166,0.36956960199201,0.370036511412222,0.370482409458623,0.370913657579912,0.371330181184233,0.371728576603536,0.37211360535637,0.372480094872824,0.372838335959155,0.373177205005722,0.373501646294231,0.373764224177137,0.373973395376507,0.374179897474667,0.374375862534313,0.374565082650165,0.374750684639964,0.374924886193908,0.375092578210594,0.375258123552751,0.375412562154648,0.375564094308194,0.375706327338481,0.37584776307562,0.3759803018392,0.376110007377742,0.376260111342403,0.376443920216475,0.376649448992334,0.376839442613607,0.377029388831554,0.377205479010315,0.377381848000648,0.377553542620482,0.377710518613762,0.377867580743211,0.378012087110525
"x6",0,0,0,0,0,0,0,0,0,0,0,0,0,0,0,0,0,0,0,0,0,0,0,0,0,0,0,0,0,0,0,0,0,0,0,0,0,0,0,0,0,0,0,0,0,0,0,0,0,0,0,0,0,0,0,0,0,0,0,0,0,0,0,0,0,0,0,0,0,0,0,0,0,0,0,0,0,0,0,0,0,0,0,0,0,0,0,0,0,0,0,0,0,0,0,0,0,0,0,0,0,0,0,0,0,0,0,0,0,0,0,0,0,0,0,0,0,0.0049001922445601,0.0147150287977269,0.0245555706230658,0.0342155487520499,0.0432462475022581,0.0518694524013745,0.0602904896871058,0.0688928005688056,0.0772192255801447,0.0851833311154035,0.092610034164148,0.0976913195416872,0.10283207157388,0.108861885900052,0.114570021595885,0.119690885279807,0.125039831923184,0.130932521563168,0.136986594484958,0.142145539769311,0.147181324637994,0.152068252256978,0.156779266190849,0.16131173879042,0.165672265001978,0.169881459291074,0.173919166350693,0.178005462090422,0.181907898828915,0.185662762284483,0.189292233121904,0.192755252854366,0.196532928245441,0.200792309026283,0.204841409492536,0.20872289982262,0.21245810323256,0.216104607813848,0.219426033508238,0.223179519764535,0.226528332973152,0.229912852595934,0.23314452290926,0.236441264496702,0.239288031094974,0.242206462063542,0.245018701052929,0.247708749324941,0.250297546505878,0.252829651937523,0.255463207999078,0.258090497229909,0.260430649037033,0.262804731713283,0.265139712497252,0.267409137896277,0.269788508824584,0.272132669677434,0.274426268594068,0.276648329435097,0.278874804407496,0.280828170850326,0.282869987848546,0.284837338350244,0.286708672993761,0.288508188882305,0.290239775776517,0.291924175690656,0.293528396949585,0.295070474542588,0.296571848580917,0.29800116352363,0.299360891899632,0.30059083778485,0.301764539637388,0.302914396483853,0.304007549249132,0.305055570584121,0.306064757540729,0.307035656585742,0.307982526615638,0.308884628356142,0.309762479846134,0.310596619554838,0.311397291543193,0.312178478513988,0.312923045404435,0.313647921525915,0.314337249607336,0.314996154811395,0.315641920092939,0.316255155945492,0.316853908755016,0.317422959536926,0.317976041469132,0.318503170597351,0.319006868759785,0.319470545135844,0.319894489322934,0.320301535689109,0.3206898426834,0.321060603676541,0.32142107292703,0.321766762665245,0.322097007922642,0.322417939757311,0.322725837754815,0.323025448268972,0.323310731773831,0.323586870175658,0.323849736119746,0.324106988351486,0.324364347261924,0.324640406132963,0.324922598362442,0.325190619988966,0.325449929422317,0.325695811686061,0.325934965774719,0.326167637887922,0.326387922103813,0.326601785703641,0.326794601839864
"x7",0,0,0,0,0,0,0,0,0,0,0,0,0,0,0,0,0,0,0,0,0,0,0,0,0,0,0,0,0,0,0,0,0,0,0,0,0,0,0,0,0,0,0,0,0,0,0,0,0,0,0,0,0,0,0,0,0,0,0,0,0,0,0,0,0,0,0,0,0,0,0,0,0,0,0,0,0,0,0,0,0,0,0,0,0,0,0,0,0,0,0,0,-0.00826926977477563,-0.0179560571776965,-0.0289552606813972,-0.0399655207376297,-0.0505427211670286,-0.061302199115298,-0.0720691621014227,-0.0823272361731737,-0.0922210355887845,-0.0988440397435796,-0.104448852442895,-0.108247431719754,-0.11192820823815,-0.116508844878747,-0.120950088096331,-0.124915844935635,-0.128630894782988,-0.131939032755484,-0.135239984196221,-0.13846688255418,-0.141568182246256,-0.144211837775451,-0.146270915470337,-0.148037283449481,-0.149806958635507,-0.152961065221523,-0.158518798817637,-0.16738191001368,-0.1765331125027,-0.1851339387869,-0.193672939426603,-0.204202858146733,-0.214930894617367,-0.224913324550159,-0.23437451989432,-0.242489586011033,-0.249891820174793,-0.257013754591066,-0.263948601221981,-0.270648181061698,-0.276967863741911,-0.284402735480647,-0.297272365897566,-0.30990848128527,-0.32191681809346,-0.333482021324302,-0.34437459854448,-0.354978494535761,-0.365180091391981,-0.374995931689492,-0.384460364286531,-0.393550909908844,-0.402666028500907,-0.411379692808129,-0.419763867260319,-0.427846113386654,-0.435602050918866,-0.443903241471454,-0.45301484330363,-0.461534793318622,-0.469723896016387,-0.477603812722391,-0.485322678204596,-0.492845014351231,-0.500084601538045,-0.506927078866864,-0.513588473160566,-0.519979056258727,-0.525879729290096,-0.531319375329208,-0.536659553824194,-0.541796721639695,-0.546729739644232,-0.551476676150748,-0.556101199344956,-0.560861441637007,-0.565514934853042,-0.569818918245234,-0.574441291278993,-0.57909558653723,-0.583603231305067,-0.588021348718632,-0.592107712294719,-0.596090142592294,-0.599931279528739,-0.603516222891479,-0.606267087632513,-0.609107688775464,-0.611838837098931,-0.614454823958413,-0.616972049392717,-0.619394097337458,-0.621734300831343,-0.623976291260817,-0.626133233985698,-0.628218496316839,-0.630215433083408,-0.63212386728952,-0.633856226358671,-0.635560606423965,-0.637211036912746,-0.638787626274511,-0.640302729441152,-0.641761002568999,-0.643163937502778,-0.644523183848122,-0.645823102629832,-0.647082049116225,-0.648284616787311,-0.649440761067193,-0.650562128713641,-0.651633981282312,-0.652673146452571,-0.653665225704707,-0.654616879555188,-0.65554310493777,-0.656425643017724,-0.657283599998618,-0.65810136607933,-0.658894695542276,-0.659651638049421,-0.660376632128729,-0.661055438750123,-0.661682833551593,-0.662294359577888,-0.662878268176125,-0.663438211470917,-0.663982996902701,-0.664502580063774,-0.665000635797103,-0.665486027395141,-0.665948175656744,-0.666399739028461,-0.666827378596715,-0.667244061143444,-0.667638026709441,-0.668025510522851,-0.668407820914889,-0.668802261176774,-0.66919896852032,-0.669568205003163,-0.669927566699462,-0.670266163821361,-0.67059799908307,-0.670919446531194,-0.671221404715485,-0.671517480513342,-0.671791478765034
"x8",0,0,0,0,0,0,0,0,0,0,0,0,0,0,0,0,0,0,0,0,0,0,0,0,0,0,0,0,0,0,0,0,0,0,0,0,0,0,0,0,0,0,0,0,0,0,0,0,0,0,0,0,0,0,0,0,0,0,0,0,0,0,0,0,0,0,0,0,0,0,0,0,0,0,0,0,0,0,0,0,0,0,0,0,0,-0.00494839496101382,-0.0139924635780944,-0.0209857659866029,-0.0268011953839371,-0.0322638987424221,-0.0375467026269189,-0.0430006944476309,-0.0417787923385602,-0.0387956334318078,-0.033521450153829,-0.0278157311487839,-0.0223524997213977,-0.0167849069281175,-0.0112910976099425,-0.00616416000399566,-0.000998131971569518,0,0,0,0,0,0,0,0,0,0,0,0,0,0,0,0,0,0,0,0,0,0,0,0,0,0,0,0,0,0,0,0,0.0019105822655428,0.0144067177812409,0.0268174072437959,0.0387538949518512,0.0501257287136763,0.0611778067003886,0.0717433900587167,0.0819095965170496,0.0916913845602092,0.101099338963853,0.110154030441745,0.118839291597056,0.127202886865988,0.135249607034142,0.142991025654857,0.150439816542223,0.157786950326516,0.165100052911894,0.172015706130861,0.178668964093307,0.185070243094303,0.191398583834534,0.197667640413716,0.203325015488211,0.208724984850128,0.213974167208825,0.21901128960336,0.223727027025775,0.228107328989661,0.232379057455723,0.236495559361835,0.240446397431774,0.244247766345589,0.247962806825156,0.251805272275401,0.255540845611042,0.25897563552251,0.263005213428615,0.267177143227209,0.271222520970882,0.275272429711741,0.279085919726359,0.282803981297299,0.286393269485024,0.290238523215556,0.293509272456773,0.296854745514587,0.300069339954996,0.303147308373051,0.306109080880148,0.308958522855268,0.311714196017101,0.31435118927939,0.316888280643414,0.31934404379894,0.321692187517176,0.323938105069934,0.325991127857227,0.327991389498981,0.329929363090596,0.331778871444628,0.333558455093961,0.335269380067568,0.336915048114227,0.338513678212465,0.340037494022622,0.341516311330408,0.342927766188086,0.34428295426712,0.345602408909998,0.346857949504011,0.348078452801425,0.349240182158004,0.350357093734725,0.351444969800874,0.352480420633439,0.35348784724874,0.354444647449104,0.35537877058314,0.356264132636518,0.357113956935957,0.357974264750308,0.358738390069043,0.359490397027865,0.360202821820161,0.360885697083257,0.361556864194482,0.362190703938445,0.362797412420849,0.363395478555254,0.363959059522305,0.364512026840907,0.365033214399827,0.365546421959038,0.366029688204698,0.366503653653149,0.366950025864442,0.367396696531407,0.367851138096671,0.368268341077864,0.368677613135092,0.369060236991053,0.36943842512727,0.369806075903347,0.370147671874556,0.370485028926587,0.370781606820596
"x9",0,0,0,0,0,0,0,0,0,0,0,0,0,0,0,0,0,0,0,0,0,0,0,0,0,0,0,0,0,0,0,0,0,0,0,0,0,0,0,0,0,0,0,0,0,0,0,0,0,0,0,0,0,0,0,0,0,0,0,0,0,0,0,0,0,0,0,0,0,0,0,0,0,0,0,0,0,0,0,0,0,0,0,0,0,0,0,0,0,0,0,0,0,0,0,0,0,0,0,0,0,0,0,0,0,0,0,0,0,0,0,0,0,0,0,0,0,0,0,0.0064533961245823,0.0108104539890949,0.0126128876445508,0.014723405100082,0.0164564198414021,0.0182285002406361,0.0203990195917421,0.0227639149132044,0.0259569704539625,0.0267304160822213,0.0276910415312102,0.0282254866071327,0.0288101419570587,0.0293978076514761,0.0295155618371589,0.025981916470637,0.0234705362395328,0.0211509216431292,0.0189786939294853,0.0168007272014272,0.0147919269345457,0.01285694076294,0.0109948298770925,0.00922587699431715,0.00750525970370667,0.00602410211997175,0.00457534358161574,0.00318164623432831,0.00185880729043665,0.000558552419935197,0,0,0,0,0,0,0,0,0,0,0,0,0,0,0,0,0,0,0,0,0,0,0,0,0,0,0,0,-0.00170341986734308,-0.00404780591142964,-0.00634162044841955,-0.00854368019146252,-0.0106577815302131,-0.01269224026158,-0.0146495848412625,-0.0165366067379838,-0.0183477067171762,-0.0200904569441262,-0.0217717876915717,-0.0233843466981028,-0.0249547024270097,-0.0265282071124643,-0.0280800139645898,-0.0295861106831794,-0.0310283497247615,-0.0324161770640031,-0.0337502053230695,-0.0350332972238657,-0.036276525474443,-0.0374643118652283,-0.0386141448073173,-0.0397145371496516,-0.0407711002892913,-0.0417970762619229,-0.0427752956086086,-0.0437239143119034,-0.0446288293942942,-0.0455000510602595,-0.0463453184835302,-0.0471522156192436,-0.0479349676876981,-0.048679767501891,-0.0494062439627253,-0.050095364517861,-0.0507510098002387,-0.0512860046465951,-0.0517579145755459,-0.0522194395673506,-0.0526582806997145,-0.0530797219528077,-0.0534911104485252,-0.0538812186885017,-0.0542556626030162,-0.0546223741734842,-0.0549690911417399,-0.0553077035730379,-0.0556282395416399,-0.0559429093808149,-0.0562405378432807,-0.0565308108248113,-0.0568667009121666,-0.0572500785036049,-0.0576550738561237,-0.0580304942874725,-0.0584007946882403,-0.0587469261304587,-0.0590894858487447,-0.0594220990216665,-0.0597306777768612,-0.0600360367169166,-0.0603095450926655
"x10",0,0,0,0,0,0,0,0,0,0,0,0,0,0,0,0,0,0,0,0,0,0,0,0,0,0,0,0,0,0,0,0,0,0,0,0,0,0,0,0,0,0,0,0,0,0,0,0,0,0,0,0,0,0,0,0,0,0,0,0,0,0,0,0,0,0,0,0,0,0,0,0,0,0,0,0,0,0,0,0,0,0,0,0,0,0,0,0,0,0,0,0,0,0,0,0,0,0,0,0,0,0,0,0,0,0,0,0,0,0,0,0,0,0,0,0,0,0,0,0,0.00312164996669291,0.00811624031978934,0.0130602233995945,0.0212680585590707,0.0294451054333488,0.0367456203239681,0.0434484946861186,0.0485428229188862,0.0552681498594767,0.0615296757180434,0.0678159795434562,0.0738560599449546,0.0796702036890101,0.0850656881184321,0.0908782414925265,0.0954068449686287,0.0997727461431688,0.103854470144043,0.107570583527844,0.111212363950677,0.11471699622704,0.118089592728356,0.121325621389209,0.124448394953222,0.127428609213714,0.13029891678199,0.13306087566211,0.135709635719438,0.138274697392062,0.140646849194621,0.143629193944961,0.146518401435953,0.149290729310312,0.151959329275287,0.154403301744825,0.156658617910311,0.159075131719024,0.161283467690871,0.163448009591382,0.165530467350544,0.167702078157153,0.169662488272125,0.171617841203327,0.173491531094078,0.175296463783054,0.177033409950554,0.178680281938838,0.180173696940684,0.181712476954844,0.183375813760602,0.184723068325633,0.185927792597228,0.187077823166968,0.188032504981217,0.188762151514855,0.189488342225917,0.190179949145762,0.19208045950366,0.19435940194045,0.196554052652055,0.198664988789411,0.200701062501617,0.202660390239275,0.204545602136272,0.206354381603284,0.20809918303439,0.20977830045097,0.211389356889331,0.212943273012149,0.214477896578155,0.216110688751053,0.21773117231663,0.219296795848069,0.220804517441612,0.22225563019156,0.22365059454817,0.224992644919263,0.22628472859632,0.227527058983002,0.228722305948355,0.229873316657195,0.230979406910106,0.232045160459911,0.233068826658956,0.234054544814451,0.235001909555668,0.235914582927197,0.236792537416522,0.237637029209733,0.238450019491802,0.239230252115839,0.239984301558926,0.240706288608508,0.241391100566251,0.241859848206933,0.242316390808166,0.242758011072549,0.24318492150414,0.243596108724977,0.243989212564839,0.24436874133449,0.244734711855688,0.245085112742274,0.245422612968326,0.245746892929146,0.246059199324264,0.246359903592138,0.246649073788343,0.246927192920183,0.247292873336776,0.247719842255005,0.24815836894296,0.248568261034788,0.248968637772945,0.249346118370848,0.249716276902574,0.250073553644731,0.250409004510252,0.250738674074572,0.251051476584039
"x11",0,0,0,0,0,0,0,0,0,0,0,0,0,0,0,0,0,0,0,0,0,0,0,0,0,0,0,0,0,0,0,0,0,0,0,0,0,0,0,0,0,0,0,0,0,0,0,0,0,0,0,0,0,0,0,0,0,0,0,0,0,0,0,0,0,0,0,0,0,0,0,0,0,0,0,0,0,0,0,0,0,0,0,0,0,0,0,0,0,0,0,0,0,0,0,0,0,0,0,0,0,0,0,0,0,0,0,0,0,0,0,0,0,0,0,0,0,0,0,0,0,0,0,0,0,0,0,0,0,0,0,0,0,0,0,0,0,0,0,0,0,0,0,0,0,0,0,0,0,-0.00103656956069293,-0.00444801981588496,-0.00771321372712252,-0.0108475655823114,-0.013864332938362,-0.0167282257733943,-0.0194309957376614,-0.0221270823303673,-0.0245634791715162,-0.0269947137658869,-0.0293230833247044,-0.0316230610382087,-0.0337626369229461,-0.0358738171241614,-0.0378974187401829,-0.0398412251055999,-0.0417120013502541,-0.0435298415931938,-0.0454040573943177,-0.0472820653533721,-0.0490359019183533,-0.0504450043479663,-0.0517083541658809,-0.0529328320405709,-0.0542578742139886,-0.0556700541439727,-0.057019261970339,-0.0583235448410125,-0.0598026411765715,-0.0609372911644469,-0.0621646354839103,-0.0633505574191246,-0.0644816771508262,-0.065569138466112,-0.0666156670405368,-0.0676300844943376,-0.0685997939931935,-0.069531908220046,-0.0704358627542954,-0.0712999206358415,-0.0721365596198426,-0.0728718249330643,-0.0736440047603289,-0.0744042855417431,-0.0751295159261361,-0.0758247275328028,-0.0764936035809086,-0.0771373450318605,-0.077763724534832,-0.0783624539532714,-0.0789427896241778,-0.0794971110923882,-0.0800284331105446,-0.0805449681028873,-0.0810394691989528,-0.0815184368148012,-0.0819764651972333,-0.0824147421725365,-0.0828409726946256,-0.0832491125889044,-0.0836444663509958,-0.0840228650488196,-0.0843885464369684,-0.0847391521404151,-0.0850725189544906,-0.0853542846608371,-0.0856352520872888,-0.0859022180982506,-0.0861587968346717,-0.0864036271979265,-0.0866394111523488,-0.0868679043598801,-0.0870863024987658,-0.0872961339346079,-0.0874998238132482,-0.0876956679436673,-0.0878845197338822,-0.0880652466271003,-0.0882396616817601,-0.0884078934870703,-0.0885926200616063,-0.0887857710085103,-0.088974805926885,-0.0891554506705586,-0.0893283193768448,-0.0894936285472475,-0.0896527525483257,-0.0898067790935815,-0.0899545663060923,-0.090096847427381,-0.0902276621318569
"x12",0,0,0,0,0,0,0,0,0,0,0,0,0,0,0,0,0,0,0,0,0,0,0,0,0,0,0,0,0,0,0,0,0,0,0,0,0,0,0,0,0,0,0,0,0,0,0,0,0,0,0,0,0,0,0,0,0,0,0,0,0,0,0,0,0,0,0,0,0,0,0,0,0,0,0,0,0,0,0,0,0,0,0,0,0,0,0,0,0,0,0,0,0,0,0,0,0,0,0,0,0,0,0,0,0,0,0,0,0,0,0,0,0,0,0,0,0,-0.00603269111412744,-0.0121766165769014,-0.0187318706890643,-0.0262002790697908,-0.0329775303809759,-0.0396457277160685,-0.04795316170462,-0.0561342191504764,-0.0638753126165602,-0.0711492770958116,-0.0771063269805539,-0.0827288620931371,-0.0881932390582716,-0.0935018107695279,-0.0986340095857726,-0.104017730604278,-0.109068279140944,-0.115804959724092,-0.122151015113706,-0.128082903217982,-0.133934336855622,-0.13968418650418,-0.145115078304518,-0.150342783858203,-0.155373018769932,-0.160212846954569,-0.164868929496755,-0.169503176298882,-0.173951974661715,-0.178231513928677,-0.182345426107754,-0.186313945326103,-0.189786208883127,-0.192221237103332,-0.194494404365644,-0.196692775038715,-0.198806756025697,-0.200699223504133,-0.202425683956241,-0.203991456719671,-0.205742971043696,-0.207278214883713,-0.208769913355133,-0.210258580651784,-0.211693905578288,-0.213040011508764,-0.214344433516325,-0.215602677998132,-0.216812813767745,-0.217981707558046,-0.219103415577666,-0.220109086559792,-0.22127049471053,-0.222838228665892,-0.224544004093594,-0.226182674606062,-0.227688756691897,-0.22895813764107,-0.23019945514884,-0.231390043240337,-0.232730631746841,-0.234437902567528,-0.23600052734921,-0.23748616733597,-0.238918139162029,-0.240297503398204,-0.241624188229983,-0.242900837275982,-0.244126835563275,-0.245307889275388,-0.246445515449406,-0.247536547362964,-0.248587588503881,-0.249647977926283,-0.250644272316108,-0.251604127479665,-0.252522336470659,-0.25340726115936,-0.254258940114558,-0.255077903813149,-0.255870190655453,-0.256625546742384,-0.257359184178251,-0.258057697972224,-0.25873120916702,-0.259385492232438,-0.260006878015831,-0.260612482190841,-0.261187175379149,-0.26174074148785,-0.262281339652647,-0.26279215307854,-0.263292161329323,-0.263764578410697,-0.264227560014934,-0.264664427824394,-0.265080878043408,-0.265412247585673,-0.265696392354109,-0.265981167568442,-0.266251648963359,-0.266512655601948,-0.266769335429561,-0.267010134143179,-0.267241710906665,-0.267470586117826,-0.267684543730304,-0.26789639093063,-0.268093930010848,-0.26828959906467,-0.268471598009653,-0.268653162203628,-0.268865478722522,-0.269111925996494,-0.269375921098486,-0.269616430855506,-0.26985499384532,-0.270076200239563,-0.27029713402132,-0.27051197508156,-0.270708790527241,-0.27090527905445,-0.271096356279308
"x13",0,0,0,0,0,0,0,0,0,0,0,0,0,0,0,0,0,0,0,0,0,0,0,0,0,0,0,0,0,0,0,0,0,0,0,0,0,0,0,0,0,0,0,0,0,0,0,0,0,0,0,0,0,0,0,0,0,0,0,0,0,0,0,0,0.00331072465528868,0.0129520514501004,0.0232646144278658,0.0331884927483322,0.042737961861326,0.0530353020554149,0.0633198128551973,0.0731568024018378,0.0826216891900211,0.0916389973956893,0.100075590265319,0.10819360551713,0.11600412856106,0.123758201849211,0.131300534879364,0.138658679353797,0.145811010983373,0.15286803693803,0.159125181295973,0.16315031503736,0.1672712447707,0.172122783350455,0.17734364846659,0.181877200006906,0.185873616524776,0.189860824816752,0.1936941234358,0.197637928009529,0.201427456124029,0.204648493169032,0.207378060172874,0.209946746596907,0.212400859047372,0.214641869933259,0.217253300412882,0.219792416220331,0.221744110896148,0.22414707860172,0.227905637546372,0.235308787356225,0.242923803397739,0.251580487087941,0.26060342863025,0.268988239798231,0.276850068431748,0.284490009943975,0.291223911252117,0.297625338628665,0.303783383935096,0.309720459119124,0.315381318536434,0.320920861661189,0.326048578285347,0.335762355490184,0.345390771131998,0.353990247134787,0.363153253524603,0.371723749484758,0.379871782687948,0.387192451029513,0.39416456400326,0.400929968954039,0.407433245054161,0.413676909443377,0.419469472853795,0.425247955152042,0.431521638032874,0.437457761156967,0.443622398926832,0.4495420294344,0.457725283005766,0.465527217202843,0.472847023374039,0.480151997414121,0.487722205690951,0.494726546482332,0.501468210201155,0.507954955623509,0.514199582110898,0.520202327866761,0.525810265986332,0.531242401714571,0.536467938145298,0.541491847519581,0.54633486449312,0.551017735144262,0.555850731268183,0.560428184485244,0.564839273643562,0.569082482852217,0.573041520436683,0.576803592397575,0.580493444626214,0.584236432092783,0.587720982255126,0.591078011393145,0.594376247138694,0.597553735293175,0.600601795226465,0.603541962030188,0.606367859218312,0.609086507200318,0.611697977720581,0.614156653116918,0.616544594086802,0.61912718738473,0.621885146154228,0.624699748323804,0.62741772194823,0.630085278702081,0.632598168393387,0.635039362897291,0.637392242807907,0.639943405265919,0.642761625885821,0.645498447172904,0.648114028758072,0.650620000756929,0.653031769520766,0.655351820268203,0.657595565768191,0.659742013846114,0.661807630243142,0.663807323889824,0.665718331993637,0.667549256435322,0.669164975419378,0.670757614842982,0.672312954641338,0.673794207428683,0.675217198322042,0.676587422650665,0.677905357489133,0.679187482670944,0.680407569709545,0.681596186296624,0.682723947215903,0.683808916948954,0.684867398402733,0.685872517727819,0.686854076526983,0.687784224755576,0.688675837808472,0.689551119228375,0.69037755991712,0.69118824038898,0.691954231715049,0.692703736410567,0.693412494443463,0.694089481324706,0.694719059870651,0.695274501203459,0.695821573881642,0.696339919653199,0.696836731509384,0.697325478236048,0.697786865410619,0.698228309418768,0.698663761625721,0.69907414478684,0.69947945079737,0.699859084798531,0.70023277332283,0.700582167736508,0.700929895154653,0.701280443736241,0.701655329237974,0.702045009665797,0.702403344085868,0.702755291666418,0.703083809757193,0.703408962050113,0.703725627324351,0.70401898910948,0.704308930304942,0.704580361290707
"x14",0,0,0,0,0,0,0,0,0,0,0,0,0,0,0,0,0,0,0,0,0,0,0,0,0,0,0,0,0,0,0,0,0,0,0,0,0,0,0,0,0,0,0,0,0,0,0,0,0,0,0,0,0,0,0,0,0,0,0,0,0,0,0,0,0,0,0,0,0,0,0,0,0,0,0,0,0,0,0,0,0,0,0,0,0,0,0,0,0,0,0,0,0,0,0,0,0,0,0,0,0,0,-0.00137809632677116,-0.0110698130614168,-0.0207110932389559,-0.0306441561244046,-0.0406610064124256,-0.0501921045030548,-0.0592970545561944,-0.0696134943459169,-0.0800449783215645,-0.0902068507729022,-0.0999893813876863,-0.109530833915037,-0.119516246896476,-0.130009662468487,-0.139819165488169,-0.149361781975519,-0.158368003624766,-0.167461780694121,-0.181783187282847,-0.197005034171124,-0.211419816485748,-0.22496747580453,-0.238189001585416,-0.251289363729211,-0.264173271653175,-0.277887082265972,-0.289955740664069,-0.301851335666242,-0.313569200511893,-0.324805360267274,-0.335565751694467,-0.346226109612144,-0.359964733829503,-0.373047672385778,-0.385884701812726,-0.398370097798994,-0.410982861077301,-0.42287462791532,-0.434315144293501,-0.445323244149951,-0.455916873821142,-0.466105082293202,-0.475590793579312,-0.484768990870114,-0.49359953589366,-0.502097636145221,-0.510273049217867,-0.517895102924983,-0.525127628119918,-0.532165867653978,-0.538926383706294,-0.545431674656969,-0.551709230073014,-0.557879689459283,-0.564447255616836,-0.570854689091467,-0.576958901997279,-0.582833394507559,-0.588857835505399,-0.594524933499859,-0.600067310759686,-0.60540401713874,-0.610531390590495,-0.615464239798078,-0.62014244377969,-0.624237972437296,-0.628294777242016,-0.632290765150728,-0.636550903507384,-0.640801742801493,-0.644892473479657,-0.648853373955799,-0.652600803245457,-0.656248250596754,-0.659761927454399,-0.663366647366887,-0.667109663639692,-0.670728179990218,-0.674209908873146,-0.677551989640051,-0.680766411996816,-0.683858732688323,-0.686843585950915,-0.689706698947835,-0.692460665013945,-0.695120296798648,-0.697669974583113,-0.700112535293704,-0.70228017122964,-0.70441669699673,-0.706489387289074,-0.708474735634693,-0.710384186358265,-0.712220244128951,-0.713986414695247,-0.7156973889901,-0.717333581711,-0.718917704194945,-0.720432855600144,-0.721888488490964,-0.723300576765362,-0.724649061656232,-0.725956404888197,-0.72720459076867,-0.728404403771244,-0.729569210741704,-0.73068102366511,-0.731760002743096,-0.732788509104741,-0.733788352669635,-0.734740208490033,-0.735652154281182,-0.736528785941555,-0.737330381534162,-0.738115503051419,-0.738862972275361,-0.739579965415448,-0.74027927060851,-0.740943968326052,-0.741581403524385,-0.742204547295734,-0.742795916928535,-0.74337287580677,-0.743920188210685,-0.744455102551353,-0.744961953595097,-0.745456762649512,-0.74594196583717,-0.746434450118731,-0.746928788187732,-0.747387155558864,-0.747834193865229,-0.748255319130695,-0.748668636539745,-0.749069062651597,-0.749444478119218,-0.749812962183857,-0.750149199557317
"x15",0,0,0,0,0,0,0,0,0,0,0,0,0,0,0,0,0,0,0,0,0,0,0,0,0,0,0,0,0,0,0,0,0,0,0,0,0,0,0,0,0,0,0,0,0,0,0,0,0,0,0,0,0,0,0,0,0,0,0,0,0,0,0,0,0,0,0,0,0,0,0,0,0,0,0,0,0,0,0,0,0,0,0,0,0,0,0,0,0,0,0,0,0,0,0,0,0,0,0,0,0,0,0,0,0,0,0,0,0,0,0,0,0,0,0,0,0,0,0,0,0.00766270027504751,0.0176192285088713,0.0264597542539346,0.0335380723862578,0.0410565976291519,0.0471323922641421,0.053481743586386,0.060473400228416,0.0662757320589113,0.072021686014059,0.0762353074974041,0.0803957468191084,0.084057254860242,0.0876970721633349,0.0908221030911651,0.0928322342434141,0.0951873028477661,0.097515613531003,0.0998117818486276,0.10207960411273,0.104257397899952,0.106353439726128,0.108386890723957,0.110325839825248,0.112074118602808,0.113764327275836,0.11539071322678,0.11696822912665,0.118471909353481,0.119578077387502,0.120016434531967,0.120693023347061,0.121315398920187,0.121916162365719,0.122572660564952,0.123335823610868,0.124711797645779,0.126007063692141,0.127218221409923,0.128394014521315,0.129445559586587,0.130355679247451,0.131317282794289,0.132238434954694,0.133124757160274,0.133976941794609,0.134662311154423,0.134634111121913,0.134694865213669,0.13465410823736,0.134947251603686,0.135300846717342,0.135619615392,0.135966455748217,0.136528722013731,0.137045357335421,0.13754276062467,0.138185045934966,0.138925474521291,0.13959037914465,0.140253523111771,0.140894504447603,0.141508828590821,0.142099805435335,0.142666802894692,0.143216017041912,0.143742927019733,0.14424778068997,0.14473723599205,0.14521204813873,0.145477842631449,0.145812602012106,0.146147912785809,0.146472922351185,0.146781962576566,0.147080793099297,0.147368373476899,0.147643980614631,0.147912527248611,0.148170606090492,0.14841740210959,0.148655921490158,0.148883215899562,0.14910504827352,0.149318272023916,0.149523991557779,0.149719326555474,0.149908783749108,0.150090031761511,0.150266263506109,0.150436373117544,0.150597759052544,0.150755344833619,0.150909801084836,0.151091082635859,0.151284286837887,0.151472710800292,0.151654088693068,0.151827952911226,0.151994509079674,0.152155429993222,0.152310403357041,0.152458938525005,0.15260244848411,0.152742136045835,0.152875617282224,0.153003624420358,0.153125531722136,0.153245865827743,0.153338503025797,0.153411451768982,0.153467647536056,0.153520699947644,0.15356911493345,0.153617282298298,0.153661562813039,0.153702622278597,0.15374492199214,0.153784347994247,0.153818595643001
"x16",0,0,0,0,0,0,0,0,0,0,0,0,0,0,0,0,0,0,0,0,0,0,0,0,0,0,0,0,0,0,0,0,0,0,0,0,0,0,0,0,0,0,0,0,0,0,0,0,0,0,0,0,0,0,0,0,0,0,0,0,0,0,0,0,0,0,0,0,0,0,0,0,0,0,0,0,0,0,0,0,0,0,0.00125745228729613,0.00813403577647271,0.014436507578198,0.0211692202234686,0.028023744815038,0.0347416942166644,0.0405974057458949,0.0429911686610428,0.0450572792668499,0.0472360658863099,0.0507229560543881,0.0546557075831407,0.0582361577026322,0.0615477940490139,0.0647683937122045,0.0680560163948201,0.0713536415324252,0.0752049020732681,0.0793451436530091,0.0827268394670512,0.0850597977770308,0.0894752004739868,0.0935651006848203,0.0969919604212863,0.0997877870646152,0.102320710696832,0.104716405134347,0.108129896122974,0.112156078884317,0.116211214221185,0.120110356433326,0.12374771130314,0.127606675736845,0.131625807393136,0.135551056807209,0.137637545194429,0.139138614015301,0.141104036989914,0.138486282393563,0.135085666081007,0.132301663577142,0.130496637955815,0.128276369953289,0.126671872440676,0.124956088641613,0.123525046935835,0.125406144696884,0.126878304389727,0.128906315632262,0.130759729436427,0.132742141513292,0.134671995160071,0.13842581744503,0.143164029637622,0.147638444423938,0.151989797985487,0.156153937668981,0.160080064095648,0.163861259507903,0.167499004728583,0.170981631135429,0.174346153751779,0.177513823478412,0.180577435157287,0.18352519674872,0.18635102940359,0.189081817491379,0.191823931810845,0.19455510621479,0.196989530429915,0.19935649736415,0.201632316345622,0.20384728319661,0.206001888971129,0.207238866104333,0.20846401769274,0.20967405664057,0.210829019654466,0.211885722397764,0.212986394058306,0.213974146009998,0.214929084856124,0.215846356357948,0.216729376175926,0.217627052601541,0.218717547670377,0.21972862991281,0.220730594883436,0.221232617320674,0.221533366864056,0.22182192582262,0.222100587950788,0.222324570145066,0.222533841211778,0.222733071842407,0.22288667100195,0.222834262836684,0.222842647827118,0.222834315700799,0.222827861936633,0.222823396982957,0.222819023820119,0.222814520871174,0.222808765878448,0.222804706903602,0.222800851103621,0.222795492108601,0.222770105138975,0.222734897001545,0.222683611163136,0.222619370067161,0.22255618789683,0.222499313728942,0.222443147986122,0.222389169612194,0.222337177744937,0.222285237637832,0.222234586603388,0.222188444505275,0.222143382255698,0.222100521730021,0.22205785136642,0.222015656515276,0.221976145543916,0.221940733082332,0.22190350506925,0.221870347872228,0.221835052032604,0.22180260169756,0.221771456758751,0.221741463870577,0.221714116593581,0.221724583042657,0.221729002976846,0.221733588281284,0.221738348714124,0.221743208660482,0.22174896597165,0.221753802591107,0.221758016838584,0.221762905226764,0.221767207245265,0.221769723112404,0.221773320336301,0.221776906331453,0.221781753434807,0.221783305493348,0.221771458053225,0.221743489923667,0.221713014615323,0.221685101237023,0.221656951419957,0.221630789268608,0.221604863770357,0.221580300856367,0.22155722245842,0.221534025739157,0.221517506029489
"x17",0,0,0,0,0,0,0,0,0,0,0,0,0,0,0,0,0,0,0,0,0,0,0,0,0,0,0,0,0,0,0,0,0,0,0,0,0,0,0,0,0,0,0,0,0,0,0,0,0,0,0,0,0,0,0,0,0,0,0,0,0,0,0,0,0,0,0,0,0,0,0,0,0,0,0,0,0,0,0,0,0,0,0,0,0,0,0,0,0,0,0,0,0,0,0,0,0,0,0,0,0,0,0,0,0,0,0,0,0,0,0,0,0,0,0,0,0,0,0,0,0,0,0,0,0,0,0,-0.000630035746903406,-0.0096936418021175,-0.0178859755042073,-0.0264692447370996,-0.034528395004199,-0.0420228636556808,-0.0492403212092406,-0.055883769366836,-0.062488494977867,-0.0687972608150686,-0.0747662202743302,-0.0803948270663822,-0.0857727751861729,-0.0909512884388086,-0.0959335222123587,-0.100707172779307,-0.105319213256492,-0.109656658577965,-0.113842137630776,-0.11786962310695,-0.121727223723749,-0.125458752803231,-0.128937621347712,-0.132467013815225,-0.135636930200957,-0.138708395101401,-0.141662869903386,-0.14455499303298,-0.147400756133763,-0.149672458582764,-0.151772579129175,-0.153883140150829,-0.155897384471771,-0.157906879996475,-0.1601001488212,-0.162087449557026,-0.163997602944597,-0.165832509146153,-0.167598837377392,-0.169347370448385,-0.171291644994307,-0.173117180420056,-0.174810584876211,-0.176497053463025,-0.178142677906798,-0.179748842910466,-0.181417010011472,-0.183063962613398,-0.184643060373068,-0.186168013921895,-0.187988460989616,-0.189595259693529,-0.191314004722366,-0.192951663417558,-0.194512374171318,-0.19601524410204,-0.197461381794651,-0.198864442801102,-0.200202004378381,-0.201489283261217,-0.202739876897103,-0.20393102118128,-0.205092499127454,-0.206320306525063,-0.207520877235234,-0.208688483718634,-0.209796243362543,-0.210861107030453,-0.211885606074061,-0.21287108335832,-0.213833310719154,-0.214746235176039,-0.215636448151815,-0.216481521481904,-0.217292480807038,-0.218086566379688,-0.218839071928008,-0.219573987602082,-0.220270226422564,-0.220937833847228,-0.221593074335838,-0.222213314605,-0.222820138824812,-0.223393811236402,-0.223955732703402,-0.224486733669678,-0.224994855603509,-0.225520406838406,-0.225972087323866,-0.226410325653996,-0.226823588658864,-0.227218773133079,-0.227609130193209,-0.227977286729681,-0.228328492891383,-0.228676080561102,-0.229003460231534,-0.229325847110138,-0.229628412243821,-0.229926661571868,-0.23020652027125,-0.230482837105739,-0.230738682453062,-0.23099818207241,-0.231270675333768,-0.231525754623635,-0.231776865194489,-0.232011967400138,-0.232244202703201,-0.232471413632242,-0.23268236956445,-0.232889944079928,-0.233077485030106
"x18",0,0,0,0,0,0,0,0,0,0,0,0,0,0,0,0,0,0,0,0,0,0,0,0,0,0,0,0,0,0,0,0,0,0,0,0,0,0,0,0,0,0,0,0,0,0,0,0,0,0,0,0,0,0,0,0,0,0,0,0,0,0,0,0,0,0,0,0,0,0,0,0,0,0,0,0,0,0,0,0,0,0,0,0,0,0,0,0,0,0.0103788189251385,0.0211732639209357,0.0321559789782708,0.0410727029479343,0.0496293525682013,0.0594084276377926,0.0694399284186317,0.0789781178182535,0.0878628706771486,0.095950738721078,0.103929199869959,0.111235540952969,0.118083284522773,0.124611826917635,0.132404431125002,0.139422581660194,0.145553777959385,0.150986274046792,0.155747586095579,0.160524937220721,0.166333908119336,0.173814688224588,0.181324639577814,0.188517591868282,0.195508674314949,0.201921666736489,0.208327892223707,0.214242125625931,0.220811731719398,0.227619754424321,0.234562192016437,0.241681086018419,0.248713442842268,0.25585391128105,0.264786935449331,0.273530108116176,0.280878771703874,0.287927805259703,0.293472781278235,0.302695526663763,0.311304719460596,0.319503163081807,0.327409201968868,0.334478815487038,0.341679966589051,0.349706889866943,0.357479081679807,0.364758639066712,0.371935014946992,0.378692833101295,0.385220666866711,0.391502329956718,0.397545889311185,0.40334691228516,0.408942602924482,0.414372858527871,0.419584199700117,0.424598744988365,0.429417574147544,0.434051245587431,0.438524563308255,0.442980711122871,0.447264536268128,0.451384650086573,0.455349445663687,0.459334121489525,0.46343917984373,0.467607487205798,0.471323739966,0.475113692899031,0.47873528121904,0.482504519139873,0.485944596136224,0.489342512210238,0.492618111381773,0.495753683799878,0.498770972174251,0.501732107908523,0.50485733825473,0.507978860125733,0.510730597819309,0.513219669538264,0.515529267054529,0.517766764472958,0.520076442900793,0.522209829241126,0.524325758209875,0.52637411962599,0.52865412317962,0.530716310284612,0.532851155723224,0.534907938673124,0.536868892922307,0.53875455206807,0.540568805307117,0.542330584616401,0.544010931522944,0.545626397069095,0.547196665202984,0.548693327922604,0.550145912690447,0.551674976075008,0.553132178589541,0.554552609565646,0.555906904454366,0.557209005841944,0.558459781970114,0.559662825353048,0.560836149581071,0.561952339990251,0.563037253166775,0.56407211501213,0.565063293358463,0.566031691870186,0.566951773668809,0.567847169018762,0.568698603622393,0.569516668659571,0.57031421480585,0.571074282941755,0.571813427459596,0.572515159720382,0.573201311876945,0.57385100378292,0.574470580548821,0.575042351633178,0.57556254195828,0.57607015551873,0.576550655902793,0.577009647328536,0.577460217014162,0.577887661476344,0.578295924143845,0.5786972251996,0.579077712302489,0.579449226269337,0.57980134891615,0.580146379753703,0.580473714700229,0.580792424540869,0.581125685059781,0.581473057831064,0.581827380774136,0.582155939858309,0.582476452513873,0.582777457910402,0.583073222759957,0.583361336007797,0.583630766640902,0.583894940685584,0.58411541460834
"x19",0,0,0,0,0,0,0,0,0,0,0,0,0,0,0,0,0,0,0,0,0,0,0,0,0,0,0,0,0,0,0,0,0,0,0,0,0,0,0,0,0,0,0,0,0,0,0,0,0,0,0,0,0,0,0,0,0,0,0,0,0,0,0,0,0,0,0,0,0,-0.00599334931700995,-0.0147547635549097,-0.0229705394899594,-0.0309232151001368,-0.0389396018587907,-0.0477232874668783,-0.0561459492475943,-0.064260783219754,-0.071906035608441,-0.0783929541816045,-0.0838562758107804,-0.0891875472684531,-0.0943265699168644,-0.09963555161915,-0.107421694501402,-0.114443444926915,-0.120542416515677,-0.125778563954506,-0.132416840610302,-0.13877603763092,-0.150734186312481,-0.162687154325847,-0.1747659148685,-0.185968635565073,-0.19715954194106,-0.209405339924325,-0.221846103673989,-0.233692000140379,-0.245563375229701,-0.257663328530505,-0.270395116715261,-0.282976705631449,-0.294044568297674,-0.302953951517898,-0.31382566856435,-0.323582504266264,-0.331106510826098,-0.336101835117846,-0.340199826300269,-0.344034790364329,-0.349220592059406,-0.356726795599306,-0.364390721538239,-0.371721295692658,-0.379388923984867,-0.386397582310374,-0.392814051893027,-0.399122501082692,-0.405105162681768,-0.41084457892882,-0.417557230575286,-0.424352916517587,-0.431512514875253,-0.438734910039128,-0.447602768489076,-0.456398767623671,-0.46204348410844,-0.467734939672132,-0.471413146202673,-0.472238792260989,-0.473168208024814,-0.472528956085291,-0.472166873409433,-0.471920649903808,-0.472128305418676,-0.475985517803112,-0.480110395276851,-0.483881847257947,-0.487858834306142,-0.4917196148212,-0.495457143763327,-0.499051012747335,-0.502508964759879,-0.50585461559198,-0.509053434125858,-0.512108875746857,-0.515049914517177,-0.517879107811019,-0.520620400247253,-0.523228766650616,-0.525832524809673,-0.528020428388001,-0.530339696092269,-0.532548071936434,-0.534673666595799,-0.536908087431429,-0.539403298043843,-0.541972815460025,-0.544268960432956,-0.546601478562144,-0.548840204409162,-0.551082082380837,-0.552888420086762,-0.554769731564839,-0.556594732568151,-0.558336285818941,-0.56001118435222,-0.561577236838192,-0.56278877873793,-0.564094831815013,-0.565254183991029,-0.56595530177984,-0.566425459476246,-0.566847542167071,-0.567243788926076,-0.567477080767639,-0.567762420347716,-0.56803969988226,-0.568304275072703,-0.568721745485402,-0.569039358911972,-0.569357963540009,-0.569669595479765,-0.569967844121409,-0.570254353191697,-0.570529794562256,-0.570796196884273,-0.571051914808737,-0.571297301970019,-0.571534562199751,-0.571732934429695,-0.571732530483733,-0.571725230578547,-0.571718219956006,-0.571716318605986,-0.571714757944793,-0.571713003285409,-0.571711264154936,-0.571706930959574,-0.571705700893199,-0.571702559809148,-0.571701500690843,-0.571701213687304,-0.571697855171623,-0.571697022959415,-0.571694418500175,-0.571693962130186,-0.571694130587852,-0.571691639206979,-0.571691057690361,-0.571688905584047,-0.57168888045376,-0.57168683435262,-0.571686972681798,-0.571685043239963,-0.571611260641791,-0.571580191713141,-0.57155511486235,-0.571535456044264,-0.571516918749147,-0.571494976324392,-0.571477234863659,-0.571461146491955,-0.571441647072296,-0.571426383642957,-0.57140897488441,-0.571395442146589,-0.571379020376318,-0.571366252558487,-0.57135167519218,-0.571373673921363,-0.571404726103056,-0.57142456015624,-0.571439935258989,-0.571450638442988,-0.571461962551902,-0.571470911546723,-0.571478115435891,-0.571487313666218,-0.571494866986683,-0.571492547621387
"x20",0,0,0,0,0,0,0,0,0,0,0,0,0,0,0,0,0,0,0,0,0,0,0,0,0,0,0,0,0,0,0,0,0,0,0,0,0,0,0,0,0,0,0,0,0,0,0,0,0,0,0,0,0,0,0,0,0,0,0,0,0,0,0,0,0,-0.00497802150158075,-0.0143228279433249,-0.0233145065906161,-0.0319659171166395,-0.0359034702440616,-0.0377634400375519,-0.0397870409262735,-0.0416994579468364,-0.0432998831187086,-0.044126820447854,-0.0449437054980718,-0.045721944112967,-0.0468130567358856,-0.0499124631014673,-0.0536743760450978,-0.0573185077507419,-0.0609620929242059,-0.064326496428121,-0.0671265560779371,-0.0708359725381912,-0.0756181707104923,-0.0808914390063494,-0.0937766451641383,-0.109772672280563,-0.126868642247097,-0.143427551394185,-0.159763300712066,-0.17567409661888,-0.190638455980943,-0.205045885166882,-0.2187801738534,-0.23202275403314,-0.24371911292146,-0.254041555449679,-0.264336920056082,-0.273567700938175,-0.282697006673068,-0.2925936717778,-0.301548546694323,-0.310043891679304,-0.315981965511197,-0.322085212354153,-0.328403090319688,-0.334878152682128,-0.341571555819068,-0.347503099596802,-0.353038090770821,-0.358351940908489,-0.362504653554414,-0.366037108836555,-0.36993696252272,-0.373501947820511,-0.376827832075189,-0.380734579528061,-0.385588780161289,-0.390852081196366,-0.396925419790302,-0.402285045902496,-0.405931925656235,-0.409560918594046,-0.41530266731865,-0.420639553685029,-0.427038338456996,-0.434132290690899,-0.440901597850687,-0.448645702142436,-0.455923782866438,-0.462352479505289,-0.468883058271054,-0.47445970697005,-0.479723618135197,-0.484879636650482,-0.489716471770995,-0.494196272138216,-0.498546156432601,-0.502730845114258,-0.506756742440094,-0.510609272025824,-0.514337437466592,-0.517949074295725,-0.52141359390813,-0.524748119528332,-0.527944908800319,-0.531027052991937,-0.534157259582717,-0.537445759375097,-0.540558773063308,-0.543560455289617,-0.546449115444381,-0.549288122575511,-0.551970745373606,-0.554806085534083,-0.55744739500277,-0.560037702569823,-0.562512330449075,-0.564884539822491,-0.567038569853489,-0.569210427468521,-0.571291318964107,-0.573287592617798,-0.575209012978938,-0.577117286088456,-0.579296407708095,-0.581483289323308,-0.583306658327522,-0.585179125997359,-0.587007956835551,-0.588801113178516,-0.59059853151858,-0.592386701392693,-0.594125156108181,-0.595806269202495,-0.59745270396304,-0.598597228316941,-0.599885804886491,-0.60113290570653,-0.602317092515647,-0.603455191340358,-0.604550486264901,-0.605615898374345,-0.606631051379845,-0.607606171409967,-0.608555697102037,-0.609460100170903,-0.610334577671187,-0.611230723861472,-0.612102864239762,-0.612951736565816,-0.613760107518055,-0.614537062803059,-0.615282248085,-0.61599904058747,-0.616700035518797,-0.617366249575692,-0.618013181954754,-0.618631936598456,-0.619222256830112,-0.619800613315266,-0.62034978248207,-0.620883595071541,-0.621391705728852,-0.621879905206698,-0.622354941720798,-0.622809658789819,-0.623250190697042,-0.623668884692976,-0.624078881907997,-0.624466414938798,-0.624836193192755,-0.625262700622186,-0.62565138907597,-0.626029213415215,-0.626382892022611,-0.626719617087599,-0.627053237598298,-0.627367572269276,-0.627666802640988,-0.627963913423484,-0.628243418244046,-0.628517622254515,-0.628776131829087,-0.629031766451241,-0.629273060243322,-0.629508046713155,-0.629718517488052,-0.629901753163363,-0.630079678883718,-0.63024275137068,-0.630402977367402,-0.630553239499014,-0.630701548054522,-0.630846565149079,-0.630981786494963,-0.631114751056036,-0.631221825459125
"x21",0,0,0,0,0,0,0,0,0,0,0,0,0,0,0,0,0,0,0,0,0,0,0,0,0,0,0,0,0,0,0,0,0,0,0,0,0,0,0,0,0,0,0,0,0,0,0,0,0,0,0,0,0,0,0,0,0,0,0,0,0,0,0,0,0,0,0,0,0,0,0,0,0,0,0,0,0,0,0,0,0,0,0,0,0,0,0,0.0117890460167934,0.0273011325543413,0.0427450023870719,0.0576253662569918,0.072365951188384,0.0873553411505944,0.101777123441428,0.115635599874198,0.12893479755849,0.141720949827093,0.153399295884639,0.164131546300655,0.175932955556151,0.186900293055629,0.196715319678124,0.205629255001224,0.214486309936172,0.222550061415225,0.229429029551264,0.236582101160989,0.243249924307183,0.249715534149147,0.256384663008315,0.263548617078506,0.270402164056164,0.276972031721698,0.282894358070642,0.288661716672657,0.294633224990125,0.300161090245846,0.305282297196315,0.310825359239662,0.318363434495716,0.326885617635253,0.336678294874153,0.345631425695693,0.35444877856693,0.363631522440112,0.373638059898366,0.3831780469583,0.39291871918591,0.40135795756098,0.410348510363765,0.424371030541849,0.437620804409682,0.45016708576204,0.462878958082402,0.47841038692167,0.493691695604294,0.508202718810571,0.522401208400717,0.536238235717705,0.549414968906863,0.562093428685922,0.574291716060041,0.586013481935173,0.597306361006675,0.608055436700444,0.618417481197335,0.6283879702849,0.637972099998203,0.64719632841265,0.655885882980828,0.664308047625518,0.672317295380387,0.680029076448264,0.68744900781463,0.694689151678251,0.701781779961792,0.709272283887064,0.716515392156005,0.723530989498858,0.730259060987835,0.736737487674841,0.742714898492226,0.748611920845829,0.754287278456716,0.759733279811763,0.764973400262765,0.770080799685587,0.775336488588222,0.780507712818419,0.785117765070512,0.789595072994105,0.79387286204715,0.798021775924786,0.802172884869713,0.806239603939675,0.81018535843434,0.81399866953227,0.817798083968013,0.821287521733354,0.824827356840382,0.828241533321506,0.831502001469507,0.834637028627069,0.837653345613657,0.840577181466615,0.843370888050931,0.846056710478196,0.84866242212169,0.851150608910116,0.853546728379834,0.85586314816942,0.858088352244854,0.860250814826801,0.862313286945385,0.864295031763473,0.866200318286011,0.868032923429981,0.869817281085756,0.87151689357371,0.873168476535448,0.874742423548128,0.876252092301055,0.87772471100766,0.879125412631321,0.880488665709742,0.881784835299017,0.883028827293161,0.884243273624991,0.885398266317053,0.886523728873924,0.887591576654056,0.888634749999777,0.88962306995076,0.890571214017228,0.89161930447395,0.892560713257714,0.893481465687053,0.894349491822389,0.895179195311681,0.895996896862278,0.896768548307324,0.89750561698896,0.898234054039855,0.898920165228905,0.899594433305915,0.900228885144893,0.900854579113781,0.901443155529217,0.902021357644836,0.902531096939796,0.903003497828681,0.903473453139083,0.903905147087629,0.904328777515625,0.904725577955122,0.905117440641269,0.905499286601425,0.905854548768067,0.906204724896287,0.906513831710117
"x22",0,0,0,0,0,0,0,0,0,0,0,0,0,0,0,0,0,0,0,0,0,0,0,0,0,0,0,0,0,0,0,0,0,0,0,0,0,0,0,0,0,0,0,0,0,0,0,0,0,0,0,0,0,0,0,0,0,0,0,0,0,0,0,0,0,0,0,0,0,0,0,0,0,0,0,0,0,0,0,0,0,0,0,0,0,0,0,0,0,0,0,0,0,0,0,0,0,0,0,0,0,0,0,0,0,0,0,0,0,0,0,0,0,0,0,0,0,0,0,0,0,0,0,0,0,0,0,0,0,-0.00163271677944205,-0.0124643003335117,-0.0225962263407506,-0.032154841616364,-0.0416758824785493,-0.0537788048984556,-0.0656524881519348,-0.0768739963283052,-0.0878027359863374,-0.0987577291950298,-0.109059776650055,-0.118973321332392,-0.128511280728825,-0.13766632833342,-0.146498450473728,-0.154750378945066,-0.162735999854,-0.170419980895271,-0.177801563903441,-0.184911692742708,-0.191288168520131,-0.19726026217551,-0.202971586086282,-0.208472434949113,-0.213764681400472,-0.218781626499605,-0.223453806878033,-0.228460462677962,-0.233363711026523,-0.238122728224515,-0.242684331192155,-0.247284789198821,-0.251493687219576,-0.255669987998477,-0.259692195483201,-0.263550816684068,-0.267263488448097,-0.270902079509879,-0.274731643336496,-0.278501954759526,-0.282032536472324,-0.285454315139187,-0.288751774256062,-0.291958113299118,-0.295249528984446,-0.298456360519217,-0.301576378132097,-0.304595369273265,-0.307781777451937,-0.310899710056466,-0.314044756203802,-0.317073666390935,-0.319963152893639,-0.322741950437071,-0.325415494109515,-0.328009710410458,-0.330485462911188,-0.332865853004735,-0.335178025193538,-0.337382894203685,-0.339535764845055,-0.341746187731999,-0.343868559737406,-0.345934242769639,-0.347903485696805,-0.349797133240181,-0.351616350264633,-0.353366181322282,-0.355072219990437,-0.356694840194476,-0.358272344688276,-0.35977653549684,-0.361217715054376,-0.362625825228338,-0.363963057679319,-0.365264973892021,-0.366502376441755,-0.36769144571089,-0.368851148299823,-0.369955464373936,-0.371030033716203,-0.372049451236277,-0.373047014951883,-0.373990543983503,-0.37489699219528,-0.375901732089786,-0.376780853150277,-0.377640202393819,-0.378450104703908,-0.379224358674508,-0.379988388384395,-0.380708632826276,-0.381396350512702,-0.382076928649366,-0.382717265686128,-0.383345664836329,-0.38393757819571,-0.384522116362087,-0.385072812907408,-0.385611381717908,-0.386082383707047,-0.386529778289215,-0.386985779736086,-0.38740643155714,-0.387819927261244,-0.388206407010758,-0.388588631463287,-0.388961896317299,-0.389308037114455,-0.389649551559749,-0.389950229996966
"x23",0,0,0,0,0,0,0,0,0,0,0,0,0,0,0,0,0,0,0,0,0,0,0,0,0,0,0,0,0,0,0,0,0,0,0,0,0,0,0,0,0,0,0,0,0,0,0,0,0,0,0,0,0,0,0,0,0,0,0,0,0,0,0,0,0,0,0,0,0,0,0,0,0,0,0,0,0,0,0,0,0,0,0,0,0,0,0,0,0,0,0,0,0,0,0,0,0,0,0,0,0,0,0,0,0,0,0,0,0,0,0,0,0,0,0,0,0,0,0,0,0,0,0,-0.00681769882862783,-0.0154652021757174,-0.0242931619884887,-0.0327620229712413,-0.0416175595346528,-0.0496263337561014,-0.0567196972068257,-0.0598256514699176,-0.0628894593348219,-0.0659204704677351,-0.0688049163413295,-0.0709904080745082,-0.0729718102585517,-0.0749853409450703,-0.0767640422401899,-0.077975928274302,-0.0793335810989595,-0.0806407175336176,-0.0818987236735998,-0.0831106805414992,-0.084275638107208,-0.0857044106615757,-0.0870322011716873,-0.0883091587727286,-0.0895335084828111,-0.0907193006241103,-0.0923160879935596,-0.0945448359953386,-0.0965969845031009,-0.0985752294942035,-0.100479165624425,-0.102438898999605,-0.10469052764737,-0.106844606897508,-0.108864878768056,-0.110793097147202,-0.112652211547738,-0.114261998421784,-0.116012944402048,-0.117592696907297,-0.119104994917794,-0.120564248746275,-0.121968490872521,-0.123348272801596,-0.124868441195601,-0.126252689527647,-0.127244323431627,-0.128228970882838,-0.12914174897512,-0.13001506102774,-0.130788426571413,-0.13154883514066,-0.132258836055902,-0.132937208174881,-0.13359895039864,-0.134289545982498,-0.134931205557785,-0.135548711985084,-0.136146688934252,-0.136721969813668,-0.137275577752441,-0.137803770463406,-0.138316218200577,-0.138809282532442,-0.13927952379065,-0.139735892466901,-0.140181875981973,-0.14061222948141,-0.14105789097021,-0.14148503069187,-0.141895939667488,-0.142289866639051,-0.142670310410633,-0.143036292804585,-0.14338703456497,-0.14372557191637,-0.144051690148956,-0.144363473751236,-0.144665053678164,-0.144954254775996,-0.145233050027614,-0.145502181610061,-0.14576008438084,-0.14600705741181,-0.146246968447247,-0.146475029008671,-0.146697220696184,-0.146909397667177,-0.147113864149071,-0.14731008104449,-0.147495233433865,-0.147604795527522,-0.147722380992936,-0.147836053275232,-0.147945368062574,-0.148050659744788,-0.148151058050045,-0.148247861901735,-0.148341407770537,-0.148430980848142,-0.148516824048761,-0.14860084433763,-0.1486801672183,-0.148756975941914,-0.148829071168404,-0.148901319570892,-0.149004044365137,-0.149125730279036,-0.149248435570521,-0.149360873857379,-0.149472130499519,-0.149576450956747,-0.149679847231524,-0.149779249207807,-0.149871816300071,-0.149963980875196,-0.150058235753456
"x24",0,0,0,0,0,0,0,0,0,0,0,0,0,0,0,0,0,0,0,0,0,0,0,0,0,0,0,0,0,0,0,0,0,0,0,0,0,0,0,0,0,0,0,0,0,0,0,0,0,0,0,0,0,0,0,0,0,0,0,0,0,0,0,0,0,0,0,0,0,0,0,0,0,0,0,0,0,0,0,0,0,0,0,0,0,0,0,0,0,0,0,0,0,0,0,0,0,0,0,0,0,0,0,0,0,-0.013790562077449,-0.0335547019075014,-0.0530914289373091,-0.0721153447048229,-0.0893488786548345,-0.106004790229231,-0.121985711409962,-0.137371964575041,-0.152178306568782,-0.167091658537763,-0.181775313665748,-0.19547237109847,-0.209014716905872,-0.22167245822078,-0.233556540579938,-0.247680369568321,-0.262051305093955,-0.276226424502868,-0.286966916047384,-0.295698152969891,-0.303787974024619,-0.311223903796906,-0.316678833677645,-0.323410441148899,-0.329564781683169,-0.33506388801612,-0.340417796093714,-0.346081040682262,-0.351272600738214,-0.354952432451952,-0.357810604570293,-0.360482078518665,-0.363447701092944,-0.366707323320874,-0.369646166633789,-0.372475501540531,-0.375198305125418,-0.37781745622242,-0.380337723790618,-0.382680582426516,-0.384946272756402,-0.387126160098292,-0.389217945706005,-0.391248353782085,-0.392892401578322,-0.394380351004678,-0.395617003660136,-0.39681572740937,-0.397968099673589,-0.398991995647305,-0.400048693968534,-0.400547601334397,-0.401347647932633,-0.401930440145033,-0.402506691192738,-0.402873028648937,-0.403463417908237,-0.403888225199855,-0.404299873208143,-0.404705015886877,-0.405094637013921,-0.405443412391922,-0.405625163178163,-0.405665587364039,-0.406095635509559,-0.406599468498362,-0.407201511965755,-0.407776278055497,-0.408278294825595,-0.408804204296587,-0.40926392276851,-0.409700976282027,-0.41030612031526,-0.411274272643951,-0.412163940669732,-0.41299806925983,-0.413802770067614,-0.414578928514529,-0.415325629886597,-0.416042622317233,-0.416732105344195,-0.417397065608453,-0.418035921683871,-0.418649766666601,-0.419251427360064,-0.41993932688605,-0.420581532666641,-0.421198983682872,-0.421791774086571,-0.422363098525984,-0.422913667992828,-0.423443340731466,-0.423952222800847,-0.424440699174322,-0.424912048882582,-0.425363520612014,-0.425799551818109,-0.426219398695259,-0.42662182670816,-0.427010669895192,-0.427383034662755,-0.427741449545363,-0.428088519947838,-0.42841930278226,-0.428740143567056,-0.429046701365235,-0.429343101217363,-0.429626751351516,-0.429902386521614,-0.430192263244354,-0.430427665890123,-0.430654621924353,-0.430872462719528,-0.431083462547972,-0.431287704626664,-0.431481906170739,-0.431669407258253,-0.431851510293458,-0.432024089810976,-0.432192513365359,-0.43235180174089,-0.43250723599211,-0.432653838555832,-0.432798159915513,-0.43291441196386,-0.433038367838238,-0.433175703881286,-0.43330966264034,-0.433442401806038,-0.433567930112021,-0.433691376291062,-0.433811058952492,-0.433922843537066,-0.434032637568864,-0.434145955351452
"x25",0,0,0,0,0,0,0,0,0,0,0,0,0,0,0,0,0,0,0,0,0,0,0,0,0,0,0,0,0,0,0,0,0,0,0,0,0,0,0,0,0,0,0,0,0,0,0,0,0,0,0,0,0,0,0,0,0,0,0,0,0,0,0,0,0,0,0,0,0,0,0,0,0,0,0,0,0,0,0,0,0,0,0,0.00096746880725954,0.00441857083629453,0.00793224246575866,0.0120884502511654,0.0133792619732154,0.0135861692517791,0.0129428309898128,0.0122631452345124,0.0113722896129319,0.0109727471523712,0.0104544574535576,0.0102028154864099,0.010011375739276,0.00984982191862873,0.00948206200933342,0.00895138541067445,0.00801590249042715,0.00684812452927586,0.0058629942827262,0.00561623633370385,0.00569218023442211,0.00568494538688973,0.015501376862509,0.0298957348694561,0.0447450048258937,0.0594657681442569,0.0723913670863586,0.0849938399527987,0.0971986016809342,0.108954064484748,0.120648224465769,0.132933798653619,0.145360624031034,0.157099052739715,0.169119327451248,0.18032425213655,0.190662743314844,0.203161402240272,0.215754347650679,0.228240950582491,0.242579966263237,0.256720017478878,0.277410042429528,0.296708247434964,0.315118329112861,0.334223698215838,0.352664562499456,0.372219012947766,0.390844046905668,0.409230855415512,0.426533149676376,0.442142569446129,0.456898591016997,0.471007091663061,0.484845771211709,0.498494207654775,0.511361606347827,0.523747934876447,0.535666036334433,0.547098200902949,0.558130062972081,0.568600773923472,0.57870001481175,0.588416417630628,0.597729791378919,0.606746537868824,0.615455465295733,0.624557076847984,0.632960577591693,0.641075788835672,0.64888238931862,0.656273350228119,0.663714684701575,0.671150021667753,0.6788395491533,0.685908046003307,0.692727578170921,0.699332630837992,0.706308281601987,0.712705881864827,0.71885323474118,0.724781938760358,0.730486364830861,0.736015720528579,0.741580232185718,0.746781935838315,0.751839908687818,0.756975243111814,0.762052400895283,0.766957236755383,0.77164712122686,0.776265271578463,0.780638383836825,0.784842171995284,0.789185506980912,0.794196598271893,0.798981915221269,0.80355419824835,0.807943619721272,0.812168282192812,0.816232959513531,0.820151514579906,0.823912301323789,0.827531574284817,0.831022995049296,0.834371820959737,0.837627962790814,0.841021499060748,0.84427980548393,0.84741557677406,0.850418333801159,0.853309529376979,0.856089697017894,0.858763932796502,0.861352246941199,0.863826074608968,0.866220233666847,0.86851133430577,0.870713409303745,0.872849231020764,0.874887172690005,0.876862415489532,0.878747929540238,0.880562767729036,0.882323405732025,0.884003677703629,0.885633470806861,0.887185886974208,0.888696908818459,0.890133335182986,0.891513698564344,0.892886000572336,0.894090009887624,0.895259560563203,0.896368368156483,0.897433180800782,0.898474727543233,0.899460772096987,0.900406524869303,0.901334662524517,0.9022108592872,0.903067477244072,0.903876727286983,0.904672028120525,0.905422667718037,0.906156657144433,0.906847862067974,0.907554075873018,0.908287744123004,0.908973294735673,0.909651377800954,0.91028785061771,0.910917587165709,0.911529557733455,0.912097880606495,0.912659576606111,0.913190656129837
"x26",0,0,0,0,0,0,0,0,0,0,0,0,0,0,0,0,0,0,0,0,0,0,0,0,0,0,0,0,0,0,0,0,0,0,0,0,0,0,0,0,0,0,0,0,0,0,0,0,0,0,0,0,0,0,0,0,0,0,0,0,0,0,0,0,0,0,0,0,0,0,0,0,0,0,0,0,0,0,0,0,0,0,0,0,0,0,0,0,0,0,0,0,0,0,0,0,0,0,0,0,0,0,0,0,0,0,0,0,0,0,0,0,0,0,0,0,0,0,0,0,0,0,0,0,-0.00100391047504798,-0.0154221231326698,-0.029022994580148,-0.0440957068627584,-0.0589082719283841,-0.0733621688109148,-0.0890210158169054,-0.103792122122162,-0.118077246160642,-0.131641979443144,-0.144452865026564,-0.157346006897574,-0.169576757339953,-0.181757922061677,-0.194036868979635,-0.205517388958706,-0.216568924024192,-0.227202074846476,-0.237395629130333,-0.247238820562143,-0.256491849166374,-0.265434626849164,-0.274038235841454,-0.282282018801923,-0.290259496210621,-0.298383869331785,-0.307000977785499,-0.315108951989845,-0.322935774679908,-0.330465004939312,-0.337626324504914,-0.344754645760305,-0.351590609818016,-0.358717442774986,-0.365232661859757,-0.371513648090168,-0.377542000356059,-0.383972855561535,-0.389874940407533,-0.395544602529259,-0.401006619853073,-0.406261983519307,-0.411347389557911,-0.416398412873688,-0.421170963598097,-0.425720105104656,-0.430136671445883,-0.434408074065942,-0.438536108821117,-0.442537952133874,-0.446588841043426,-0.45041781082056,-0.454101134318816,-0.457693538922416,-0.461855253824877,-0.465850972299124,-0.469667465658033,-0.473326263872666,-0.476846805860979,-0.480233897001169,-0.483504519155726,-0.486638869006641,-0.489654599855671,-0.492568986071092,-0.495359862973477,-0.498058501403486,-0.50080900305312,-0.503447565838318,-0.505976506392487,-0.508394814092085,-0.510725028391786,-0.512964062728674,-0.515117687236058,-0.517206853689847,-0.519199311016362,-0.521130107869257,-0.522977116332058,-0.524750323737046,-0.526474517075769,-0.528116002384022,-0.529708898164995,-0.531227619888563,-0.532690564965418,-0.534110302658596,-0.535465593457462,-0.536779754114335,-0.538030394425147,-0.539250385986817,-0.540407665701548,-0.541517358432001,-0.5426079078249,-0.54356924195111,-0.54450252559119,-0.545384517905739,-0.546230007841609,-0.547059369181205,-0.547843529169818,-0.548594430374712,-0.549333264900914,-0.550030246241487,-0.55071144188176,-0.551355193353188,-0.551988403586306,-0.552586621619994,-0.553170094507998,-0.553736649410509,-0.554315948957882,-0.554914568662599,-0.55547243053217,-0.556024214558888,-0.556542559764338,-0.557055607409865,-0.557555004500145,-0.55801879319633,-0.558476736162231,-0.558898834459146
"x27",0,0,0,0,0,0,0,0,0,0,0,0,0,0,0,0,0,0,0,0,0,0,0,0,0,0,0,0,0,0,0,0,0,0,0,0,0,0,0,0,0,0,0,0,0,0,0,0,0,0,0,0,0,0,0,0,0,0,0,0,0,0,0,0,0,0,0,0,0,0,0,0,0,0,0,0,0,0,0.00522084729419379,0.0119173377766337,0.0184061743090866,0.0244314094381345,0.0296696017531664,0.0340092624865795,0.0365513195269618,0.0387447957889687,0.040453099859751,0.0433206485868137,0.0466828047103343,0.0502136577596984,0.0536369789954237,0.0570502870040071,0.0592500048649055,0.0616757803595493,0.0643496336421612,0.067035882583962,0.0696051572365936,0.0725440974101947,0.0760547858155924,0.0778966297194183,0.079729099342262,0.0817568511390585,0.0841934123073918,0.0865927975957981,0.0889905634837937,0.0917757277968309,0.0937224223137666,0.0974276970020433,0.10148146855177,0.105459752559053,0.108382985051433,0.111099551515317,0.113717029668682,0.116506066012192,0.119665792234863,0.123080514155364,0.126344329393977,0.129942281443059,0.133492782284581,0.135656686536515,0.137144438846504,0.138384838673886,0.139423500876434,0.139542392808408,0.139894267827585,0.147199359509424,0.154148974849223,0.162121987337734,0.170302305876757,0.178045302319587,0.185171969392455,0.191857878594996,0.198148412894295,0.203975925150408,0.208263604819209,0.212529435525526,0.216724218177132,0.222363493390508,0.228669014424406,0.234367337430155,0.239853430469208,0.245131794110416,0.250185747830722,0.255072585894412,0.259827486070246,0.264406608099972,0.268811809812716,0.273027558646922,0.277113986311102,0.281325852333587,0.285682036761632,0.289858608680034,0.293891172085297,0.297770140985318,0.301411825737484,0.304969996348092,0.308166198102006,0.311830722488413,0.315002378830967,0.318073064275152,0.3212655048714,0.324881997667791,0.328119103711017,0.331230727042084,0.334231300889803,0.337117968660389,0.339876655931486,0.342415495581503,0.344813706903096,0.347171720294265,0.349245404375308,0.351148552223281,0.352972343994726,0.354631781062864,0.356376658717477,0.357981963991559,0.359521441601408,0.36095318935292,0.363060683392484,0.364983181140532,0.366813200056482,0.368572526012923,0.370265234280567,0.371893652906154,0.373462924175836,0.374969799543061,0.376419879756977,0.377818102227236,0.379159777138279,0.380465639739609,0.381819398165948,0.383121728338596,0.384361239879732,0.385550244231776,0.386697751861264,0.387799584253098,0.388859372070779,0.389885115723383,0.390864910838796,0.391812196028343,0.392721302999998,0.393594119223356,0.394440694095161,0.395247895129389,0.396029138916103,0.396776039081284,0.397496982026262,0.39819330853649,0.398860535930662,0.399504830677962,0.40011991211127,0.400718708301459,0.401287908898816,0.401832884540418,0.402327116891648,0.402768312064573,0.403193033059928,0.403595643301607,0.40398206059394,0.404359024116602,0.404716882439097,0.405060128579446,0.405395919366376,0.405714073839398,0.406023529479573,0.406317347193063,0.406604872327569,0.406877785164982,0.40714285206538,0.407419431759336,0.407713881976783,0.408019174271548,0.408306312885006,0.408590610359902,0.408858859350701,0.40912379972214,0.409381221660275,0.409621164996772,0.409857527024634,0.410078852639557
"x28",0,0,0,0,0,0,0,0,0,0,0,0,0,0,0,0,0,0,0,0,0,0,0,0,0,0,0,0,0,0,0,0,0,0,0,0,0,0,0,0,0,0,0,0,0,0,0,0,0,0,0,0,0,0,0,0,0,0,0,0,0,0,0,0,0,0,0,0,0,0,0,0,0,0,0,0,0,0,0,0,0,0,0,0,0,0,0,0,0,0,0,0,0,0,0,0,0,0,0,0,0,0,0,0,0,0,0,0,0,0,0,0,0,0,0,0,0,0,0,0,0,0,0,0,0,0,0,0,0,0,0,0,0,0,0,0,0,-0.00246255620026597,-0.00576626760869978,-0.00861526561837279,-0.0113569326165057,-0.0139948069696337,-0.0165193647744161,-0.0189625687639517,-0.0213462378979737,-0.0236441399993665,-0.0258546533909754,-0.027972236450778,-0.0300206110433846,-0.0318782275661133,-0.033453810281657,-0.0350308663487713,-0.0365508876728535,-0.0380130432275931,-0.0392976483669508,-0.0405323152036057,-0.0435884634565923,-0.047058255788931,-0.0501784782353404,-0.0531951386000465,-0.056297463477337,-0.0593434608536795,-0.0622630497386443,-0.0650752412596479,-0.0677815286253638,-0.0703846692924779,-0.0728450426928848,-0.0749784317378005,-0.0771334903946316,-0.0791803906578429,-0.0807145124931652,-0.0819557771893603,-0.0831281078690575,-0.0842000660713338,-0.0853000457310492,-0.0863260040257408,-0.0873135000235789,-0.0882735275456346,-0.0898338049404513,-0.0911871430803662,-0.0924960404635501,-0.0937572118974959,-0.0949689235583516,-0.0961345521533069,-0.0972565661382957,-0.0983367777979628,-0.0993752355907938,-0.100374764605015,-0.101336832695069,-0.102257221098614,-0.103199776050103,-0.104071401323629,-0.104903941542721,-0.105706900345322,-0.106480078613527,-0.107223433631246,-0.107938414609663,-0.108627719466154,-0.109289548843591,-0.109928117669521,-0.110540913992402,-0.111130798021892,-0.111699668985053,-0.112245018247334,-0.112771765368457,-0.113276544372669,-0.113762884252692,-0.114232131232198,-0.114681655601044,-0.115116240457833,-0.115532092034696,-0.115934782334308,-0.116319746907523,-0.116693425626174,-0.117077010605117,-0.117431176360648,-0.117772941170105,-0.118098189818115,-0.118410646123468,-0.118713746872096,-0.119002489893858,-0.119280104070273,-0.119550220751764,-0.119807044329774,-0.120056867681073,-0.120294203947301,-0.120525640734188,-0.120745394896374,-0.120959775056621,-0.121148671259023,-0.121330768102038,-0.121511783307764,-0.121682825152382,-0.121851310091509,-0.122011248263659,-0.122168217431759,-0.122319841883723,-0.122462394790497,-0.122602282348784,-0.122732909350598
"x29",0,0,0,0,0,0,0,0,0,0,0,0,0,0,0,0,0,0,0,0,0,0,0,0,0,0,0,0,0,0,0,0,0,0,0,0,0,0,0,0,0,0,0,0,0,0,0,0,0,0,0,0,0,0,0,0,0,0,0,0,0,0,0,0,0,0,0,0,0,0,0,0,0,0,0,0,0,0,0,0,0,0,0,0,0,0,0,0,0,0,0,0,0,0,0,0,0,0,0,0,0,0,0,0,0,0,0,0,0,0,0,0,0,0,0,0,0,0,0,0,0,0,0,0,0,0,0,0,0,0,0,0,0,0,0,0,0,0,0,0,0,0,0,0,0,0,0,0,0,0,0,0,0,0,0,0,0.00357190701281267,0.00708084913553667,0.0105378239945676,0.0138618060915688,0.0171805273835774,0.0202918489878488,0.02333145359947,0.0262559938701679,0.0290699275041444,0.0317772952314991,0.0343668520120219,0.0368166513231574,0.0392161058960157,0.0412678300708323,0.0430053691598528,0.044519646571534,0.0459730933450528,0.0473577283440601,0.0486578231053153,0.0499106201374639,0.0511198593161225,0.0524695944495859,0.0542957722762045,0.0559234764217215,0.0575087691288385,0.0590319367408334,0.0604956668539091,0.0619041546825017,0.0632602730694441,0.0645658853419459,0.0658205871389304,0.0670285210645179,0.0681917143539847,0.0692949493144375,0.070464097883558,0.0715156122822072,0.0725244939416523,0.0734982591982195,0.0744347592028285,0.0753350928378465,0.0762011534753593,0.0770354860779572,0.0778378509844779,0.078610590937427,0.0793533899041692,0.0800678377012646,0.0807560980616875,0.0814172799453584,0.0820548321192841,0.0826667913129236,0.0832557640186972,0.0838235653128394,0.0843683714655473,0.0848945243538963,0.0853987405342174,0.0858859960572,0.0863527473185822,0.0868020797604161,0.0872535242128152,0.0876664925572259,0.0880629137715467,0.0884402705585498,0.0888031573603901,0.089154501889057,0.0894897981879928,0.0898125514401852,0.0901257432452673,0.0904240743764905,0.0907136260959929,0.0909895438941098,0.0912579670961446,0.0915136278531682,0.0917621050746874,0.0919918707748626,0.0922141494367314,0.0924373200973771,0.0926521250283032,0.0928634148422873,0.0930648875173755,0.0932614935585412,0.0934511926498516,0.0936307786510342,0.0938060836896658,0.0939706551208524
"x30",0,0,0,0,0,0,0,0,0,0,0,0,0,0,0,0,0,0,0,0,0,0,0,0,0,0,0,0,0,0,0,0,0,0,0,0,0,0,0,0,0,0,0,0,0,0,0,0,0,0,0,0,0,0,0,0,0,0,0,0,0,0,0,0,0,0,0,0,0,0,0,0,0,0,0,0,0,0,0,0,0,0,0,0,0,0,0,0,0,0,0,0,0,0,0,0,0,0,0,0,0,0,0,0,0,0,0,-0.00422647743427956,-0.00953241122504826,-0.0144056897646391,-0.0188385339486907,-0.0230722556283983,-0.0271577189001488,-0.0317478338310867,-0.0388128239703505,-0.0471584491989933,-0.0551741946819778,-0.0637849892854039,-0.0722763401043293,-0.0798552500630109,-0.0882637868039207,-0.0970842490150057,-0.105350978388965,-0.113840836966689,-0.121744698160016,-0.130002565949938,-0.137767911463836,-0.145468162701282,-0.152858085009636,-0.159871450168474,-0.167284001773716,-0.174270455342001,-0.181042700431262,-0.187343552369433,-0.192351755318587,-0.196854973686556,-0.201509229508787,-0.204932290653406,-0.207948484252147,-0.210923125625381,-0.213786538819814,-0.216541761458898,-0.219193540340306,-0.221743410507109,-0.224379505280605,-0.226894560999402,-0.229314801568061,-0.231641760481074,-0.233886279815886,-0.234042526424594,-0.233463434198186,-0.232945290692026,-0.232440503283472,-0.23195488299221,-0.231577476123075,-0.231218457704212,-0.232775213021719,-0.233871581734272,-0.235222734325889,-0.236509650150195,-0.23807226236614,-0.239523525228335,-0.240941809084228,-0.242307998473097,-0.243623626759728,-0.244889781087445,-0.246134624428301,-0.24751316156189,-0.2488130469617,-0.249776407360836,-0.250601018135984,-0.251310267095093,-0.252005316817356,-0.252678367523272,-0.25332055373858,-0.253940442612974,-0.254543173484388,-0.255285382231638,-0.256373066125491,-0.257319363436794,-0.258252358580114,-0.259145184371264,-0.26000318563895,-0.260829204548175,-0.26162513166015,-0.262391506400283,-0.263127473959773,-0.263836292188718,-0.264519596254597,-0.265185377882676,-0.266018413656729,-0.266717742663897,-0.267391710697843,-0.268045146025185,-0.268672823009656,-0.269276267115078,-0.269856863528451,-0.270413855228986,-0.270952312274834,-0.271467941112721,-0.271966529622763,-0.272445575753023,-0.272904675310267,-0.273348488304015,-0.27377369308167,-0.274184459623055,-0.274579680577,-0.274957991791839,-0.275323884912326,-0.275674570948669,-0.276013044700881,-0.276337922196623,-0.276651188275762,-0.276952411778816,-0.277277617917243,-0.277572768719798,-0.277851236325656,-0.278116648767874,-0.27837226948631,-0.278618961008139,-0.278855041274558,-0.279082488768507,-0.279302398530177,-0.279512330382338,-0.279715401256276,-0.279909614229777,-0.280098101916591,-0.280278150649741,-0.280452240641851,-0.280605093079291,-0.280741463112317,-0.280877846370041,-0.281014258265702,-0.281148967274186,-0.28127852084635,-0.28140401681055,-0.281524721040146,-0.281640105013677,-0.281752094423438,-0.2818639250822
"x31",0,0,0,0,0,0,0,0,0,0,0,0,0,0,0,0,0,0,0,0,0,0,0,0,0,0,0,0,0,0,0,0,0,0,0,0,0,0,0,0,0,0,0,0,0,0,0,0,0,0,0,0,0,0,0,0,0,0,0,0,0,0,0,0,0,0,0,0,0,0,0,0,0,0,0,0,0,0,0,0,0,0,0,0,0,0,0,0,0,0,0,0,0,0,0,0,0,0,0,0,0,0,0,0,0,0,0,0,0,0,0,0,0,0,0,0,0,0,0,0,0,0,0,0,0,0,0,0,0,0,0,0,0,0,0,0,0,0,0,0,0,0,0,0,0,0,0,0,0,-0.00390011859319981,-0.00950779057397829,-0.014525181932836,-0.0193820936300132,-0.0240539522724643,-0.0283922778216017,-0.032202207246817,-0.0355658805303876,-0.0394508478988699,-0.0428080657839267,-0.0460516631029376,-0.0490404442091482,-0.0521108865219931,-0.0549446770859093,-0.0576686071612343,-0.0602957587999729,-0.0628236423666265,-0.0652196820827902,-0.0673298509355367,-0.0692929302482413,-0.071464405246088,-0.0738342488689132,-0.0762590495416829,-0.0785886883968811,-0.0808114424787038,-0.0830211910080134,-0.0850948741505246,-0.0870824048088357,-0.089081340975601,-0.0909904288460999,-0.0929196977679665,-0.0947379384434103,-0.0964873098004402,-0.0981727055604926,-0.0997938740231276,-0.101356205905009,-0.102854013458511,-0.104297254814306,-0.105689561855334,-0.107022644543917,-0.108308619019549,-0.1094911729264,-0.110726142898302,-0.111908219854937,-0.113032823467769,-0.114118190556949,-0.115161701557184,-0.116165336819727,-0.11714068407371,-0.118067536737892,-0.118968745643004,-0.119827656036274,-0.120653525470896,-0.121458781264222,-0.122222492674203,-0.122966180186112,-0.12367270342234,-0.124353427390877,-0.125017230983492,-0.125647414433735,-0.126261252849993,-0.126843149467193,-0.127412392624265,-0.127950993240409,-0.128469541941294,-0.128969141345699,-0.129404329288516,-0.129832679974694,-0.130239293268167,-0.130629597110322,-0.131013092731186,-0.131375265290377,-0.131722024533961,-0.132063615847075,-0.132385741979985,-0.132701042130214,-0.132998447132808,-0.13329085140278,-0.133566687849182,-0.133836852252325,-0.134097948736089,-0.134374016049404,-0.134661111732712,-0.134925637790395,-0.135185570122531,-0.135428834689327,-0.135669758593689,-0.135904540051071,-0.136122079593444,-0.136336865964815,-0.136536588213851
"x32",0,0,0,0,0,0,0,0,0,0,0,0,0,0,0,0,0,0,0,0,0,0,0,0,0,0,0,0,0,0,0,0,0,0,0,0,0,0,0,0,0,0,0,0,0,0,0,0,0,0,0,0,0,0,0,0,0,0,0,0,0,0,0,0,0,0,0,0,0,0,0,0,0,0,0,0,0,0,0,0,0,0,0,0,0,0,0,0,0,0,0,0,0,0,0,0,0,0,0,0,0,0,0,0,0,0,0,0,0,0,0,0,0,0,0.0041346418902601,0.0105387508312608,0.0165049244729616,0.0226830474000953,0.0292133517465044,0.034851982612798,0.0409475860953419,0.0477802149410596,0.0541185495079455,0.0605413051541853,0.0661479391680047,0.0718894459203205,0.0774839066615119,0.0847868140485466,0.0926239334718719,0.099992262884653,0.108228655317537,0.116016455652112,0.123803513843235,0.131261285914771,0.137410996748535,0.143021075729491,0.148674284529133,0.153851783954459,0.159142076797361,0.164077145501801,0.16882720612912,0.173397456613832,0.177788975284811,0.18202225038216,0.186059071100443,0.189955595823691,0.193705026937165,0.19730810438112,0.200782518804093,0.205549423494697,0.211173224372962,0.216130225265247,0.220926719755753,0.225540306046419,0.229897265514827,0.23375034293362,0.237338264763315,0.241081036122048,0.244557010750371,0.247894775234605,0.25099585696256,0.25420593916903,0.257171669023654,0.260024835689456,0.262772211081519,0.265416226679858,0.267960599850295,0.270394615380642,0.272648253082355,0.275082462861009,0.277636201592579,0.280225868837913,0.282735859799064,0.285254619637564,0.287794441380091,0.290199353260805,0.292515323458479,0.294872774485948,0.297278658841288,0.29971936031634,0.302035750767235,0.304250516707787,0.306383455228752,0.308435635331245,0.31042192180841,0.312319649953838,0.314146633541896,0.315916934710027,0.317606760017928,0.319229260622619,0.32078975933344,0.322329299164288,0.323813611826333,0.325225219225964,0.326584801759134,0.327892219824684,0.329149835938021,0.330373798027835,0.331537546357834,0.332668755758237,0.333747065169674,0.334782189262044,0.335792318474103,0.336751619066095,0.337685072292042,0.338572618301887,0.339425995498286,0.340258394995778,0.341050220822468,0.341820572389294,0.342551880274911,0.343266247870552,0.343943126032878,0.344598936429077,0.345320240651097,0.345928580504715,0.346518913582135,0.347077042001363,0.347612126294478,0.348138729509076,0.348635803904392,0.349111214806288,0.349580274199266,0.350022200152304,0.350455407382279,0.350863647707909,0.351265621422498,0.351644275407274,0.352015373245778,0.352326260359144,0.352634888325989,0.352961273949386,0.353269232670388,0.353573441939524,0.35385900739068,0.354141212582627,0.354416843559631,0.354672932385747,0.354925031149102,0.35515615980404
"x33",0,0,0,0,0,0,0,0,0,0,0,0,0,0,0,0,0,0,0,0,0,0,0,0,0,0,0,0,0,0,0,0,0,0,0,0,0,0,0,0,0,0,0,0,0,0,0,0,0,0,0,0,0,0,0,0,0,0,0,0,0,0,0,0,0,0,0,0,0,0,0,0,0,0,0,0,0,0,0,0,0,0,0,0,0,0,0,0,0,0,0,0,0,0,0,0,0,0,0.000576624564775415,0.010942824853101,0.0206075118731913,0.0294718421017274,0.0370999293722034,0.044044064488951,0.0504879772407218,0.0557781924771152,0.0603968699965369,0.066691189912887,0.0734851255438376,0.0805118394045805,0.089034425847136,0.0974572876044887,0.105537778513987,0.113027216087959,0.117186595132258,0.119090128846701,0.121249431704365,0.122770293498845,0.123230685344961,0.123566225311734,0.124435598245477,0.125717427764066,0.126853979231672,0.127636202644973,0.128892475022964,0.128441348093883,0.128003645421809,0.125682342577211,0.122009523141426,0.118726940737391,0.11508020338135,0.111683653616566,0.108182756157919,0.104849462494688,0.102741923985453,0.100687017872317,0.0988139799708462,0.0972058101578696,0.0952985742902508,0.0936352106770837,0.0920326811250728,0.0904911444105565,0.0890173512577904,0.0875913781782757,0.0863903813116187,0.0852109621249829,0.0840759738017215,0.0829914988315957,0.0819384365666007,0.0814638676943496,0.0809089181852712,0.0805811510448431,0.0802548079731271,0.0799417041074078,0.0797193237266721,0.0797194325315362,0.0797051022634092,0.0797595982441941,0.0797492168627289,0.0797531241897725,0.0797774052426162,0.0796127755826837,0.0795327535252442,0.0794562122967237,0.0793837243436312,0.0793133739436963,0.0792011998427107,0.0788878499206357,0.0786501837197533,0.0782880906877959,0.0777784816747865,0.0771701152700194,0.0765555191539361,0.0759312310471308,0.0754075925085333,0.0748890485459423,0.0743864227303335,0.0739131670376577,0.073265214974712,0.0725930273905585,0.0719640559612113,0.0713707101976667,0.0707985734104212,0.0702477990776856,0.069710230089888,0.0692010848788592,0.0687110258346719,0.068231734361929,0.0677781490941914,0.0673488702359498,0.066879527800871,0.0664503304063297,0.0660379979926901,0.0656478934347952,0.0652713838975722,0.0649105038272624,0.064563344474255,0.0642229692208639,0.0639013513341062,0.0635886307750533,0.0632892252860168,0.0630041301958828,0.0627233483663457,0.0624582439250835,0.0622003545221703,0.0619552344493093,0.0617190412357547,0.06148924904873,0.0612690289632303,0.061056406084908,0.0608545678314283,0.0606560422757441,0.0604693511689959,0.0602923677359957,0.0600918130558439,0.0599483931278765,0.059814215169012,0.0596900296617279,0.0595714379423408,0.0594525393713289,0.0593418268787415,0.0592366483677749,0.0591307753642546,0.0590326452727301,0.0589360211985933,0.0588456030917114,0.058754836907738,0.058669907261222,0.0585874434727655,0.058515090128796,0.0584357685202265,0.0583393353568273,0.0582447775539512,0.0581484647512066,0.0580586952139679,0.0579687314928023,0.0578798418589283,0.0577985892934191,0.057717863599389,0.0576510634596022
"x34",0,0,0,0,0,0,0,0,0,0,0,0,0,0,0,0,0,0,0,0,0,0,0,0,0,0,0,0,0,0,0,0,0,0,0,0,0,0,0,0,0,0,0,0,0,0,0,0,0,0,0,0,0,0,0,0,0,0,0,0,0,0,0,0,0,0,0,0,0,0,0,0,0,0,0,0,0,0,0,0,0,0,0,0,0,0,0,0,0,0,0,0,0,-0.00457083248290886,-0.00880517466098211,-0.0126942209548556,-0.016439805227612,-0.0196765293676151,-0.0232001786609353,-0.0344712650377685,-0.0449913250853417,-0.0551047435536967,-0.0638850797584553,-0.0715389345582589,-0.0783801017508856,-0.0845451837012554,-0.0909618336158406,-0.0976032018135944,-0.104238898900685,-0.110499322305423,-0.117620825857963,-0.124739079746611,-0.131567709049639,-0.137732958106609,-0.142897598408769,-0.147329316106678,-0.15183503573507,-0.156048708661603,-0.159808660144553,-0.163994615307303,-0.172417934601039,-0.182715604685113,-0.192402380782514,-0.201817040802385,-0.211083700656692,-0.219101653721718,-0.226730369294996,-0.233802932775191,-0.240787622521194,-0.247737706179034,-0.256379049752606,-0.264562117069599,-0.272222858269717,-0.279690780189182,-0.288726121174451,-0.297391239196907,-0.305824954514446,-0.313951119643571,-0.321912958603702,-0.329496761759525,-0.336793793971924,-0.343814921304099,-0.350570719182369,-0.357070498189711,-0.363370766701623,-0.369433647569457,-0.375267111220671,-0.380880865997534,-0.386280805011478,-0.391488992947046,-0.396705982903374,-0.401658185383665,-0.406423580486582,-0.411009054887867,-0.415542218244501,-0.42018917418418,-0.424369739406836,-0.428405700234131,-0.432303259083714,-0.436048400006703,-0.439744947784156,-0.443184946403609,-0.446563273521567,-0.449815792748283,-0.45293851347473,-0.455943019233476,-0.458849307374349,-0.461709830579519,-0.464390710713645,-0.466905599088254,-0.469369723407039,-0.471775494842025,-0.474097115623338,-0.476447463510449,-0.478765081103729,-0.481006224791826,-0.483170658777147,-0.485474181427746,-0.487273726579948,-0.489175265801368,-0.491010288069357,-0.492765470370072,-0.494453750584602,-0.496077922585896,-0.497651052389877,-0.499154641726733,-0.500600861353877,-0.50200289424404,-0.503341833322692,-0.504646559565577,-0.5057564658735,-0.506898771289529,-0.508024214027298,-0.50909678652688,-0.510126035462142,-0.511116470539358,-0.512069308762692,-0.512996625309187,-0.513880665936556,-0.514740131977533,-0.515558022383412,-0.516343269470405,-0.517108573155351,-0.517837456273288,-0.518547078329432,-0.519221868006951,-0.519868320152984,-0.520500461419862,-0.521100793567182,-0.521686754165749,-0.522243038008993,-0.522785203444835,-0.523300105837489,-0.523804231790972,-0.524344795556306,-0.524831079118396,-0.525310278668755,-0.525766850407378,-0.526204010284388,-0.526631623960099,-0.527037844356771,-0.52742651964078,-0.527807486794194,-0.528168806851444,-0.528522973227301,-0.528857554501513,-0.52918505675858,-0.529493909416389,-0.529797837001841,-0.530045394428967,-0.53029520012784,-0.530545830343135,-0.53077434900067,-0.530995432272602,-0.531202011027,-0.531404839979984,-0.531601923890945,-0.531786045423511,-0.53196697544924,-0.532133253031795
"x35",0,0,0,0,0,0,0,0,0,0,0,0,0,0,0,0,0,0,0,0,0,0,0,0,0,0,0,0,0,0,0,0,0,0,0,0,0,0,0,0,0,0,0,0,0,0,0,0,0,0,0,0,0,0,0,0,0,0,0,0,0,0,0,0,0,0,0,0,0,0,0,0,0,0,0,0,0,0,0,0,0,0,0,0,0,0,0,0,0,0,0,0,0,0,0,0,0,0,0,0,0,0,0,0,0,0,0,0,0,0,0,0,0,0,0,0,0,0,0,0,0.00609974033625934,0.0144158366417292,0.0222656973478837,0.0301445822966113,0.0377439092025624,0.0454298020050901,0.0528125352526772,0.0607634806212148,0.0697762295846306,0.0785325010245377,0.0889187503342643,0.0987267123411364,0.107981998297318,0.116954086375281,0.126059485425266,0.134787702685977,0.143093680219137,0.150992068316561,0.159007762183681,0.166536567957622,0.17378213161246,0.180753501031894,0.187453270092408,0.193910330116674,0.200000105662797,0.20588437670934,0.211546109967235,0.216989038239345,0.222231332900893,0.226850783841226,0.231509145374237,0.235863876527116,0.240055588744342,0.244088705193761,0.248075144734491,0.252126152972504,0.25597033859363,0.259575186569505,0.263107604395497,0.266493183855466,0.269912984447365,0.273205510535523,0.276397570500519,0.279470457364939,0.282419652376686,0.285257547535144,0.288024624341185,0.290847462263552,0.293798617149156,0.297284127791572,0.300940040450349,0.304669077732042,0.308285549763574,0.311862048741592,0.315154307532793,0.318383349502717,0.321498443898008,0.324608499489529,0.327309779294684,0.330101942641853,0.33277477203492,0.335329954580031,0.337789212200619,0.340155342698731,0.342446247657768,0.344636023221326,0.346742867006637,0.348784556594186,0.350734778208123,0.352620528880326,0.354280634683228,0.355963925022956,0.357609230946759,0.359177490414697,0.360684993987989,0.362134276017924,0.363528626914914,0.364885038875899,0.366177936932542,0.367432455904243,0.368630628534881,0.369779031889887,0.37089830060484,0.371964321875861,0.372999596233244,0.373986351264552,0.374933708252849,0.375855841825318,0.37673602609462,0.377590263692841,0.378403590122218,0.379196018809739,0.379948650733233,0.380672041513918,0.38137233557913,0.381998502987063,0.38260982601177,0.383191772494109,0.383748969186518,0.384294095062825,0.384812235468482,0.385307722733652,0.385793325012325,0.38625409053727,0.386704031207571,0.387130546964856,0.387547959216759,0.387943065515809,0.388328684424581,0.388698968134784,0.389087168429045,0.389484978439557,0.389853155251775,0.390212357622234,0.390548757116525,0.390879740859376,0.391201623077506,0.39150204061819,0.391797508875745,0.392062929763539
"x36",0,0,0,0,0,0,0,0,0,0,0,0,0,0,0,0,0,0,0,0,0,0,0,0,0,0,0,0,0,0,0,0,0,0,0,0,0,0,0,0,0,0,0,0,0,0,0,0,0,0,0,0,0,0,0,0,0,0,0,0,0,0,0,0,0,0,0,0,0,0,0,0,0,0,0,0,0,0,0,0,0,0,0,0,0,0,0,0,0,0,0,0,0,0,0,0,0,0,0,0,0,0,0,0,0,0,0,0,0,0,0,0,0,0,0,0,0,0,0,0,0,0,0,0,0,0,0,0,0,0,0,0,0,0,0,0,0,0,0,0,0,0,0,0,0,0,0,0,0,0,0,0,0,0,0,0,0,0,0,0,0,0,0,0,0,0,0,0,-0.000774257741062366,-0.00291017344333995,-0.00511505983530896,-0.0073472697748469,-0.00949006082095142,-0.0115399451008558,-0.0133834410178558,-0.0151977620041885,-0.0169390030543527,-0.0182957657750396,-0.019335279091223,-0.0203777164309083,-0.0213645948672079,-0.022318573023086,-0.0232377193338812,-0.0241220189059565,-0.0249703383609899,-0.0257882728401832,-0.0265762847454357,-0.027331949862574,-0.0280606568423747,-0.0287496747131692,-0.0292921952562434,-0.0298721715165444,-0.0304254325001007,-0.0309556521723542,-0.0314661209617356,-0.0319582477547586,-0.0324320170529985,-0.0328866369169225,-0.0333248106345367,-0.0337459968060692,-0.03415138506771,-0.0345421100541542,-0.0349169749327937,-0.0352789063318255,-0.0356262234712992,-0.0359616183804172,-0.0362836302830293,-0.0365931594484255,-0.0368915767122807,-0.0371777939108764,-0.0374548100162144,-0.0377192358948059,-0.0379755935970773,-0.0382196617797542,-0.0384192246617503,-0.0386497797369557,-0.0388724194286863,-0.0390893796412162,-0.0392980737221145,-0.0394975632118448,-0.039691371682815,-0.0398775503432481,-0.0400551295460525,-0.0402278858561774,-0.0403930914149131,-0.0405532737988325,-0.0407056322510994,-0.0408530619086167,-0.0409944697384957,-0.0411543321715412,-0.0412982471536806,-0.0414246797889656,-0.04154290120164,-0.0416544681504425,-0.041761876187061,-0.0418646450891517,-0.0419626949451596,-0.042057862238457,-0.0421493676697882,-0.0422413762503235
"x37",0,0,0,0,0,0,0,0,0,0,0,0,0,0,0,0,0,0,0,0,0,0,0,0,0,0,0,0,0,0,0,0,0,0,0,0,0,0,0,0,0,0,0,0,0,0,0,0,0,0,0,0,0,0,0,0,0,0,0,0,0,0,0,0,0,0,0,0,0,0,0,0,0,0,0,0,0,0,0,0,0,0,0,0,0,0,0,0,0,0,0,0,0,0,0,0,0,0,0,0,0,0.00207971169045922,0.00416904088799636,0.00609166768523405,0.00784923836395551,0.0110986449596521,0.0148605273965702,0.0181768711110796,0.0212747468084416,0.0239786710219776,0.0263258154153444,0.0286216326522824,0.0308306978985716,0.0329947534386026,0.0349673693447583,0.0370511163346007,0.0393788393907075,0.0420846701475293,0.0446998457001845,0.0468154058327746,0.0486947776703979,0.0500840885851891,0.0516184097352455,0.055093319239155,0.0588695181074124,0.0631390539522269,0.0670970179445044,0.070531332434967,0.0727727844104062,0.0748866403046293,0.0762057870925438,0.0774703962407146,0.0789636535865262,0.0803056710704693,0.0826475846608028,0.0853903515801759,0.0878050160168322,0.0901920681129637,0.0925597955690429,0.0947661578606394,0.0968908464045612,0.0989354331515997,0.100895057694596,0.102790354615336,0.104624458258536,0.106393318418392,0.108094017295502,0.109719938286845,0.111301720827603,0.113104128149524,0.115297626892946,0.117261131567388,0.119160357052996,0.120987436107529,0.1227110630793,0.124507411293677,0.126067331749362,0.127740044863016,0.129213135489735,0.130641039540551,0.132301284762663,0.134115120152378,0.135749128796842,0.137319577800896,0.138833812933897,0.140290669530187,0.14168037703556,0.142953649841671,0.144453985138501,0.146576782541125,0.148827700786252,0.15110676357591,0.153290853169113,0.155317596403703,0.157142173147248,0.158906373403055,0.160596330287617,0.162192461288906,0.163866596346092,0.165473864481071,0.166996670600359,0.16846576446719,0.169880787130389,0.171241961594386,0.172549807084435,0.173808140628351,0.175020279409164,0.176185497695006,0.1773057304112,0.178375356448503,0.179391549045709,0.180385271469005,0.181333698514563,0.182242003076041,0.183117381305684,0.183960352849811,0.184771183341055,0.185552857195989,0.186301277748836,0.187025221674221,0.187717230022738,0.188384787460565,0.189029920757552,0.189646388677576,0.190243846974152,0.190814245221834,0.191363060982036,0.19189629409548,0.192403133794438,0.192896306378601,0.193365816445655,0.193821736022221,0.194256072394781,0.194648388983929,0.194759311031944,0.194897001358819,0.195031753843822,0.195163487577231,0.195290897515953,0.195411977906931,0.19552933684212,0.195642772497533,0.195750634826248,0.195855152765263,0.195955157814562,0.196051862017312,0.196144001322866,0.196232870773159,0.196318513441351,0.19657141283836,0.196885317644045,0.197211265216333,0.197513575437327,0.19781029975396,0.198089023422923,0.198364094984821,0.198630135610786,0.198878098922937,0.199123032690856,0.199361643914235
"x38",0,0,0,0,0,0,0,0,0,0,0,0,0,0,0,0,0,0,0,0,0,0,0,0,0,0,0,0,0,0,0,0,0,0,0,0,0,0,0,0,0,0,0,0,0,0,0,0,0,0,0,0,0,0,0,0,0,0,0,0,0,0,0,0,0,0,0,0,0,0,0,0,0,0,0,0,0,0,0,0,0,0,0,0,0,0,0,0,0,0,0,0,0.00485197899457026,0.0134470408806201,0.02156331863748,0.0292148597610132,0.0365922602690996,0.0432079392586506,0.0490104505886763,0.0549798122130208,0.0604596891920109,0.0640597017779626,0.0718794015683599,0.078572725905645,0.0851056384147423,0.0909814442802747,0.0977188315780244,0.104831378974242,0.111903043361716,0.118034322049262,0.124482643646855,0.130772469992319,0.136834711944589,0.142707506832046,0.148656948210435,0.154730174621345,0.160201236908687,0.16217367880811,0.163040318668302,0.165890681321642,0.166213462695005,0.166273697446256,0.165834981613583,0.161491128977887,0.157129546731236,0.151733485907112,0.146730267302303,0.142811085678198,0.138573361677228,0.134681237334472,0.131451367055012,0.128422765855988,0.125389973179085,0.122552995922235,0.119774257697418,0.116465630957214,0.113716121809118,0.111290191586764,0.10877467616465,0.106471930845866,0.104251965890178,0.102115918056818,0.100072808630536,0.0981011732642947,0.0962603249991302,0.0944835105540024,0.092775393878889,0.0911441780105994,0.0895547878829056,0.0881965670194015,0.0862195634274546,0.0845328616354667,0.0829020672912089,0.0813332257955495,0.0799145104564289,0.0786525842803761,0.0773529016639238,0.0761198870735234,0.0749432361336255,0.0738143759951085,0.0723679150229142,0.0707104733066758,0.0692493936251345,0.0678444098648053,0.0664938843605024,0.0651940765521992,0.063909800174743,0.0625364454641624,0.0613404442678655,0.0598723126810289,0.0582013250602563,0.056405282358901,0.0546621046837173,0.0530117337982253,0.051796059034321,0.0505629280918633,0.0493786364969962,0.0476347107047567,0.0453067471577275,0.043049130133606,0.0409110853320575,0.0388645733419215,0.0368934525961782,0.0349971848900916,0.0331640432842282,0.0314111356829479,0.0297234569416675,0.0280896544978145,0.0265293986691915,0.0250256071742998,0.0234343245629149,0.0219178373336024,0.0204536543370385,0.0190583353261405,0.0177140061937382,0.0164219050861819,0.01517935977071,0.0139703341111893,0.0128218202066063,0.0117042802929341,0.0106404193388533,0.00961858753061979,0.00862038561444674,0.00767499721987262,0.00675239985204274,0.0058781015825353,0.00503664608606109,0.00421352536387975,0.00343446923593456,0.00267258932349665,0.00195344335183434,0.00124676456923066,0.000581516345898595,0,0,0,0,0,0,0,0,0,0,0,0,0,0,0,0,-0.000365647668331495,-0.000903254947553501,-0.00149720427156875,-0.00205128244676329,-0.00259962556506437,-0.00311172549114738,-0.00361980643484137,-0.0041142689381883,-0.00457144135471418,-0.00502441792435462,-0.00544288228003677
"x39",0,0,0,0,0,0,0,0,0,0,0,0,0,0,0,0,0,0,0,0,0,0,0,0,0,0,0,0,0,0,0,0,0,0,0,0,0,0,0,0,0,0,0,0,0,0,0,0,0,0,0,0,0,0,0,0,0,0,0,0,0,0,0,0,0,0,0,0,0,0,0,0,0,0,0,0,0,0,0,0,0,0,0,0,0,0,0,0,0,0,0,0,0,0,0,0,0,0,0,0,0,-0.000818265486930303,-0.0109191899029108,-0.0203806175892238,-0.0299522718239349,-0.0411171688333968,-0.0536340541402443,-0.0657389044815837,-0.0773967096583682,-0.0877337432463364,-0.0977075768238115,-0.107275042629079,-0.11649808858151,-0.125396097667818,-0.134464342418681,-0.144104959235223,-0.153361732801417,-0.159709218608082,-0.164807577303321,-0.169443864916168,-0.173823436549383,-0.178358516056965,-0.182099708463863,-0.184537670728394,-0.18722831357489,-0.189580427955273,-0.191567144752258,-0.193984545167585,-0.195409914995164,-0.196936659064702,-0.198336211558766,-0.19978670576842,-0.201306054652719,-0.202707968878558,-0.203810897252673,-0.204128024478101,-0.204611277942516,-0.205164980445655,-0.205768341245899,-0.20636037023695,-0.20692711897908,-0.207472842067557,-0.208004199779281,-0.208504127628681,-0.208833696052425,-0.209165177111291,-0.209484611979892,-0.209796900438473,-0.210093269129804,-0.21043979195185,-0.210531426764496,-0.210708585255586,-0.210870265354516,-0.211026275940897,-0.211256117550652,-0.211707805418048,-0.212346007784282,-0.213032524420122,-0.213627009403863,-0.214209278963241,-0.214918462550212,-0.215567392580036,-0.216219456239307,-0.216844984303226,-0.217450567770285,-0.21803282711281,-0.218697721054274,-0.219860586232063,-0.220939599112098,-0.221697867570263,-0.22256080674758,-0.223420259616535,-0.224250836318527,-0.225078868057657,-0.226048665771863,-0.226948476070832,-0.227816960148336,-0.228471192217436,-0.229044316307651,-0.229565558478968,-0.230082029634948,-0.230578670858427,-0.231055374658817,-0.231514239357488,-0.231955032713625,-0.232381133881765,-0.232790209202993,-0.233182672394459,-0.233562633941229,-0.233932869500778,-0.234283341130451,-0.234613690506377,-0.234935636344231,-0.235249023591425,-0.235549046914748,-0.235837987799769,-0.236116093469228,-0.236381261132737,-0.236639914625773,-0.236886203768076,-0.237125221638336,-0.237355241999822,-0.237573666469277,-0.237787144749587,-0.237990219804131,-0.238187949821384,-0.238377454708443,-0.238557938212861,-0.23873352976168,-0.238901022472672,-0.239064179901904,-0.239218745092906,-0.239369828111204,-0.239542738986787,-0.239975309765818,-0.240352353136566,-0.240718185070809,-0.241065884794352,-0.241399976678498,-0.241725231520052,-0.242034193328273,-0.242331060723502,-0.242621025695788,-0.242895590646657,-0.243163711619668,-0.243417497606463,-0.243666199534727,-0.243901295330908,-0.244131313707989,-0.244174822880624,-0.244151174713387,-0.244113224000311,-0.244079585103108,-0.244045752843372,-0.244015508258243,-0.243984334263785,-0.243953356493119,-0.243926244638536,-0.243898542016484,-0.243874469714862
"x40",0,0,0,0,0,0,0,0,0,0,0,0,0,0,0,0,0,0,0,0,0,0,0,0,0,0,0,0,0,0,0,0,0,0,0,0,0,0,0,0,0,0,0,0,0,0,0,0,0,0,0,0,0,0,0,0,0,0,0,0,0,0,0,0,0,0,0,0,0,0,0,0,0,0,0,0,0,0,0,0,0,0,0,0,0,0,0,0,0,0,0,0,0,0,0,0,0,0,0,0,0,0,0,0,0,0,0,0,0,0,0,0,0,0,0,0,0,0,0,0,0,0,-0.000267706644347245,-0.000582724540487112,-0.000814643434984189,0,0,0,0,0,0,0,0,0,0,0,0,0,0,0,0,0,0,0,0,0,0,0,0,0,0,0,0,0,0,0,0,0,0,0,0,0,0,0,0,0,0.000394850437384443,0.00268583218050903,0.00484620221232808,0.00691628129529285,0.00919940793385255,0.0115542219481835,0.0138532919449083,0.0161262098627796,0.0181359398476195,0.0201135934526453,0.0220221972161287,0.0238551973861339,0.0255863968339627,0.0273065383820634,0.0289549958394782,0.0305298617491764,0.0320458740136632,0.0335048811612,0.0349153144736912,0.0362656813240062,0.0375647379914354,0.0388214804379876,0.0400243978832966,0.0411646950519353,0.0422386056703803,0.043266541788839,0.0442622177427268,0.0452142993560123,0.0461299911438945,0.0470099353276213,0.0478565433179975,0.0486773457467756,0.0494619747420186,0.0502203492306585,0.0509477011904076,0.0516448101014932,0.0523217591292716,0.0529685188685576,0.0535941959521864,0.0541926382272923,0.0547678852817548,0.0553252159344581,0.0558592062269556,0.0563754623335264,0.0568684610825544,0.0573474381388092,0.0578036506252607,0.0582378451337312,0.0586543402957579,0.059019562631948,0.0593720396228376,0.0597068701996646,0.0600279018740026,0.0603412329189312,0.0606391994870709,0.0609246187441687,0.061203815085594,0.0614685334874495,0.0617260825499251,0.0619707237846354,0.0622104337528002,0.0624379723718235,0.062658638884837,0.0628795837593225,0.063111149504581,0.0633522761242931,0.0635793761511188,0.0638026589019151,0.0640126112591268,0.0642192248125351,0.0644201049116404,0.0646077794312846,0.0647923233234009,0.0649621143938402
"x41",0,0,0,0,0,0,0,0,0,0,0,0,0,0,0,0,0,0,0,0,0,0,0,0,0,0,0,0,0,0,0,0,0,0,0,0,0,0,0,0,0,0,0,0,0,0,0,0,0,0,0,0,0,0,0,0,0,0,0,0,0,0,0,0,0,0,0,0,0,0,0,0,0,0,0,0,0,0,0,0,0,0,-0.000409453709417764,-0.00503583636403729,-0.00985107949058159,-0.0163741444852301,-0.0227472329939888,-0.0287578101621648,-0.0348926089535277,-0.0426482587489086,-0.0502571129002399,-0.0584389584235444,-0.0689534616366646,-0.0812951483038009,-0.0929604488956341,-0.104019985253456,-0.114641574431937,-0.123903201279602,-0.132549299870936,-0.142452932490087,-0.151563304805034,-0.159635394730119,-0.163309656354818,-0.165770429849247,-0.167601884382798,-0.168396732353208,-0.168755364691658,-0.169197900091615,-0.169810532932755,-0.170439532236746,-0.172475976601151,-0.174801192073837,-0.176997862011627,-0.178270551830012,-0.177871084792038,-0.176132578884219,-0.174496080781607,-0.172455645821225,-0.170376761488463,-0.169315373777887,-0.167853788931333,-0.167221144146817,-0.166305307128102,-0.164162124221683,-0.162483632992028,-0.16005716885622,-0.157345645097662,-0.154327311734663,-0.151037804728972,-0.147863270370927,-0.143809593586886,-0.140007406629534,-0.13619346649852,-0.132726540985257,-0.130226658838344,-0.127811711359458,-0.125854496238882,-0.124048471261387,-0.121713221115539,-0.119718805741135,-0.117797849756826,-0.115949730636647,-0.114180071508762,-0.112458451283961,-0.111077386119135,-0.109693798801818,-0.108362893468083,-0.107089383802716,-0.105853900609086,-0.105107147784743,-0.10462671350534,-0.104240515859753,-0.103863025523628,-0.103500787692399,-0.103172559251874,-0.102902699489534,-0.102659715123847,-0.102322748054121,-0.102015814554463,-0.101721776621879,-0.100888091598177,-0.0997867742303132,-0.0988710853228403,-0.0979841644223799,-0.097132083292863,-0.0963123785122548,-0.0957568742159526,-0.0964101008473421,-0.0970634993448237,-0.0974521853960336,-0.097642122852623,-0.0977459907382781,-0.0978518341829937,-0.0979807248791025,-0.0981327156779045,-0.0982874675697599,-0.0984369179533797,-0.0985065620309338,-0.0980561780172496,-0.0976766384986374,-0.09732786185165,-0.096995299742008,-0.096674740412387,-0.0963666881464173,-0.0960656121314701,-0.0957813991688429,-0.0955073783380336,-0.095238689823926,-0.0949860565730648,-0.0947206425368241,-0.0942470979803453,-0.0938438261905429,-0.0934599673525296,-0.093096274623105,-0.0927442743217428,-0.0924060963827016,-0.0920810771645171,-0.0917622470617561,-0.0914629354938195,-0.0911682570871834,-0.0908909035668441,-0.090623771866309,-0.0903600662610178,-0.0901137835408661,-0.0898703047112467,-0.0896425248036436,-0.0894227234096472,-0.0892050023584592,-0.089001982541371,-0.0888007720997697,-0.0886133442202401,-0.0884266994415835,-0.0882532264555868,-0.088089892881995,-0.0879770589804433,-0.0879111196302255,-0.0878468781159497,-0.0877880746478455,-0.0877312693649597,-0.0876731535850432,-0.0876206544157302,-0.0875704362218051,-0.0875187034713207,-0.0874718855664146,-0.0874243938526,-0.0873812952677464,-0.0873375140519971,-0.0872977579797026,-0.0872571373564624,-0.0871907718306362,-0.0870939000937529,-0.0869737416888432,-0.0868583399667571,-0.0867420867791878,-0.0866336832470292,-0.086525146911487,-0.0864182751677872,-0.0863208393241866,-0.0862241125501323,-0.0861377080364713
"x42",0,0,0,0,0,0,0,0,0,0,0,0,0,0,0,0,0,0,0,0,0,0,0,0,0,0,0,0,0,0,0,0,0,0,0,0,0,0,0,0,0,0,0,0,0,0,0,0,0,0,0,0,0,0,0,0,0,0,0,0,0,0,0,-0.00343172435382701,-0.0114956826215191,-0.0195421464538166,-0.0272629797775957,-0.0346917113016845,-0.0418402295259438,-0.0488254662072164,-0.0555763930741159,-0.0620649982239227,-0.0683072871657408,-0.0743636094270359,-0.0803319016356932,-0.0860750959316325,-0.0916005762027765,-0.0957103069571492,-0.0980571523096989,-0.0998529405539462,-0.10157061938918,-0.102864525413509,-0.103183979390769,-0.0998832219278859,-0.0964250036019487,-0.0916028150362783,-0.087107455592191,-0.081937440312193,-0.0758360985715274,-0.0682688344629211,-0.0608746245259413,-0.0531140126509315,-0.0454246967208635,-0.0372638423405628,-0.0304211796066979,-0.024221368278055,-0.0182701171039535,-0.014928546680863,-0.0137553761360519,-0.0115840124350191,-0.00955723744468298,-0.00748540235897702,-0.00571863770126639,-0.00436822484860819,-0.00308688588803546,-0.00304447068066741,-0.00360884362781967,-0.00358387702061121,-0.00326319167660037,-0.00313375743919515,-0.00309856158630948,-0.00299149582533476,-0.00290970211227038,-0.00338748496447997,-0.004659959610237,-0.00621910968468901,-0.00747945224901705,-0.00897711134350341,-0.010538265397598,-0.0118746877029535,-0.0124438346948598,-0.0122419766050451,-0.0123398852866681,-0.0133540876553956,-0.0140038764689876,-0.015452247967668,-0.0168924751688123,-0.0187433929616044,-0.0228592163332704,-0.0267673488588571,-0.0314942315045474,-0.0359481030992773,-0.0406439453579132,-0.0448679555191026,-0.0479159743781889,-0.0509562329257665,-0.0533592783386918,-0.0555175645250135,-0.058179690697676,-0.0604688916026362,-0.062674644153329,-0.0647967676248279,-0.0668278910861443,-0.0687755775352151,-0.06978698204546,-0.0708660201907353,-0.0719036753627043,-0.072890031572891,-0.0738568503482643,-0.0745311698459364,-0.075174122070699,-0.0756133997594032,-0.0760513650601133,-0.0764712760283766,-0.0768770574958715,-0.0774157916393535,-0.0776445147653156,-0.0780184539823391,-0.0783303548455543,-0.0786296533936291,-0.0790024083035641,-0.0797897186714758,-0.0803384926146532,-0.0808716959867357,-0.0813845518609365,-0.0818779707914803,-0.0823314512532345,-0.0826021169859227,-0.0828411276306211,-0.0836084771124747,-0.0846201741011766,-0.0857770169879346,-0.0869029239475577,-0.0879798612876218,-0.0888418750981626,-0.0896978729000639,-0.0905209262373659,-0.0913429868923056,-0.0925776142757275,-0.0937668282790927,-0.0948809423670579,-0.0959461534114733,-0.09697301288685,-0.097960845963312,-0.0989173850443043,-0.0998299717938905,-0.10070920961296,-0.101561905584641,-0.102374268296978,-0.103153202325784,-0.103926097820543,-0.104670650806358,-0.105388639853951,-0.106068921330119,-0.106724638909466,-0.107355664779173,-0.107962628684931,-0.108554845784555,-0.109115416672323,-0.109662878784873,-0.110182012110518,-0.110680993340743,-0.111170018141244,-0.11163190501619,-0.112083796774094,-0.112511115618978,-0.112922027210741,-0.113325306924538,-0.113706302967417,-0.114079216178682,-0.114431133927958,-0.114776897426739,-0.115102467388581,-0.115415039548401,-0.115741428265001,-0.115989053588709,-0.11623023383833,-0.116457361251529,-0.116675612280308,-0.116892035454504,-0.11709456062385,-0.117288220579449,-0.117481010856369,-0.117660924925381,-0.117838163501143,-0.118004118858941,-0.118169029410504,-0.118323337692162,-0.118474804581764,-0.11860969815728,-0.118761184777776,-0.118935456792558,-0.11910079010386,-0.119265765157259,-0.119419461377049,-0.119572724001025,-0.119723267244273,-0.119861205728692,-0.119997981243713,-0.120123321772338
"x43",0,0,0,0,0,0,0,0,0,0,0,0,0,0,0,0,0,0,0,0,0,0,0,0,0,0,0,0,0,0,0,0,0,0,0,0,0,0,0,0,0,0,0,0,0,0,0,0,0,0,0,0,0,0,0,0,0,0,0,0,0,0,0,0,0,0,0,0,0,0,0,0,0,0,0,0,0,0,0,0,0,0,0,0,0,0,0,0,0,0,0,0,0,0,0,0,0,0,0,0,0,0,0,0,0,0,0,0,0,0,0,0,0,0,0,0,0,0,0,0,0,0,0,0,0,0,0,0,0,0,0,0,0,0,0,0,0,0,0,0,0,0,0,-9.46339442375428e-05,-0.00190763720845696,-0.00349561232261743,-0.00502331548232541,-0.00649247514215773,-0.00790885799630896,-0.00951948970828858,-0.0114478232424177,-0.0131535142098992,-0.014800513360984,-0.0163849206532876,-0.0178702820536326,-0.0192925739869711,-0.0210357236941689,-0.0228222462489667,-0.0244778195276765,-0.0260730539564869,-0.0277526709582815,-0.0294200576276565,-0.0309900059018218,-0.032500479965195,-0.0339555647357281,-0.0353557048276299,-0.0367135868178767,-0.0380855420317966,-0.0393551901890098,-0.0404100041477573,-0.0412969157134078,-0.0420924072831483,-0.0428565180096264,-0.0435884969226867,-0.0442945641342049,-0.0449551685755637,-0.0455902804581061,-0.046076982521762,-0.0465113538261906,-0.0469165824092601,-0.0473031483727637,-0.0476763486142617,-0.0480356829054933,-0.048381428756741,-0.0487131455486884,-0.0490328877407779,-0.0493408575356383,-0.0496363372221993,-0.0499210952495424,-0.0501861326468117,-0.0504450032413232,-0.0506917118333888,-0.050928584263543,-0.0511561966477908,-0.0513750750499826,-0.0515862925178909,-0.0517894991995621,-0.051984652148386,-0.0521724072475755,-0.0523536332759862,-0.0525267897125594,-0.05269444610351,-0.0528553888414847,-0.0530102632682439,-0.0531598145225205,-0.0533031478080965,-0.0534407331449033,-0.0535742171661451,-0.053701229790392,-0.0538247475506905,-0.0539429682903847,-0.0540565631446399,-0.0541661210427811,-0.0542728460525004,-0.0543928316505191,-0.0545005919465049,-0.0546040884504623,-0.0547036917071664,-0.0547997713968365,-0.0548921658760766,-0.0549808773241861,-0.0550663977463123,-0.0551487236658452,-0.0552276844048059,-0.0553043577335584,-0.0553772431770194,-0.0554475953604705,-0.0555144808411709,-0.055580421066747,-0.0556302743348659,-0.0556767508042773,-0.0557229707032076,-0.0557686307017919,-0.0558127533076282,-0.0558553569022511,-0.055896333257581,-0.0559357957362486,-0.0559737373082578,-0.0560102079281513,-0.0560484015238897
"x44",0,0,0,0,0,0,0,0,0,0,0,0,0,0,0,0,0,0,0,0,0,0,0,0,0,0,0,0,0,0,0,0,0,0,0,0,0,0,0,0,0,0,0,0,0,0,0,0,0,0,0,0,0,0,0,0,0,0,0,0,0,0,0,0,0,0,0,0,0,0,0,0,0,0,0,0,0,0,0,0,0,0,0,0,0,0,0,0,0,0,0,0,0,0,0,0,0,0,0,0,0,0,0,0,0,0,0,0,0,0,0,0,0,0,0,0,0,0,0,0,0,0,0,0,0,0,0,0.000422922668707849,0.00460007804949234,0.00859511679534702,0.0128686501942765,0.0169856161821823,0.0211633356442048,0.0250674539143116,0.0276009870253937,0.0294607920410151,0.0311986709114409,0.0323389439120805,0.0337704750069312,0.0350223115558191,0.0362271217722688,0.0373865601325583,0.0384946770350302,0.0396286444060247,0.0417126575296404,0.0436247191287059,0.0454642824287276,0.0472269098903289,0.0489392676392992,0.0508385845084929,0.0534332349225008,0.0556512409637903,0.0577928566629124,0.0598529483506907,0.0617658300474315,0.0637500423586615,0.0660681208997114,0.0684963261315085,0.0707065079898886,0.0728382766775822,0.0745903936035125,0.0764516331621633,0.0781688497021393,0.0798171920193105,0.0814085381911924,0.0829398401760313,0.0844102101483499,0.0858281155639135,0.0870685258920376,0.0883449072014992,0.0897515747454544,0.0912646252915701,0.0927393943501567,0.094136151487027,0.0953196604007151,0.096465910445841,0.0975682036584361,0.0985422731299136,0.0993812180480094,0.100207536230855,0.100992214093737,0.101746800861479,0.102473941976634,0.103173613017,0.103845879838323,0.104492480783786,0.105115340150148,0.105714270387511,0.106289936656025,0.106834629612535,0.107262031670202,0.107730649463738,0.10818828316558,0.108626803458545,0.109049632661219,0.109455456747231,0.109845988343441,0.110223707759827,0.110584999793263,0.110933303422052,0.111268907717881,0.111590399963934,0.111901995559125,0.112199753261006,0.112486984081934,0.112762516137514,0.113028545074657,0.113284429639482,0.113530932205093,0.113767766876704,0.113994661378352,0.114215071465135,0.114424980799893,0.11463274642759,0.114920186572054,0.115149865153722,0.115375168038879,0.115589101840337,0.115795129421457,0.11599715480342,0.116187638464506,0.116370602233575,0.116550752779214,0.116719888234895,0.116885297346435,0.117041325984385,0.117195654893123,0.117341197117634,0.117482913068516,0.117567960149042,0.117642025374012,0.117722600203198,0.117799131316602,0.117874888339672,0.117945589967571,0.118015542746197,0.118083654926425,0.118146642118408,0.11820896561369,0.118266564687711
"x45",0,0,0,0,0,0,0,0,0,0,0,0,0,0,0,0,0,0,0,0,0,0,0,0,0,0,0,0,0,0,0,0,0,0,0,0,0,0,0,0,0,0,0,0,0,0,0,0,0,0,0,0,0,0,0,0,0,0,0,0,0,0,0,0,0,0,0,0,0,0,0,0,0,0,0,0,0,0,0,0,0,0,0,0,0,0,0,0,0,0,0,0,0,0,0,0,0,0.00766025757056948,0.0233619957786004,0.0379497838427303,0.0517966061038674,0.0647517625492934,0.0758184044922057,0.0861974255090397,0.0959724753767601,0.108326628494015,0.122174287144931,0.135491788688897,0.148215384408813,0.159432480341912,0.17142649658586,0.183163841410618,0.194450532197574,0.205307719404379,0.215835795649886,0.225642634528794,0.234867292796202,0.242914188340365,0.250083508118737,0.257151788347888,0.264114990354436,0.270860594222693,0.277505923027078,0.284548871219501,0.290924540021465,0.294883606123069,0.298794266332195,0.301841412260327,0.304330690771752,0.30652807669299,0.30822782794711,0.309875322125011,0.311413836031529,0.312806755719034,0.313055537197277,0.313185136041849,0.313211586432485,0.313536651218833,0.313657672660189,0.313846373941274,0.314028715197013,0.314204253451506,0.314380930893185,0.314539410717498,0.31457173855173,0.314613888110511,0.314654718371718,0.314699218695125,0.314734855049442,0.314500111182284,0.313863046259631,0.313284102403158,0.312727785193095,0.312192611977728,0.311707735648188,0.311209921920465,0.310514269657061,0.309800770442895,0.309172816408647,0.308567261879659,0.30835164769903,0.308336896221597,0.308214709135607,0.308100103337662,0.307989950000581,0.307884115553998,0.307801508075026,0.307804430912474,0.307841317123356,0.308048975236343,0.308068964342839,0.307985919907604,0.307891122922547,0.307779018754142,0.307665474145264,0.307553239227284,0.307441775502304,0.307478967818312,0.308040297924412,0.308501858739172,0.308936636352019,0.309355486625042,0.309759077949438,0.310147580461023,0.310520354924138,0.310879987397084,0.311226320312111,0.311558299113256,0.311878991259713,0.312201043767803,0.312708462644389,0.313143038506305,0.313555283124915,0.313951720220737,0.314332252231015,0.314700290062085,0.31505439503656,0.315393284381259,0.31572061031455,0.316035768262911,0.316337125051897,0.316629160379911,0.316908495756611,0.317178552137095,0.317438497095878,0.317688452252058,0.317927683018572,0.31815953340455,0.31838069279981,0.318595163324475,0.318801329451395,0.31899831166837,0.319189218559604,0.319367023088067,0.319461737867702,0.319557082974389,0.319641704800351,0.319725363377094,0.319806616796875,0.319881390541856,0.319956011087783,0.320028617978052,0.320095212784692,0.320161701076156,0.320224239206656,0.320285804407946,0.320342614543382,0.320398381451171,0.320451972585622,0.320543085607707,0.320654555654552,0.320773232502567,0.320891893111508,0.321008238405963,0.321120119028326,0.321228538092626,0.321333101952172,0.321432917773619,0.321529592285416,0.321630859949735
"x46",0,0,0,0,0,0,0,0,0,0,0,0,0,0,0,0,0,0,0,0,0,0,0,0,0,0,0,0,0,0,0,0,0,0,0,0,0,0,0,0,0,0,0,0,0,0,0,0,0,0,0,0,0,0,0,0,0,0,0,0,0,0,0,0,0,0,0,0,0,0,0,0,0,0,0,0,0,-0.00353915841914691,-0.00925136093702853,-0.0147930243936772,-0.0202539304983999,-0.0263009742201179,-0.0327044538303971,-0.0388100823507524,-0.0447391967543586,-0.0465451916211764,-0.0485986331875423,-0.0522955822926447,-0.0567115611200976,-0.0602926565100565,-0.0636640463306005,-0.0667523049483197,-0.0694409633154183,-0.0713331289220538,-0.072424713729648,-0.0732655382832588,-0.0740957483265168,-0.0802830069797038,-0.092258778418416,-0.103451618588144,-0.114460491998952,-0.125134257234895,-0.133985481860273,-0.141788108468846,-0.14985395840816,-0.15987618398388,-0.170942694115361,-0.181571949064926,-0.191678979965041,-0.200558712461172,-0.209661645498621,-0.218590228014135,-0.227168213518017,-0.235062307808092,-0.242420539350412,-0.249375785247727,-0.25651759835485,-0.263717820008471,-0.270322103315845,-0.276556109681321,-0.283678039253496,-0.290341669977835,-0.296954506284509,-0.304068632391523,-0.310328077276563,-0.314996272475982,-0.319663245158654,-0.324056368084898,-0.32965252009313,-0.334828620364257,-0.339356208803286,-0.34368628504246,-0.347714176051397,-0.351311840927016,-0.351611548005158,-0.351369521972963,-0.351170090850469,-0.350801423835322,-0.350500965932496,-0.350211739314992,-0.349933923547303,-0.349666827436282,-0.349413081240491,-0.349165043566677,-0.348894911316538,-0.348633735325786,-0.348382764392689,-0.348143168792378,-0.347912918421253,-0.34728744081687,-0.346531615709272,-0.345801803120615,-0.345098822284433,-0.344422651742417,-0.343623608027215,-0.342596117122689,-0.341697819347468,-0.340814643496763,-0.339976400911162,-0.33917259094996,-0.338472879803746,-0.337968086775945,-0.337406052400224,-0.33686395415014,-0.336346851445582,-0.335849559910531,-0.335380755929863,-0.334975213914635,-0.334519477972498,-0.334362591302089,-0.334295118876456,-0.33431458293698,-0.334336772803058,-0.334328707807353,-0.334180682008485,-0.334058123861094,-0.333937083966459,-0.333935807696333,-0.334547872995182,-0.335039445520661,-0.335499488833446,-0.335940458281057,-0.336365747486397,-0.336775201883527,-0.337168520712813,-0.337547182551552,-0.337911892338043,-0.338262222509992,-0.338599745977907,-0.338944833127296,-0.339501182461655,-0.340001061920536,-0.340482605869031,-0.340945216428713,-0.341389934364264,-0.341818465996307,-0.342230830009655,-0.34262771046188,-0.343009203507353,-0.343376800321941,-0.343729480252846,-0.344069184346163,-0.34439640244255,-0.344710989277873,-0.345014235537941,-0.345305401323457,-0.345584957488564,-0.345855237938425,-0.346114142909476,-0.346364314962465,-0.346604347624666,-0.346835459519226,-0.347057644862872,-0.34726665393899,-0.347388648899601,-0.347488092839973,-0.347576433187662,-0.347663007445752,-0.347747218054569,-0.347825503614463,-0.347902868915025,-0.347978137987584,-0.348047918392041,-0.348116830197329,-0.348181881985701,-0.348245630958644,-0.348305208098946,-0.348363532776595,-0.34841927584029,-0.348511371433536,-0.348637133875622,-0.348779873300464,-0.348922996566906,-0.349064118977355,-0.3491989936757,-0.349330263748873,-0.349457557256883,-0.349578144626948,-0.349695222261979,-0.349809679637802
"x47",0,0,0,0,0,0,0,0,0,0,0,0,0,0,0,0,0,0,0,0,0,0,0,0,0,0,0,0,0,0,0,0,0,0,0,0,0,0,0,0,0,0,0,0,0,0,0,0,0,0,0,0,0,0,0,0,0,0,0,0,0,0,0,0,0,0,0,0,0,0,0,0,0,0,0,0,0,0,0,0,0,0,0,0,0,-0.00564775313668486,-0.0107459096950521,-0.0169314858203127,-0.0260034483788316,-0.0346524170081356,-0.0430176817688286,-0.0514216073434857,-0.0589942254847291,-0.0662091674509265,-0.0734436535980289,-0.0804714161410169,-0.0872165021213343,-0.0937328713569073,-0.0997554161222098,-0.10530761467054,-0.110543803460714,-0.115882939065841,-0.122364333563389,-0.12930721465652,-0.1357410801111,-0.142098469301433,-0.147948308119638,-0.154282753665844,-0.160510912817614,-0.166030292015102,-0.169435499266527,-0.172298690900248,-0.175072871463103,-0.178302277154903,-0.181998072354179,-0.18558990631423,-0.189034365683019,-0.191739431608549,-0.194514931746563,-0.197234985933536,-0.200467026826765,-0.204306898332047,-0.207568590901967,-0.208529167947035,-0.209759399798159,-0.21259971579861,-0.216186699727182,-0.224925860720662,-0.233111273268144,-0.241068966474471,-0.249259627409361,-0.257054435054119,-0.264869739642737,-0.272549688489445,-0.281180698083026,-0.290092719431851,-0.298783612104638,-0.307079135558703,-0.315321153354438,-0.323122979125664,-0.33063075108178,-0.337854414760688,-0.344800417778747,-0.351483273368195,-0.357576921728202,-0.36348800880944,-0.369175223427286,-0.374645217297143,-0.379911089264597,-0.385021074087149,-0.390190315327651,-0.395132318942072,-0.399887155119033,-0.404461863070897,-0.408957231365062,-0.41346912806619,-0.417859630238713,-0.422121588641718,-0.426194823808312,-0.430108890823902,-0.433895379860544,-0.437774651174837,-0.441427329667372,-0.444938773055294,-0.448314867041225,-0.451563391168568,-0.454650202145663,-0.457431133194771,-0.4600733916014,-0.462384183561288,-0.464634081738139,-0.466787051146098,-0.468868737942004,-0.470920688977008,-0.473088345166958,-0.475141338254476,-0.477121146042846,-0.47882142870431,-0.4801453415708,-0.481503626551188,-0.482816929159827,-0.484074028102571,-0.485282662869756,-0.486445580723492,-0.487570039659248,-0.488647324369213,-0.489683004118606,-0.490684935546526,-0.491644518740579,-0.492538915230406,-0.493114901759003,-0.49371676809854,-0.494300626734901,-0.494858304426889,-0.495393711685543,-0.495908712099716,-0.496404205639449,-0.496885266353013,-0.497345259574659,-0.497790857245711,-0.498216672200425,-0.498625171095992,-0.499022039868671,-0.499401434322137,-0.499769264932967,-0.500120556204724,-0.500457023400956,-0.500784555057046,-0.501097219597296,-0.501400835055241,-0.501690500672611,-0.501971485918044,-0.502239500800572,-0.50249708383375,-0.502819008604667,-0.5031236749295,-0.503420193424561,-0.503700051199951,-0.503967480484106,-0.504230679891962,-0.504479522388894,-0.504717154634664,-0.504951590244572,-0.505172878940492,-0.505390354839088,-0.505595241284261,-0.505796661474967,-0.505986028158994,-0.506172490413444,-0.506324534709324,-0.506442366655781,-0.506547758976866,-0.506644221220509,-0.506738249308761,-0.506827211985438,-0.506914348096902,-0.506998580278122,-0.507078133336282,-0.507156140934915,-0.507233018078828
"x48",0,0,0,0,0,0,0,0,0,0,0,0,0,0,0,0,0,0,0,0,0,0,0,0,0,0,0,0,0,0,0,0,0,0,0,0,0,0,0,0,0,0,0,0,0,0,0,0,0,0,0,0,0,0,0,0,0,0,0,0,0,0,0,0,0,0,0,0,0,0,0,0,0,0,0,0,0,0,0,0,0,0,0,0,0,0,0,0,0,0,0,0,0,0,0,0,0,0,0,0,0,0,0,0,0,0,0,0,0,0,0,0,0,0,0,0,0,0,0,0,0,0,0,0,0,0,0.00170212106636032,0.0127851642193593,0.02430009405675,0.0353942283797246,0.0473382925414941,0.0585906991208716,0.0692411572708979,0.0796200183456938,0.0907438248137059,0.101721413053628,0.112300323681955,0.122326929631639,0.132493727023198,0.142031890718353,0.151210576853215,0.160041591022818,0.16853753421172,0.176712593754802,0.184240499228215,0.191542848866499,0.198568913111364,0.205329799584766,0.211830542630069,0.217222876046178,0.221832598894113,0.226419746424495,0.230826788008085,0.235067084920959,0.239191631259061,0.243277692802989,0.246945221782617,0.250331927506758,0.253675605073444,0.256879364638519,0.260140795409296,0.263595233398467,0.266829929725343,0.269942775723116,0.272928829399053,0.275802119661652,0.278557069411568,0.281128316211696,0.283665011912118,0.286066446056156,0.288227005608519,0.290220824138933,0.292147264362127,0.294103549122264,0.296098703807304,0.298031556873938,0.299898293363742,0.301491291574025,0.302861017913866,0.304247022655678,0.305588770194786,0.306869679252724,0.308100911686984,0.309285629423323,0.310433996893215,0.31153206367142,0.312587254450461,0.31361057542276,0.314588919527699,0.315530539817577,0.316330681477015,0.317131154003814,0.317908084960558,0.31865075007747,0.31936429757368,0.320049640672241,0.320709108699159,0.321350334277624,0.321963093362637,0.32255609798323,0.323124481192106,0.323668260086823,0.324197224867915,0.324702867367166,0.325192239296571,0.325660602304529,0.326109784050266,0.32654520327225,0.326963267377608,0.327366946840128,0.327753470443478,0.328128050052396,0.328485744001867,0.328831293323589,0.329273831452502,0.329686208788874,0.330086438667215,0.330464877996507,0.330826483513341,0.331181485673632,0.331518173889771,0.331839713853793,0.332155848584921,0.332455403614315,0.332747757205624,0.333025269667208,0.333297040567764,0.333554680927645,0.333805100212673,0.334002344477262,0.334153736609299,0.334290304042259,0.334418132718583,0.334541361971496,0.334658903023494,0.334772759204708,0.334883095223936,0.334988428794149,0.335090415153226,0.33518303112688
"x49",0,0,0,0,0,0,0,0,0,0,0,0,0,0,0,0,0,0,0,0,0,0,0,0,0,0,0,0,0,0,0,0,0,0,0,0,0,0,0,0,0,0,0,0,0,0,0,0,0,0,0,0,0,0,0,0,0,0,0,0,0,0,0,0,0,0,0,0,0,0,0,0,0,0,0,0,0,0,0,0,0,0,0,0,0,0,0,0.00383846729811183,0.0124037609870354,0.0205546731447107,0.0284185209622614,0.0358106952861242,0.0429472062339318,0.0497803821459077,0.0570419373259337,0.0642479050731634,0.0711723249978634,0.0776737457610324,0.0834273873461292,0.0888586062674464,0.0945050587812633,0.100173245348043,0.106423854990507,0.112967128871721,0.118868366983585,0.123194137169348,0.126553260632505,0.130289708099751,0.1340111686025,0.138726287753345,0.143114190430451,0.147162716529077,0.15105770959392,0.155317492038731,0.159932325048557,0.164747085431228,0.169691002882777,0.17406141951538,0.177619270306687,0.18223597251814,0.190691772299682,0.198213097257003,0.206019953636289,0.214991480074024,0.223622411424005,0.232768607577733,0.240819153317984,0.243775150883705,0.245974302478326,0.247999762066171,0.247613216753184,0.247458535558004,0.247131076569093,0.247012988219251,0.246802866015157,0.246603772088258,0.246829962806692,0.24670516240181,0.246092022805878,0.245754896998251,0.245428773876171,0.245115547471944,0.244824417257626,0.244536251047279,0.24467228749332,0.244736565574357,0.244798582464792,0.244863909315283,0.244923914906845,0.246003495174459,0.247969054286531,0.249760343160267,0.251483357752163,0.253141482549347,0.254520969247238,0.255384168667605,0.256349783328432,0.257333437870792,0.258233580047315,0.259109032291843,0.260094151065429,0.260691761923594,0.261393748749309,0.262068103123601,0.262724816894001,0.263356709502333,0.263993924579737,0.264786374852984,0.265441662419085,0.265993075126718,0.266975794213339,0.268166910322628,0.269328270184402,0.2704215424662,0.271265189796476,0.272097629592359,0.272896604766938,0.273596383688859,0.274184861265587,0.274710572063925,0.275211143734283,0.275698000138536,0.276167568823747,0.27661939848969,0.277049088407679,0.277466263490207,0.277868644840256,0.278251261381492,0.278622650396072,0.278968463659543,0.279359127261895,0.27972455497285,0.280077135977632,0.280419024567939,0.280749720699097,0.281067080292508,0.281372391118572,0.281664220940897,0.281945511638246,0.282214550450342,0.282475752935817,0.282727210897951,0.282967961565449,0.283199501509082,0.283421209210065,0.28363531385386,0.283843444130677,0.284041219779975,0.284232707223339,0.284415525009306,0.284591639678566,0.284761770115921,0.284924824769472,0.285078320614196,0.285128986501565,0.285184842469474,0.285238194396651,0.285292725594817,0.28534654348944,0.28539553447579,0.285444479673068,0.285492659838871,0.2855363963316,0.285580103505856,0.285619973781389,0.285660131411667,0.285697222996731,0.285734883855853,0.285769273225122,0.285850918617087,0.285962457468945,0.286080566171572,0.286192291301779,0.28630131841275,0.286404386582472,0.286505172948018,0.286602253758769,0.286693576692657,0.286783025871568,0.286868694397322
"x50",0,0,0,0,0,0,0,0,0,0,0,0,0,0,0,0,0,0,0,0,0,0,0,0,0,0,0,0,0,0,0,0,0,0,0,0,0,0,0,0,0,0,0,0,0,0,0,0,0,0,0,0,0,0,0,0,0,0,0,0,0,0,0,0,0,0,0,0,0,0,0,0,0,0,0,0,0,0,0,0,0,0,0,0,0,0,0,0,0,0,0,0,0,0,0,0,0,0,0,0,0,0,0,0,0,0,0,0,0,0,0,0,0,0,0,0,0,0,0,-0.00663877813101108,-0.0193639000492349,-0.0312552028104532,-0.0432553491919648,-0.0562452029397116,-0.0686940917942963,-0.0822732829053089,-0.0951820968767349,-0.106909767438181,-0.117763544931944,-0.128268937252805,-0.138597481170867,-0.148492560784084,-0.157661621069039,-0.166810851128061,-0.176467915793351,-0.185677668097339,-0.194654271980842,-0.202979959726824,-0.210914038787414,-0.218611738076132,-0.226017124180232,-0.233142567055131,-0.240008524218589,-0.246608356577936,-0.253244176817521,-0.259590341866651,-0.265697012634411,-0.27157991586166,-0.277231801335172,-0.283089307572178,-0.289298078157453,-0.295227616750124,-0.300927995551147,-0.306412966462714,-0.31148994642798,-0.315954135096081,-0.319984762035662,-0.323880278340786,-0.327634248868218,-0.331242059861912,-0.334921470421679,-0.338210904173703,-0.341487034809692,-0.344639463828986,-0.347672122621293,-0.35059023740742,-0.353427458991015,-0.35632092733738,-0.359077358419064,-0.361660356181745,-0.364304678577682,-0.36695398215947,-0.369522999345721,-0.372006746611115,-0.374227632483452,-0.376398475134499,-0.378490455570116,-0.380446200359413,-0.382105173008265,-0.383734240671697,-0.385302262809835,-0.386809726996742,-0.388260579985609,-0.38965663722796,-0.391000500583968,-0.392292631193825,-0.393536092131269,-0.394733288854761,-0.395884260565702,-0.397003949452742,-0.398226119707286,-0.399380171525232,-0.4004920615451,-0.401562018438018,-0.402592951464107,-0.403583238408633,-0.404535985983291,-0.405454369781683,-0.406336171807754,-0.407184685933777,-0.408002563356162,-0.408787762554843,-0.409545291639765,-0.410272079932051,-0.410971768101631,-0.411644379983454,-0.412293078276825,-0.412916361057506,-0.413516865365409,-0.414093880139096,-0.414647997584436,-0.415183789688834,-0.415696644357031,-0.416185801204013,-0.416628081149357,-0.417046149778535,-0.417451097818418,-0.417839178670216,-0.418212379063061,-0.418573609521044,-0.418919114944774,-0.419251125958505,-0.419572990702427,-0.419880317917556,-0.420177143578661,-0.420461228772454,-0.420737185644623,-0.42100129261874,-0.421255726556153,-0.421524388139945,-0.421794223013583,-0.42206221541261,-0.422314032683112,-0.422559277795129,-0.422791487904785,-0.423018330226399,-0.423237416858829,-0.423444061919475,-0.423646153307353,-0.423834891345538
"x51",0,0,0,0,0,0,0,0,0,0,0,0,0,0,0,0,0,0,0,0,0,0,0,0,0,0,0,0,0,0,0,0,0,0,0,0,0,0,0,0,0,0,0,0,0,0,0,0,0,0,0,0,0,0,0,0,0,0,0,0,0,0,0,0,0,0,0,0,0,0,0,0,0,0,0,0,0,0,0,0,0,0,0,0,0,0,0,0,0,0,0,0,0,0,0,0,0,0,0,0,0,0,0,0,0,0,0,0,0,0,0,0,0,0,0,0,0,0,0,0.00922206843336785,0.0214618676332177,0.0340764048210805,0.046475432497875,0.0588519804458371,0.0706130095630509,0.0817702448902197,0.0926306615445725,0.103886285232549,0.115264492096208,0.126440060075466,0.140024631429704,0.152959448141523,0.165262292639158,0.177577460956263,0.19150745126834,0.204743659374628,0.217411063560972,0.22971379562244,0.241703325238998,0.253179215612312,0.264219718125849,0.274842280267722,0.28507331430658,0.294910125317924,0.3042042385975,0.313177656636384,0.321812706351992,0.330134852772686,0.338117866800039,0.34573048873147,0.352828865707601,0.359751565221464,0.366400832668491,0.372799010768305,0.379149331246058,0.38558501071836,0.391669592952013,0.397352118945346,0.402952850849695,0.408317799240167,0.413588792889688,0.418370521087807,0.423128305574493,0.427712610578804,0.432106981354973,0.436335231486209,0.440416266353881,0.44437460817955,0.448219808092642,0.451650276780904,0.454633070174741,0.457364748572645,0.460007459793831,0.462683880638436,0.465264932454992,0.467801661658166,0.47025573479189,0.472734770632675,0.474495650796321,0.476401027770007,0.478252334295449,0.480020043607196,0.48171907906585,0.483353767581774,0.484939729186103,0.486454637689813,0.487910631679425,0.489324049702081,0.490673631587702,0.491993021968116,0.493293692984196,0.494537627377076,0.495751398774574,0.496911824835525,0.498025638676621,0.499096947799942,0.500127675002456,0.501128468473757,0.502085392485505,0.503012616105823,0.503898521634735,0.504748492349992,0.505574176293577,0.506363430516793,0.507128682191397,0.507859502466752,0.508560063440603,0.509241292597692,0.509892096644216,0.510523627516777,0.511126346184775,0.511711129447853,0.512269013911178,0.512805116125545,0.51341858896379,0.513991796337297,0.514552363831094,0.515084877089856,0.515594213098392,0.516092524856584,0.516566086516147,0.517018954340854,0.517462822264334,0.517884103869581,0.518295881183049,0.518686020686107,0.519067600777473,0.519428672823027,0.519781758344956,0.520081859911441,0.520344122237264,0.520591900262636,0.520820100553455,0.52103994937116,0.521247615776941,0.521449962370842,0.521645950385599,0.521831233102987,0.522011962284488,0.522175652605576
"x52",0,0,0,0,0,0,0,0,0,0,0,0,0,0,0,0,0,0,0,0,0,0,0,0,0,0,0,0,0,0,0,0,0,0,0,0,0,0,0,0,0,0,0,0,0,0,0,0,0,0,0,0,0,0,0,0,0,0,0,0,0,0,0,0,0,0,0,0,0,0,0,0,0,0,0,0,0,0,0,0,0,0,0,0,0,0,0,0,0,0,0,0,0,0,0,0,0,0,0,0,0,0,0,0,0,0,0,0,0,0,-0.00301319389144994,-0.00645327364958327,-0.00976487519726346,-0.0124123273263651,-0.0144192520089104,-0.0162724011154453,-0.0185326042785691,-0.0252013753909849,-0.0338888949885036,-0.0458323424429459,-0.0567595320724459,-0.0673463651267815,-0.0781055266090352,-0.089117894447328,-0.0993921383883072,-0.107309241087914,-0.115254695568564,-0.123573047243094,-0.131553929729594,-0.139517831847325,-0.149072552559144,-0.158207219585507,-0.166501596890539,-0.174871730630144,-0.183249160582199,-0.191410256587005,-0.199253774035968,-0.206891656703452,-0.214005368379531,-0.220969556770374,-0.227667904439401,-0.234112493089763,-0.240336576545791,-0.24629933448299,-0.251765225821787,-0.257055594283407,-0.262147085007033,-0.267069277777361,-0.271767271463844,-0.275683051184432,-0.278778449012358,-0.282054852405221,-0.28518246955716,-0.288193224179417,-0.291302744011514,-0.294558145599218,-0.298473011217398,-0.301741805972133,-0.305193754995812,-0.308485789197051,-0.312014034826479,-0.315158389762529,-0.31834048789935,-0.321404828957791,-0.324335530749364,-0.327155744741462,-0.329900772216991,-0.332679261397877,-0.335451427120526,-0.33779467686831,-0.339535422870583,-0.340981349292781,-0.342383098299531,-0.343865691325175,-0.345259060310468,-0.34668059756368,-0.348061207661637,-0.349465530851139,-0.350371069574963,-0.351379826138828,-0.352380153947989,-0.353329658488016,-0.354240345733141,-0.355116842549437,-0.355970760965363,-0.356785404719664,-0.357566522619081,-0.358327430959871,-0.359053937073076,-0.359761995111955,-0.360479670534272,-0.361137419343595,-0.361787721510365,-0.362413314628762,-0.363011434291651,-0.363586299607615,-0.364139645265956,-0.364676088251589,-0.365192676638961,-0.365690179222198,-0.366168753280821,-0.36662625133928,-0.36706841873634,-0.367495240268383,-0.36790581863764,-0.368301501048986,-0.368679454340002,-0.369043994052018,-0.369396583007185,-0.36973533938571,-0.370062536559656,-0.370376080537816,-0.370679151296569,-0.370972373857634,-0.371297951257238,-0.37162758213218,-0.371943045287122,-0.372245339407983,-0.3725337969175,-0.372811453891078,-0.373080164691818,-0.373337375467341,-0.373584621921068,-0.373824077802939,-0.374054659029309,-0.37427717942419,-0.374490485578397,-0.374696020086606,-0.374893990275923,-0.375060089252881,-0.375202734245212,-0.37532852056634,-0.375449497129777,-0.375562632420118,-0.375672734488928,-0.375776411595394,-0.375875895060796,-0.375974194849855,-0.37606708511875,-0.376149720720589
"x53",0,0,0,0,0,0,0,0,0,0,0,0,0,0,0,0,0,0,0,0,0,0,0,0,0,0,0,0,0,0,0,0,0,0,0,0,0,0,0,0,0,0,0,0,0,0,0,0,0,0,0,0,0,0,0,0,0,0,0,0,0,0,0,0,0,0,0,0,0,0,0,0,0,0,0,0,0,0,0,0,0,0,0,0,0,0,0,0,0,0,0,0,0,0,0,0,0,0,0,0,0,0,0,0,0,0,0,0,0,0,0,0,0,0,0,0,0,0.0108157085471927,0.0270047648519562,0.042728360181318,0.0571154848551535,0.069519522162939,0.0817635472057176,0.092012766490564,0.101465943555314,0.11238786725779,0.122962087028936,0.133801262268161,0.142710247743638,0.151591700041597,0.161389392862686,0.170589381242991,0.179026734675441,0.187355169866122,0.194759226430478,0.202548921084665,0.209501417673239,0.215765797479183,0.221914492028873,0.227773743037596,0.23341286658566,0.238838007331612,0.244062565341248,0.249081801084387,0.253768145117928,0.258295441627311,0.262651324636778,0.266847335243002,0.270871156344867,0.274551059351076,0.278030931700846,0.281428736893983,0.284696099259583,0.287839649755585,0.290956134515418,0.293871275173938,0.297833688969579,0.301340705503572,0.304899104042003,0.308297836066096,0.311897917720403,0.315470585104012,0.318881710808453,0.322166683050803,0.325315116531758,0.328345023598385,0.331319221332696,0.33444382970332,0.33749188003052,0.340416433365118,0.343604225484829,0.346852573245721,0.350019492937957,0.353092110733116,0.355756606256894,0.358424788056378,0.361001161248662,0.363479002964968,0.365775299895334,0.368093766431063,0.370319812152782,0.372444295513945,0.374488187321636,0.37645496528767,0.378360321356805,0.380181675529328,0.38193297132184,0.383630910689406,0.385253405286467,0.38678913406764,0.388113858222641,0.389380718374882,0.390618756966512,0.391798986739512,0.392930576065892,0.394020522748442,0.39506911560329,0.396088338742154,0.397061284662815,0.398006255500887,0.398905498624696,0.399769265695977,0.400610124112997,0.401412359555676,0.402192646152642,0.402935249465833,0.403645447684362,0.404340603268235,0.405000581492503,0.405644927161834,0.406257218650603,0.40685252892073,0.407419195162276,0.407959901829912,0.408416793484341,0.408833070513281,0.409232161925129,0.409612359457077,0.409976241272068,0.410329848693292,0.410668470018491,0.410992582024178,0.411307545085427,0.411608998419672,0.411903201852826,0.412182683740533,0.412453530865725,0.412710308755166,0.412962700081829,0.413235358942937,0.413542904238602,0.413861836219273,0.41416351342856,0.414458358833066,0.414737162845271,0.415009929680153,0.415275011033723,0.415524584368069,0.415768270540028,0.415989422538562
"x54",0,0,0,0,0,0,0,0,0,0,0,0,0,0,0,0,0,0,0,0,0,0,0,0,0,0,0,0,0,0,0,0,0,0,0,0,0,0,0,0,0,0,0,0,0,0,0,0,0,0,0,0,0,0,0,0,0,0,0,0,0,0,0,0,0,0,0,0,0,0,0,0,0,0,0,0,0,0,0,0,0,0,0,0,0,0,0,0,0,0,0,0,0,0,0,0,0,0,0,0,0,0,0,0,0,0,0,0,-0.000648046707128282,-0.00806176056874255,-0.0146976678422834,-0.0209500544663241,-0.0269446742328391,-0.0330437457874385,-0.0391688388222104,-0.0453311258275744,-0.0505697549927276,-0.0607696910973899,-0.0736118145332761,-0.086233922016418,-0.0978643399513197,-0.108066467884171,-0.118148763795608,-0.128088898710881,-0.137610384019801,-0.148778665864058,-0.159484126930351,-0.169613685487904,-0.177754816346812,-0.185740866174518,-0.193732560106265,-0.201386146133813,-0.20864870695941,-0.215921487684124,-0.223453584797758,-0.231230940943816,-0.238375438809733,-0.244952184952388,-0.251434877108159,-0.257616028279578,-0.263564526725866,-0.26928758817392,-0.274790841708001,-0.280087901328167,-0.285110206447244,-0.289951542663864,-0.294609445508225,-0.299091610978407,-0.303397046732734,-0.307862131770775,-0.31255800769895,-0.317051335440807,-0.321374508477412,-0.325533924206673,-0.329636233537043,-0.333530896794423,-0.338175380552845,-0.342487154347797,-0.346734422883309,-0.35080357536093,-0.354603083392879,-0.358081205632663,-0.361512162297653,-0.364818671548616,-0.367989870416549,-0.371041333180619,-0.374005269181582,-0.376973200349945,-0.379885202824894,-0.382697882099092,-0.385734932461141,-0.388818813895596,-0.391814339154045,-0.394689299411222,-0.39710339962741,-0.399524943427423,-0.401861046556799,-0.404187349509161,-0.406402329634815,-0.408607696061049,-0.410722395520815,-0.412746649588187,-0.414694434087641,-0.416568448492752,-0.418380529126221,-0.420115202771763,-0.42178387157823,-0.423398660790402,-0.424943537012632,-0.426412155260485,-0.427709902844291,-0.428969020619787,-0.430190451667218,-0.431356965593421,-0.432478865124684,-0.433557590763836,-0.434595309002805,-0.435602972169184,-0.436564397752308,-0.437496524360892,-0.438387229871312,-0.439242017890457,-0.440073586116666,-0.440866101002323,-0.441635291104591,-0.442368765228746,-0.443073833963219,-0.443759141582811,-0.444413330256332,-0.445048026656071,-0.445652582316463,-0.446241247513497,-0.446800779724087,-0.447331130929686,-0.447751890215283,-0.448136225684608,-0.448509497975565,-0.448865788727397,-0.449207328582652,-0.449539440748292,-0.449856764488642,-0.450160823172055,-0.45045665783133,-0.450739185516407,-0.451013351074822,-0.451274986292521,-0.45152907109186,-0.451771461218012,-0.452006432681253,-0.452287798395019,-0.452605565417775,-0.45293407516224,-0.453241754325984,-0.453541928717923,-0.453825078933871,-0.454102611820713,-0.454372131306228,-0.45462507605059,-0.45487266194004,-0.455095474127976
"x55",0,0,0,0,0,0,0,0,0,0,0,0,0,0,0,0,0,0,0,0,0,0,0,0,0,0,0,0,0,0,0,0,0,0,0,0,0,0,0,0,0,0,0,0,0,0,0,0,0,0,0,0,0,0,0,0,0,0,0,0,0,0,0,0,0,0,0,0,0,0,0,0,0,0,0,0,0,0,0,0,0,0,0,0,0,0,0,0,0,0,0,0,0,0,0,0,0,0,0,0,0,0,0,0.00213711957332917,0.0047674498800088,0.00633504295337833,0.00800822160209123,0.0101851450151603,0.0129141760473508,0.0204207670833618,0.0275013787950149,0.034333418873038,0.0408979410394859,0.0474017734275901,0.05403205553761,0.0608619728668933,0.067322157607836,0.0740565196392535,0.081376141423463,0.0891462497637736,0.0963112217676938,0.10286550570291,0.109094537721695,0.115598249615715,0.121954111502031,0.127433195349012,0.132827282792192,0.137991461577453,0.141980463775088,0.146090501663153,0.150974005607812,0.155778934773352,0.160581344784476,0.165516526684463,0.171495539936133,0.177611547450011,0.183518769328071,0.188867962233463,0.193583928566283,0.198350901618972,0.202935621205079,0.207346873010152,0.211608596909943,0.215684886899247,0.219319074686325,0.222843288023035,0.226234918362122,0.229515258851513,0.23264544957493,0.235759345645874,0.23870834787286,0.241605946789272,0.244379008486005,0.247047862417204,0.249714541028267,0.252044891688687,0.254985490757936,0.257465271741215,0.260054536990396,0.262528718575604,0.264964271298921,0.266953387807995,0.269029422487441,0.271028433057864,0.272945083865734,0.274789469810599,0.276594858370728,0.278503597697537,0.280443211200079,0.282233250428527,0.284193466361959,0.286149239138257,0.288044634865425,0.289948206655975,0.291698023467798,0.293429326947527,0.295101938060875,0.296628758633018,0.297953904505409,0.299263326382724,0.300534092831499,0.301749885377092,0.302918866631733,0.30404377165443,0.305131427747098,0.306173889464969,0.30717592802294,0.308144998033026,0.309073892103969,0.309963983308241,0.310847361088114,0.311664727800914,0.312450705515899,0.313206075791898,0.313933355872564,0.314631515123609,0.315303182293077,0.315952641380183,0.316575546931621,0.317175600173447,0.317753579580709,0.318307581109191,0.318843283796492,0.319357017228279,0.319852055784813,0.320327627019498,0.320785506624417,0.321226365340902,0.321651051859138,0.32205954601446,0.322451748978552,0.322830892121089,0.323194047686791,0.323538996618398,0.323856978653186,0.324159475774411,0.324451973203914,0.324731186700473,0.324998959719244,0.325258552705586,0.32550698935587,0.325745398772005,0.325976675735533,0.326197883456649,0.32641156649111,0.326616425426943,0.32681502846019,0.327005388555268,0.327188730174336,0.327384226229151,0.32757481078687,0.327761487178122,0.327938912940315,0.328110608256397,0.328274452344081,0.328433309477361,0.328586734001765,0.328732945263209,0.32887472684618,0.329002667405478
"x56",0,0,0,0,0,0,0,0,0,0,0,0,0,0,0,0,0,0,0,0,0,0,0,0,0,0,0,0,0,0,0,0,0,0,0,0,0,0,0,0,0,0,0,0,0,0,0,0,0,0,0,0,0,0,0,0,0,0,0,0,0,0,0,0,0,0,0,0,0,0,0,0,0,0,0,0,0,0,0.00140189692071425,0.00501233327995764,0.00853033672381613,0.0122299169393996,0.0161265055234607,0.0201250076007174,0.0240289652050661,0.0277828522859846,0.0317029096635054,0.0358461123616658,0.0399410386680889,0.0437163857327399,0.0470755972624634,0.0470239721605706,0.0486851068606554,0.0505897942975129,0.0521065043630161,0.0534041630400358,0.0546683911983393,0.0572933242077106,0.0609624866529004,0.0645564174957274,0.0687900263317883,0.0724312671729128,0.0759362119191109,0.0777809128926594,0.0792984733085214,0.0834974962421709,0.0877938281925334,0.0911715739241115,0.0941218764904186,0.0964505693698127,0.0985265953352349,0.100400115468567,0.102219715099259,0.103936843596209,0.105454730448474,0.106765289256816,0.107637671953523,0.109052443903592,0.109817838077716,0.110831753653629,0.113353058329577,0.111975278954952,0.111978765416669,0.114782951679884,0.11740623380461,0.120348084430966,0.123216029200186,0.12577080248968,0.128994902924445,0.13196986725834,0.134192196613268,0.136329529097411,0.137968178921297,0.139561498571591,0.140692625763608,0.141342181724721,0.141917964117614,0.142921937828141,0.14426199059041,0.145363568442733,0.146424631586992,0.147445629310872,0.148409763861607,0.1493593178373,0.150501279196714,0.151573204725754,0.152604254001467,0.153583283186879,0.154543383202357,0.155480933341884,0.156578921461405,0.157642486637649,0.15867243509333,0.159663437329368,0.160568485970081,0.161781200312175,0.162924707759881,0.164294664022702,0.16547303565724,0.166617210276943,0.167694625349306,0.16884052975621,0.169904382854912,0.17092716834781,0.171912948447588,0.172861245314973,0.17372971962636,0.174342477084817,0.174922860658379,0.175474686770063,0.177163457330933,0.179225681225201,0.181223295500554,0.18308644519684,0.18467273112822,0.18622614759006,0.187719093936214,0.189400791360887,0.19138489904342,0.193279117342948,0.195083640304631,0.196816616527584,0.198484972766288,0.200089987779359,0.201637188870099,0.203121640613372,0.204550561755087,0.205929215031863,0.207250763826488,0.208524669856933,0.209797970166168,0.21104256268046,0.212243584112151,0.213393580995972,0.214502139608856,0.215566810514459,0.216590958994171,0.217583268278486,0.218530471339737,0.219446832863107,0.220325678614765,0.221168756296514,0.221987765524641,0.222767999740959,0.223523792495299,0.224245715709427,0.224942359669148,0.225615781997388,0.226260986078656,0.226884210701041,0.227478681415765,0.228058333903848,0.228608311276785,0.229136227336161,0.229594174769542,0.229993360927323,0.230382142747493,0.23075257910769,0.231108744758053,0.231455813769886,0.231785607328219,0.232102259308218,0.232411540469295,0.232704868679644,0.232989240864076,0.233260436904515,0.233525493178373,0.233778190166125,0.234021520805588,0.234282000475678,0.234574971141697,0.234885379019648,0.235175246423458,0.235460784064519,0.23572859088305,0.235993118996481,0.23625026950927,0.236489223563464,0.236724967886893,0.236943214596534
"x57",0,0,0,0,0,0,0,0,0,0,0,0,0,0,0,0,0,0,0,0,0,0,0,0,0,0,0,0,0,0,0,0,0,0,0,0,0,0,0,0,0,0,0,0,0,0,0,0,0,0,0,0,0,0,0,0,0,0,0,0,0,0,0,0,0,0,0,0,0,0,0,0,0,0,0,0,0,0,0,0,0,0,0,0,0,0,0,0,0,0,0.000382961564030305,0.00521658269892376,0.00883757877710062,0.0119351207854775,0.0144724517447796,0.0168300688334751,0.0190911929578323,0.0202647187041493,0.0209953046324601,0.0220536184196198,0.0227375596007443,0.0238810589765825,0.0254737157371316,0.0261766156470507,0.0265297669731928,0.0247866072938796,0.0225062326220993,0.0207162264924066,0.0192435329837028,0.0183272812412613,0.0186954664263794,0.0193149006661694,0.0198680907404633,0.0199832324970256,0.0193568140752986,0.0182935119621891,0.0174215708874718,0.0140524443273645,0.010204767896393,0.00595190025178656,0,0,0,0,0,0,0,0,0,0,0,0,0,0,0,0,0,0,0,0,0,0,0,0,0,0,0,0,0,0,0,0,0,0,0,0,0,0,0,0,0,0,0,0,0,0,0,0,0,0,-0.00273851378765054,-0.00638151981582811,-0.00992859436773661,-0.0134365141994837,-0.0166671429715206,-0.0198093050602544,-0.0228378456527383,-0.0259190043881476,-0.0292467863470673,-0.0324879887194189,-0.0355808025979547,-0.0385400323923171,-0.0413890917271203,-0.0441302740048874,-0.0467805892794394,-0.0493162840547905,-0.0517565985327867,-0.0541185014537166,-0.0563763425645665,-0.0585428517758386,-0.0606044756610344,-0.0625993320179543,-0.0645262187738428,-0.0663633491338653,-0.0681321869800819,-0.0698326918210342,-0.0714683399644307,-0.0730579429528878,-0.0745713935715351,-0.07604085437609,-0.0774430420802299,-0.0787892183361575,-0.080101230777971,-0.0813481354096553,-0.0825609446086178,-0.0837145479661107,-0.0848242024743139,-0.0859055985994584,-0.0869342930331078,-0.0879353740090147,-0.0888854780669508,-0.0898139567660611,-0.090693115041687,-0.0915330115363204,-0.0923053331031155,-0.09296414709678,-0.0936060590565878,-0.0942138497129901,-0.094797219642455,-0.0953702304339864,-0.0959115970720149,-0.0964301414826854,-0.0969407067458115,-0.097422209658027,-0.0978936864938723,-0.0983389340387028,-0.0987765579067695,-0.0991894630272509,-0.0995933159435851,-0.100012882248865,-0.100469790875277,-0.100955507450775,-0.101410905028881,-0.101860121325358,-0.102281477027699,-0.102697770333786,-0.103103346199781,-0.103480218393074,-0.103851639918969,-0.104190697367249
"x58",0,0,0,0,0,0,0,0,0,0,0,0,0,0,0,0,0,0,0,0,0,0,0,0,0,0,0,0,0,0,0,0,0,0,0,0,0,0,0,0,0,0,0,0,0,0,0,0,0,0,0,0,0,0,0,0,0,0,0,0,0,0,0,0,0,0,0,0,0,0,0,0,0,0,0,0,0,0,0,0,0,0,0,0,0,0,0,0,0,0,0,0,0,0,0,0,0,0,0,0,0,0,0,0,0,0,0,0,0,0,0,0,0,0,0,0,0,0,0,0,0,0,-0.0027372592984412,-0.0125821956783981,-0.0216894554767982,-0.0292670574828903,-0.036500099363958,-0.0425397724577728,-0.0484222648806459,-0.0539754671136991,-0.0588935341860457,-0.0636914921417365,-0.0683454131902854,-0.0728768344767978,-0.0767447387655393,-0.0805499957823778,-0.0850736745671567,-0.0895062375472522,-0.0935941287166482,-0.0976087874859034,-0.101471325568295,-0.105187972958205,-0.108766528363483,-0.112212764872143,-0.115719182506931,-0.11906858458694,-0.122291524388304,-0.125395389158436,-0.128379708720111,-0.131019300143122,-0.133720943005408,-0.136321310335017,-0.138820727583182,-0.141226081652749,-0.143604888121946,-0.146086607475146,-0.149032042777871,-0.151729594694284,-0.15438889311655,-0.156944655959471,-0.159598926185557,-0.162045048809024,-0.164442139050695,-0.166747768780033,-0.16896632411957,-0.17110112555219,-0.173184192435059,-0.175341644427821,-0.177378866651993,-0.179254503130646,-0.179818054381949,-0.179919002771493,-0.180003735473546,-0.180039063934221,-0.179995154382604,-0.179967473018233,-0.179938641491519,-0.179770898942231,-0.179438517115207,-0.179091724011523,-0.178771079067227,-0.178469281856375,-0.178177995955339,-0.177897842591721,-0.177622497113301,-0.177364215132819,-0.177115266499706,-0.176869534727034,-0.176639888831782,-0.176425898623694,-0.17638609952294,-0.176301033770071,-0.176210529712021,-0.176133322292098,-0.176060199509926,-0.175988652660058,-0.175920016053782,-0.175846978822337,-0.17578356822534,-0.175715368683214,-0.175657700063031,-0.175602100719908,-0.175541455567317,-0.175489411965601,-0.175432760506925,-0.175384883567185,-0.17534041806581,-0.175289461613157,-0.175247385572397,-0.175200293059421,-0.175161069475151,-0.175117938393784,-0.175081700741571,-0.175044764755807,-0.17494795796354,-0.174892222852734,-0.174834137474318,-0.174783252394948,-0.174735199435555,-0.174682350555926,-0.174636738164104,-0.174594338708842,-0.174547275761684,-0.174506775883081,-0.174462654473411,-0.174425346984765,-0.174385013090492,-0.174350955975169,-0.174313286264891,-0.174306523208583,-0.174305367120006,-0.174295620400853,-0.174288830597603,-0.174280167130464,-0.17427423449855,-0.174266301380121,-0.174256927812388,-0.174250822106049,-0.174243536786242,-0.174242987436454
"x59",0,0,0,0,0,0,0,0,0,0,0,0,0,0,0,0,0,0,0,0,0,0,0,0,0,0,0,0,0,0,0,0,0,0,0,0,0,0,0,0,0,0,0,0,0,0,0,0,0,0,0,0,0,0,0,0,0,0,0,0,0,0,0,0,0,0,0,0,0,0,0,0,0,0,0,0,0,0,0,0,0,0,0,0,0,0,0,0,0,0,0,0,0,0,0,0,0,0,0,0,0,0,0,0,0,0,0,0,0,0,0,0,0,0,0,0,0,0,0,0,0,0,0,0,0,0,0,0,0,0,0,0,0,0,0,0.000263445041405832,0.00259530231446599,0.00464953219237711,0.00613397678070231,0.00778168161836774,0.00936535545165221,0.0108893656646218,0.0123609679977266,0.0137699263146688,0.0149704952167398,0.0161399575962423,0.0172660439807911,0.0183525366759533,0.0193946730373887,0.020404938850178,0.0213320313706272,0.0223617703289389,0.0233479260685104,0.0242976950163118,0.025275261561838,0.0261279780531091,0.0272995979672385,0.0282905986041668,0.0292780028820164,0.03023010823099,0.0306880624341567,0.0309610464775319,0.0313096404886865,0.0316356127389473,0.0319556649717995,0.0322637867731537,0.0325624252939571,0.0329147804487035,0.0332191179086621,0.0332425193525342,0.0332514643742557,0.0332072436345374,0.033162608993354,0.0331375784763901,0.0332561985794404,0.0333424412699903,0.0334231003307746,0.0333782423757871,0.0330488470197784,0.0327130451634527,0.0324095832564795,0.0321231307331449,0.0318464188217418,0.0315803765640363,0.0313183261345053,0.0310731343280664,0.0308364575386048,0.0306025066217334,0.0303843839423353,0.0301897606362447,0.029991635614534,0.0298327175403013,0.029672240150369,0.0295224202700225,0.0293778252614849,0.0292387239978814,0.0291050431219882,0.028972208540503,0.0288488671305274,0.0287260744950922,0.0286119193735329,0.0285023510159064,0.0283924532348552,0.028290952656662,0.0281893733781985,0.0280955456517509,0.0280057695270378,0.0279147973596606,0.0278313934812213,0.027747296012528,0.0276702024151852,0.0275923809639143,0.0275210539667616,0.0274526233819538,0.0274279118806901,0.0274333978260552,0.0274377246670133,0.0274420966509886,0.0274461137774193,0.0274488805635466,0.027452599883916,0.0274563172618788,0.0274587568584695,0.0274621491878924,0.0274641237983218,0.027467414115498,0.0274695590501183,0.0274729533141264,0.0274746284911633,0.0274617361857264,0.0274173492121555,0.0273523039480028,0.0272911548891357,0.0272293513541388,0.0271733629560473,0.0271163667206472,0.0270597266353334,0.0270094611526787,0.0269586473154777,0.0269128654914096
"x60",0,0,0,0,0,0,0,0,0,0,0,0,0,0,0,0,0,0,0,0,0,0,0,0,0,0,0,0,0,0,0,0,0,0,0,0,0,0,0,0,0,0,0,0,0,0,0,0,0,0,0,0,0,0,0,0,0,0,0,0,0,0,0.00482579635647065,0.0114101657464824,0.0172699627976494,0.0229909961324592,0.0286743884945685,0.034142558217123,0.0394038306044048,0.0444861544085375,0.0499149723156151,0.0552819763914802,0.060447046505793,0.0651641866385027,0.0690142262286368,0.0727188288092915,0.0762835618249258,0.0800387000166876,0.0841904442127033,0.0889972028655944,0.0936347518183797,0.0982147397744068,0.102760574965492,0.107314319097651,0.111787707407035,0.115809322933653,0.119005725014398,0.122014589317618,0.124667943190028,0.127619560415995,0.130411013838765,0.132391132330324,0.134343830294627,0.136392516295638,0.139232304426326,0.14222107341479,0.145088311035043,0.14747855764266,0.149278858488109,0.150048692831522,0.150566508002084,0.150909189833122,0.150886627977263,0.151257896993171,0.151790308245016,0.152418016586565,0.153288214451424,0.153974194669256,0.154627875525346,0.155218117444771,0.151391818898314,0.147704810944991,0.144184895130855,0.140826853193748,0.137391169420051,0.133820872000988,0.130375559517309,0.127848529883229,0.125863358944484,0.125871234645021,0.12654122195113,0.126413944713218,0.127845855540075,0.134855443037931,0.141618678606797,0.148696602056339,0.155267617295284,0.160775334571077,0.16603199919721,0.171164467464414,0.177239090661224,0.183056878723587,0.188821826912639,0.19437930191235,0.199300166889111,0.20393571019824,0.207533440847468,0.21112827891145,0.214619441471726,0.217940765039307,0.221137772667467,0.224213685276361,0.227167451231835,0.230018953254766,0.232962885071668,0.235775650747357,0.238481719240701,0.241083997464053,0.243588704576553,0.246112216263703,0.249110164316147,0.251846589661578,0.254481996042464,0.257017481805128,0.25946972565449,0.262071326121401,0.264774331642463,0.267345589560226,0.269849358773788,0.272248945690924,0.27462268445684,0.276755786827261,0.278859214210301,0.280886407623154,0.282830987339381,0.284702085980002,0.286528797758175,0.288391067678419,0.290144880156011,0.291855180887163,0.293368252575695,0.29481957763329,0.296227594250454,0.297616138595074,0.298872348372136,0.300101150352773,0.301288649033414,0.302541843483171,0.303853215232359,0.305198731296978,0.306482290936874,0.307705905741542,0.308883325560902,0.310016022451304,0.31111649316341,0.312164619669419,0.31317297738353,0.314154001325845,0.315087250345227,0.31601711727418,0.317020996722016,0.317999081572055,0.318950467804352,0.31985797890478,0.320732356911145,0.321571117563373,0.32237799857326,0.323164844801389,0.323912692178175,0.324639196253755,0.325333536327955,0.325998039114017,0.326647508168043,0.32726403010766,0.32786381471725,0.328434579232328,0.32898347563664,0.329517982285338,0.330027730522397,0.330522917774844,0.330993381788933,0.331453267479894,0.331888733273548,0.332301876289605,0.332641870546775,0.332935275848252,0.333221128236798,0.333492732174671,0.333752467794633,0.334006740651922,0.334248435758976,0.334479368439072,0.334705786165827,0.334920804124359,0.335130001284472,0.335329015257885,0.335523576812798,0.335708516897959,0.335887860692657,0.336097250478766,0.336338899220608,0.336597975423163,0.336839865702342,0.337076715085715,0.337298464509946,0.337517191419288,0.337730691743591,0.337928999843658,0.338124241886056,0.338306842418704
"x61",0,0,0,0,0,0,0,0,0,0,0,0,0,0,0,0,0,0,0,0,0,0,0,0,0,0,0,0,0,0,0,0,0,0,0,0,0,0,0,0,0,0,0,0,0,0,0,0,0,0,0,0,0,0,0,0,0,0,0,0,0,0,0,0,0,0,0,0,0,0,0,0,0,0,0,0,0,0,0,0,0,0,0,0,0,0,0,0,0,0,0,0,0,0,0,0,0,0,0,0,0,0,0,0,0,0,0,0,0,0.000363193078124939,0.00610604800611576,0.011663611250987,0.0169899458981816,0.0224369418800174,0.0282204528847888,0.0342159328721041,0.0410826297777029,0.0486817106243362,0.056025066984685,0.0612755448684249,0.0662125113094617,0.0705195353691657,0.0747472530506175,0.0787062426952371,0.0823680557289996,0.0850178390519569,0.0876580465449128,0.0902302411039473,0.0932202340213721,0.0959465558546097,0.0971902987008424,0.0984524238576539,0.0995581131649477,0.100554741494302,0.101415902201069,0.102392167783079,0.103214425876133,0.104033062198141,0.104948986514004,0.105786071006989,0.106591806131407,0.10736721851914,0.10811421930953,0.108830671684699,0.10945838964874,0.11006713133482,0.110652586585206,0.111215840066765,0.111759736572902,0.112188493798163,0.112320788398639,0.112443926174439,0.112564148529269,0.112679552257148,0.112631145379197,0.112314916951238,0.111676019002948,0.111096252971979,0.110509419878647,0.109951112213465,0.109822949607546,0.109885899059863,0.109855872170631,0.109829714541486,0.109806925883294,0.109784974041721,0.109796997758485,0.109960038459284,0.110124353911782,0.110481900346613,0.11090320857139,0.111366355391197,0.111809807760315,0.112132133008025,0.112248236770876,0.112386277392969,0.112514254908725,0.112529521026678,0.112709855741992,0.112803652085983,0.112883988372169,0.112967577617945,0.113049191909556,0.11312776996893,0.113197636743498,0.113269614050576,0.11333980327868,0.113401786008489,0.113465950641666,0.113528094203534,0.113968486009638,0.114234065971417,0.114468400567801,0.114700925213917,0.114927180383599,0.115145323531739,0.115354975341111,0.115548945217687,0.115740038720986,0.115919332066922,0.11609571651171,0.116268187004157,0.116428098134026,0.116584858073189,0.116732403507578,0.116877054925031,0.117018651914335,0.117150789390237,0.117279078530652,0.117400682697262,0.117519094602616,0.117631480876803,0.117740965975099,0.117844942160702,0.117849644005551,0.117853393421258,0.117853527955669,0.11785654328826,0.117862138420418,0.117862966146528,0.117865543752995,0.117870500375451,0.117871489434991,0.117873625882461,0.117873581354811,0.117875001187061,0.117874798434947,0.117875958230956,0.117875956377957,0.117917558286355,0.117990424869699,0.11807509362647,0.118159045610312,0.118244178941855,0.118325404560947,0.118405802440517,0.118482789379903,0.118554762536851,0.118626016130667,0.118696750519728
"x62",0,0,0,0,0,0,0,0,0,0,0,0,0,0,0,0,0,0,0,0,0,0,0,0,0,0,0,0,0,0,0,0,0,0,0,0,0,0,0,0,0,0,0,0,0,0,0,0,0,0,0,0,0,0,0,0,0,0,0,0,0,0,0,0,0,0,0,0,0,0,0,0,0,0,0,0,0,0,0,0,0,0,0,0,0,0,0,0,0,0,0,0,0,0,0,0,0,0,0,0,0,0,0,0,0,0,0,0,0,0,0,0,0,0,0,0,0,0,0,0,0,0,0,0,0,0,0,0,0,0,0,0,0,0,0,0,0,0,0,0,0,0,0,0,0,0,0,0,0,0,0,0,0,0,0,0,0,0,0,0,0,0,0,0,0,0,0,0,0,0,0,0,0,0,0,0,0,0,0,0,0,0,0,0,0,0,0,0,0,-7.32945095938562e-05,-0.000894945934303976,-0.00146156029832607,-0.00197504439188299,-0.00247465376023187,-0.00295902614507653,-0.00342431118897104,-0.00387157342140685,-0.00429727351531092,-0.00470825673395595,-0.005101184965937,-0.00548200900914989,-0.00585028342559345,-0.00620153829996476,-0.00653939397167545,-0.00686322230134955,-0.00717540955231925,-0.00747914189813332,-0.00776835878067155,-0.0080467668838284,-0.0083138535401582,-0.00857033469794753,-0.00881827131776014,-0.00905561865062237,-0.00928329606131104,-0.00945861803018133,-0.00960322330093019,-0.00974079827313191,-0.00987162040227393,-0.0099993774469296,-0.0101212772422279,-0.0102371550886116,-0.0103504844283426,-0.0104593200829098,-0.0105622099645594,-0.0106612253447003,-0.0107557190005387,-0.0108478258735099,-0.0109357707668099,-0.0110205876593901,-0.0111220301501059,-0.0112434997719855,-0.0113773016249073,-0.0115080198113319,-0.0116398796999999,-0.0117657396395922,-0.0118902383026955,-0.0120104889348261,-0.0121228369445902,-0.012233596599953,-0.012337552868517
"x63",0,0,0,0,0,0,0,0,0,0,0,0,0,0,0,0,0,0,0,0,0,0,0,0,0,0,0,0,0,0,0,0,0,0,0,0,0,0,0,0,0,0,0,0,0,0,0,0,0,0,0,0,0,0,0,0,0,0,0,0,0,0,0,0,0,0,0,0,0,0,0,0,0,0,0,0,0,0,0,0,0,0,0,0,0,0,0,0,0,0,0,0,0,0,0,0,0,0,0,0,0,0,0,0,0,0,0,0,0,0,0,0,0,0,0,0,-0.0019380324611198,-0.00524779977969499,-0.00885152454476629,-0.0117984579758501,-0.0150773217613051,-0.018099062540307,-0.0211292861093825,-0.0244112605609814,-0.0275625304186323,-0.031595912121668,-0.0354349165548049,-0.0390886954687515,-0.0432086627918469,-0.0472018416896049,-0.0513394597233037,-0.0552784110956644,-0.0590151951168072,-0.0624285372404332,-0.0645828808877184,-0.0667503027779268,-0.0686595727628107,-0.0704888113393364,-0.0723466820345667,-0.0740884339802151,-0.0757651058895011,-0.0773783705773573,-0.0789284948485167,-0.0804196299111927,-0.0817508497405801,-0.0830431205895588,-0.0842864558318302,-0.0854819065101144,-0.0866346250152308,-0.0879795892201245,-0.0895604311319617,-0.0910150174514648,-0.0924170653470047,-0.0937659531106408,-0.095398442424104,-0.0976625801218843,-0.100149822394333,-0.102506693347676,-0.104754697486854,-0.106915705700854,-0.109159546029654,-0.111522508918704,-0.113709601416919,-0.115812652332346,-0.117834252944897,-0.11977952912061,-0.121662101351107,-0.123505582228083,-0.125266454889956,-0.127054319004356,-0.128813931324557,-0.130557011845282,-0.132241088722731,-0.133883761454668,-0.135423365170097,-0.13692230102744,-0.138364786713667,-0.139820539977875,-0.141520299592811,-0.143174986627232,-0.14475407187349,-0.146265668519872,-0.147720179904042,-0.149119586614621,-0.150472689503337,-0.151767943628283,-0.153014044692308,-0.154219844758739,-0.155373361167405,-0.156440276304613,-0.157125754774803,-0.157878083051333,-0.158618854185894,-0.159323386187595,-0.159999934868497,-0.160650393635163,-0.161276271025274,-0.16188696183213,-0.162468023694754,-0.163033174639582,-0.163571564004691,-0.164087146753704,-0.164591093232365,-0.165070413797219,-0.165536983604929,-0.165980828716973,-0.166405935873693,-0.166821425385224,-0.16721705136064,-0.167602152824668,-0.167968196209013,-0.168325095529385,-0.168663839325271,-0.168984915275833,-0.169259618110458,-0.169506896703165,-0.169747148234639,-0.169975774972424,-0.170193979394862,-0.17040737503289,-0.170610841789265,-0.170804969587542,-0.170994995341157,-0.171176007756159,-0.171352590825144,-0.171520357649877,-0.171684023481644,-0.171839248444472,-0.171990632291395,-0.172159546267649,-0.172347167567295,-0.17254252288943,-0.172724103216528,-0.172901024419899,-0.173066872155021,-0.173229918807133,-0.173388738731834,-0.173537090885796,-0.173682780294996,-0.173814742666301
"x64",0,0,0,0,0,0,0,0,0,0,0,0,0,0,0,0,0,0,0,0,0,0,0,0,0,0,0,0,0,0,0,0,0,0,0,0,0,0,0,0,0,0,0,0,0,0,0,0,0,0,0,0,0,0,0,0,0,0,0,0,0,0,0,0,0,0,0,0,0,0,0,0,0,0,0,0,0,0,0,0,0,0,0,0,0,0,0,0,0,0,0,0,0,0,0,0,0,0,0,0,0,0,0,0,0,0,0,0,0,0,0,0,0,0,0,0,0,0,0,0,0,0,0,0,0,0,0,0,0,0,0,0,0,0,0,0,0,0,0,0,0,0,0,0,0,0,0,0,0,0,0,0,0,0,0.0009060460471993,0.00330569781462989,0.0062326405165319,0.00889843441714757,0.0115195702046919,0.0140360772114237,0.018067409066947,0.022333770020031,0.0262781364636284,0.0300744106802536,0.0337212063144361,0.0372300948596142,0.0405693503763554,0.0435710208838213,0.046490307668569,0.0491032534203749,0.0514123845925565,0.0535139541951938,0.0555317072660868,0.0574876531145283,0.059351670762451,0.0611699193256791,0.0629198547665372,0.0645173873920521,0.0660773931284253,0.0676010766371632,0.0690687649920874,0.0704777064374672,0.0718322824557336,0.0731354893014517,0.0743931485191517,0.0756004308133095,0.0767612674032641,0.0778817894947566,0.0789571572107963,0.079971650571931,0.0809277511517924,0.081801233475229,0.0826378212867232,0.0834422428981712,0.0842162668262389,0.0849607673408126,0.0856769166229086,0.0863678333099849,0.08703097747318,0.087670782129658,0.0882847547038672,0.0888752526035759,0.0894453340464298,0.0899918540931281,0.0905196005016603,0.0910254304382213,0.0915122706659168,0.0919823346355165,0.0924329590621863,0.0928682648774722,0.0932850411781238,0.0936884757410184,0.0940741621220823,0.0944467449112239,0.0948340425950661,0.0951859881479151,0.0955284212630762,0.0958542844970692,0.0961672003689938,0.0964709901253343,0.096760304710426,0.0970383835226873,0.0973091669739368,0.0975663917573771,0.0978165776540021,0.0980545215160767,0.0982867916446808,0.0985073631762097,0.0987217936987843,0.098910525130154,0.0990950760762425,0.0992793682953714,0.099451817685211,0.099620907281986,0.0997810763322732,0.0999382868181328,0.10009018680517,0.100233057499056,0.100373294169713,0.10049569108234
"x65",0,0,0,0,0,0,0,0,0,0,0,0,0,0,0,0,0,0,0,0,0,0,0,0,0,0,0,0,0,0,0,0,0,0,0,0,0,0,0,0,0,0,0,0,0,0,0,0,0,0,0,0,0,0,0,0,0,0,0,0,0,0,0,0,0,0,0,0,0,0,0,0,0,0,0,0,0,0,0,0,0,0,0,0,0,0,0,0,0,0,0,0,0,0,0,0,0,0,0,0,0,0,0,0,0,0,0,0,0,0,0,0,0,0,0,0,0,0,0,0,0,0,0,0,0,0,0,0,0,0,0,0,0,0,0,0,0,0,0,0,0,0,0,0,0,0,0,0,0,0,0,0,0,0,0,0,0,0,0,0,-0.00351527146683284,-0.0073885491191756,-0.0109189636908234,-0.0143164448767734,-0.0175831833283044,-0.0207266227458804,-0.023687237855414,-0.0261970364959899,-0.0285571549781755,-0.030633739059981,-0.0322371018077253,-0.0335971098914614,-0.0348986553414454,-0.0360747820006371,-0.0371460039070895,-0.0381815488659527,-0.0391748437313006,-0.0401705787144145,-0.0416029293862131,-0.0429150990331827,-0.0441696674228127,-0.0453757729281421,-0.0465360055757043,-0.0476523351153709,-0.0487275430042624,-0.0497612378832993,-0.0507556518628424,-0.0517135159047402,-0.0526343068110413,-0.0535188911422761,-0.0545131009207815,-0.0553991212804899,-0.056250970437919,-0.0570730377880896,-0.0578650947410819,-0.0586261243555682,-0.0593580674607856,-0.0600630428903156,-0.0607403974355683,-0.0613923123906967,-0.062020050622077,-0.0626233040524912,-0.0632049067023493,-0.063762860774128,-0.0643004800109992,-0.0648166954521002,-0.0653143971990786,-0.0657934288105714,-0.0662537209885842,-0.0666972400483883,-0.0671222384465504,-0.0675337208252008,-0.067927085395857,-0.0683058634709061,-0.0686146446632006,-0.068892813589961,-0.0691575128880657,-0.0694110763387857,-0.0696552362437681,-0.0698897123431674,-0.0701149058453595,-0.0703319756331674,-0.0705409699999322,-0.0707411335304443,-0.0709339225311969,-0.0711188152564459,-0.0712978869758505,-0.0714695284110765,-0.0716348803011144,-0.071813349068411,-0.0720199145959016,-0.0722401947199047,-0.072449850112112,-0.0726571914430747,-0.0728529815617256,-0.0730458188635691,-0.0732327255575747,-0.0734073797138163,-0.0735792879213212,-0.0737412105429869
"x66",0,0,0,0,0,0,0,0,0,0,0,0,0,0,0,0,0,0,0,0,0,0,0,0,0,0,0,0,0,0,0,0,0,0,0,0,0,0,0,0,0,0,0,0,0,0,0,0,0,0,0,0,0,0,0,0,0,0,0,0,0,0,0,0,0,0,0,0,0,0,0,0,0,0,0,0,0,0,-0.000164361015029182,-0.00532619970176005,-0.010279356044927,-0.0152862791580465,-0.0205193560151206,-0.0254778142514464,-0.0302765673612341,-0.0348802043006673,-0.0391095366514121,-0.0410067378361087,-0.0417192316876234,-0.0429853624952114,-0.0442666361406363,-0.0457633559890059,-0.0473383287049355,-0.0491870409288605,-0.0509341686759228,-0.0525947262006279,-0.054191265784349,-0.0559336147247058,-0.0580741558291455,-0.0598005166688069,-0.0614739706783454,-0.0631778339122672,-0.0644066488340839,-0.0650789441798171,-0.0656693121152839,-0.0651996432258751,-0.0646529029044646,-0.0641180688390711,-0.0636026584648813,-0.0628328934219649,-0.0622641511880633,-0.0616889005163529,-0.0611339459735615,-0.0608347775411125,-0.0605731793051119,-0.060280206201047,-0.0593431114654899,-0.058383715886584,-0.0573963259415257,-0.0566198710180133,-0.056957262500428,-0.0580970203134796,-0.0592111925921599,-0.0647864310271363,-0.0703384186047827,-0.0762891647108694,-0.0821169572959658,-0.0884901482433194,-0.095440752965024,-0.101930357406754,-0.10776516734922,-0.113348504180644,-0.118646744850027,-0.123635159386179,-0.128633834776734,-0.133376594131773,-0.138526620429307,-0.143248838100228,-0.147643325142194,-0.151931686025375,-0.156058083972684,-0.160028636696618,-0.163846918270853,-0.167521632512539,-0.171119967322728,-0.174577121685019,-0.17790355114071,-0.181101020666074,-0.184183667595155,-0.187508534024713,-0.191067984280816,-0.194464789954891,-0.197735643086502,-0.200882899617104,-0.204281440130485,-0.207975391744011,-0.211737701618993,-0.215248392603842,-0.218620305921438,-0.22186672645838,-0.22297856102848,-0.223809218844646,-0.224684146648344,-0.225522878482346,-0.226334332054112,-0.227114914314193,-0.22786338317182,-0.228586966829998,-0.22934045489137,-0.230231749446067,-0.231248986292826,-0.232283453640281,-0.233271654735477,-0.234262910067128,-0.235209615178637,-0.236125058175163,-0.237002239337996,-0.237679484804668,-0.23783227167641,-0.238013040897771,-0.238193341207027,-0.23837344492681,-0.238546816473638,-0.238713400209862,-0.238869166693566,-0.239022880095193,-0.239171200749786,-0.23930981924945,-0.239446372438379,-0.23959127479853,-0.239678480858529,-0.239831186020326,-0.239968986356801,-0.240098302398852,-0.240223134946038,-0.240344131318408,-0.240460598003776,-0.240572888672872,-0.240679562265619,-0.240784115549257,-0.240882295699827,-0.24097836083432,-0.241071200174894,-0.241159259285512,-0.241245516063017,-0.241327120793784,-0.241406083768036,-0.241483142081982,-0.241555611358335,-0.241626605720744,-0.241694107792971,-0.241759557087794,-0.241822032580492,-0.241884228611554,-0.24199493910136,-0.242103230893393,-0.242216718548414,-0.242324794448544,-0.242428788822587,-0.242531409518103,-0.242627703431631,-0.242720123968874,-0.242811542095911,-0.242897357228488,-0.242981680746716,-0.243061095547739,-0.243139227180237,-0.243212786815801,-0.243284858290319,-0.243333152965727,-0.243357420830318,-0.243368010150094,-0.243373953832797,-0.243376952595747,-0.243380535108357,-0.243382994603487,-0.243384639736339,-0.243387396667054,-0.243389357931142,-0.243387884289847
"x67",0,0,0,0,0,0,0,0,0,0,0,0,0,0,0,0,0,0,0,0,0,0,0,0,0,0,0,0,0,0,0,0,0,0,0,0,0,0,0,0,0,0,0,0,0,0,0,0,0,0,0,0,0,0,0,0,0,0,0,0,0,0,0,0,0,0,0,0,0,0,0,0,0,0,0,0,0,0,0,0,0,0,0,0,0,0,0,0,0,0,0,0,0,0,0,0,0,0,0,0,0,0,0,0,0,0,0,0,0,0,0,0,0,0,0,0,0,0,0,0,0,0,0.000577002495657106,0.00833300656504653,0.0158023921804344,0.0232754296130222,0.0305502495432289,0.0380001279753452,0.0458220022753614,0.0532372690896042,0.0603778028106933,0.0672387013580857,0.073785525333152,0.0799488453916466,0.0859947070334389,0.0916829884393161,0.0975632290488911,0.10293978138349,0.1079722964107,0.112893498487873,0.117628171244754,0.122184026649531,0.126568904469904,0.130789218647504,0.134961663592231,0.138967791190602,0.142822674472922,0.146533844406666,0.150104091362124,0.153654899242271,0.157254484695056,0.160728596742903,0.164067815015281,0.167281032415057,0.170384536182701,0.173444235915986,0.177951560134716,0.182088546013147,0.186060639671441,0.189883377582841,0.193463707045678,0.196646085047938,0.199821963967457,0.202875807908025,0.205816290444453,0.208645630013625,0.211342531517461,0.21380344158748,0.21619490225911,0.218651577721468,0.221119231181065,0.223557676977754,0.225902369109133,0.228145763752823,0.230176163857909,0.232170158482923,0.234083832448066,0.235954236605519,0.237906393800992,0.239746396414168,0.241513353909817,0.2432149939374,0.244852258650836,0.246427398972858,0.247942401763885,0.249400322825135,0.250803210189522,0.252152863941278,0.253451203403948,0.254720313206755,0.256145428401587,0.257485165757311,0.258765631515839,0.259995526788719,0.261180528722682,0.262319948906313,0.263416024116379,0.264473058835075,0.265486557249264,0.266464349186436,0.267403240502039,0.26830649559958,0.269178716365835,0.270013889634064,0.270820382578795,0.27159329646079,0.272338531995547,0.273057272957097,0.273746471475441,0.274411638887594,0.275048470228243,0.275665357000404,0.276254752087309,0.276819324811248,0.277317330810022,0.277775369260974,0.278222101777042,0.278649615234301,0.279061023802033,0.279458953387951,0.279839172818409,0.280205062398885,0.280559659247122,0.280897957142615,0.281224981976662,0.281537767781091,0.281841510694425,0.28213191744646,0.28241206493234,0.282707871067742,0.28302048699842,0.283337117354391,0.283634491968686,0.28392447400276,0.284199420224221,0.284468444809158,0.284728570776587,0.284973510719614,0.285213157185758,0.285437566900335
"x68",0,0,0,0,0,0,0,0,0,0,0,0,0,0,0,0,0,0,0,0,0,0,0,0,0,0,0,0,0,0,0,0,0,0,0,0,0,0,0,0,0,0,0,0,0,0,0,0,0,0,0,0,0,0,0,0,0,0,0,0,0,0,0,0,0,0,0,0,0,0,0,0,0,0,0,0,0,0,0,0,0,0,0,0,0,0,0,0,0,0,0,0,0,0,0,0,0,0,0,0,0,0,0,0,0,0,0,0,0,0,0,0,0,0,0,0,0,0,0,0,0,0,0,0,0,0,0,0,0,0,0,0,0,0,0,0,0,0,0,0,0,0,0,0,0,0,0,0,0,0,0,0,0,0,0,-0.000490998919256374,-0.00368876899537113,-0.00665453276833833,-0.0094300812848374,-0.0121006759725663,-0.0147511803595818,-0.0170468260404226,-0.0193974230326128,-0.021658819773846,-0.0238321664374865,-0.0259234358587138,-0.0279279126144512,-0.0298023859819421,-0.0316116992248444,-0.0333219701578468,-0.035507087310235,-0.0378486019062966,-0.0401179884914446,-0.0422737329787603,-0.044246116877881,-0.0461920882093963,-0.0480634739856815,-0.0500285873042737,-0.0523168219387028,-0.0545071226545373,-0.0566039974832768,-0.05861352245812,-0.060546806257396,-0.0624068427924918,-0.064203330352157,-0.0659252559750567,-0.0675815766414129,-0.0691823345479855,-0.0707158410792576,-0.0721852121433432,-0.0737019674645667,-0.0750977922970813,-0.0764421411331838,-0.0777308061300862,-0.0789704930357398,-0.0801628503099972,-0.0813097225852025,-0.0824186669345202,-0.0834802654345164,-0.0845066025993102,-0.0854893668573848,-0.086433893017804,-0.0873489495510968,-0.0882234134529235,-0.0890702680312169,-0.0898793597155058,-0.0906574910893873,-0.0914121659968666,-0.0921327632136316,-0.0928315886195088,-0.0934977970887804,-0.0941454177356494,-0.094761792617732,-0.0953504419755712,-0.0958572414517552,-0.0963129523221412,-0.0967555389562873,-0.0971766126512469,-0.0975809030517709,-0.0979737593951325,-0.0983479216835818,-0.0987072641954784,-0.0990574084320468,-0.0993900249588504,-0.0997139007590969,-0.100021504403042,-0.100321860335584,-0.100606695293909,-0.100884307159194,-0.101182295384537,-0.101513318394638,-0.101857583748908,-0.102178499437559,-0.102494582874516,-0.102791991960299,-0.103085442633822,-0.103370201396606,-0.103635753636395,-0.103897504335329,-0.104141640616743
"x69",0,0,0,0,0,0,0,0,0,0,0,0,0,0,0,0,0,0,0,0,0,0,0,0,0,0,0,0,0,0,0,0,0,0,0,0,0,0,0,0,0,0,0,0,0,0,0,0,0,0,0,0,0,0,0,0,0,0,0,0,0,0,0,0,0,0,0,0,0,0,0,0,0,0,0,0,0,0,0,0,0,0,0,0,0,0,0,-0.00310070648401392,-0.00628756146203279,-0.00812183814275664,-0.00981127405344472,-0.011040268590316,-0.0118974752241072,-0.0122156147787945,-0.0134563587878106,-0.0149441253963097,-0.0163708435637533,-0.0173888926982478,-0.0184163864807195,-0.0194836114605382,-0.0203309988210972,-0.0212462352626127,-0.0228365911151596,-0.0243171857080911,-0.0257457499788693,-0.0289740513552211,-0.0328200991436723,-0.0368748406185371,-0.0408146854922378,-0.0440105220860749,-0.0465518274719204,-0.0488186729079319,-0.0510136926769253,-0.0529859114830873,-0.0539952933273231,-0.0533768929910243,-0.0527187841054345,-0.0521077952610209,-0.0513898220710455,-0.050571214471494,-0.050322556383564,-0.0498443396005054,-0.0500579101040847,-0.0535550640271811,-0.0568348159387465,-0.0608145096577254,-0.064534561726195,-0.0676508344539018,-0.0713556024461325,-0.0750184088530941,-0.0794123467023848,-0.0836140600479834,-0.0876974441788036,-0.0915709940247446,-0.0950854993283967,-0.0980085756729381,-0.100645204085954,-0.102865959377494,-0.104767267614432,-0.106689535419633,-0.108539508002796,-0.110319725570202,-0.11203573620588,-0.113686301774565,-0.115291355029433,-0.116834175319304,-0.118318945612801,-0.119748668091192,-0.121126885919111,-0.122167152459576,-0.123149598668976,-0.124066399128291,-0.124947136356923,-0.125794551167056,-0.126627096874504,-0.127212847190469,-0.126370052880214,-0.125519995585803,-0.124792920623684,-0.124092587266734,-0.123290106312534,-0.122665625155694,-0.121964231646379,-0.121287026341054,-0.12064039314293,-0.12001830093147,-0.119463975939256,-0.11917732597314,-0.118858635064688,-0.118698725794124,-0.118254493778458,-0.117735741915646,-0.117235065229362,-0.116947139244526,-0.11681369347051,-0.116658225032175,-0.116510574908465,-0.116081279244852,-0.114538466271726,-0.113180859264621,-0.111889794057612,-0.110653796318882,-0.109465008766546,-0.108321395562037,-0.107215178815758,-0.106156406865497,-0.105138190399337,-0.104152379500406,-0.103209641392815,-0.102310481154814,-0.101426273388887,-0.100614324884765,-0.0998341908124647,-0.0990874265373836,-0.098368610256509,-0.0976776534023884,-0.0970132271121841,-0.0963685494490603,-0.0957535489907205,-0.0951570476332449,-0.0945875663471593,-0.0940406245766799,-0.0935084380266955,-0.093002078918776,-0.092509701433876,-0.0920412767087725,-0.0915908904475416,-0.0911519331852046,-0.0907347508363271,-0.0903282427093822,-0.0899427222873942,-0.0895658705507629,-0.0892092163250108,-0.0888691501429761,-0.0886134705765212,-0.0883954799497791,-0.0881852144212879,-0.0879866604061027,-0.0877963448628554,-0.087610831832185,-0.0874347102598882,-0.0872657056507468,-0.087100355456948,-0.0869438468005376,-0.0867906715926067,-0.0866459559633781,-0.0865041162114418,-0.0863703902859499,-0.086238997299237,-0.0860794088349627,-0.0858790967075019,-0.0856599205555263,-0.0854552777920514,-0.0852516992916949,-0.0850610205355574,-0.0848715085372704,-0.0846867606963299,-0.0845160092087265,-0.084346849348583,-0.0841930327536358
"x70",0,0,0,0,0,0,0,0,0,0,0,0,0,0,0,0,0,0,0,0,0,0,0,0,0,0,0,0,0,0,0,0,0,0,0,0,0,0,0,0,0,0,0,0,0,0,0,0,0,0,0,0,0,0,0,0,0,0,0,0,0,0,0,0,0,0,0,0,0,0,0,0,0,0,0,0,0,0,0,0,0,0,0,0,0,0,0,0,0,0,0,0,0,0,0,0,0,0,0,0,0,0,0,0,0,0,0,0,0,0,0,0,0,0,0,0,0,0,0,0,0,0,0,0,0,0,0,0,0,0,0,0,0,0,0,0,0,0,0,0,0,0,0,0,0,0,0,0,0,0,0,0,0,0,0,0,0,0,0,0,0,0,0,0,0,0,0,0,0,0,0,0,0,0,0,0,0,-0.000782429308179471,-0.00375879006135982,-0.00639849176838252,-0.00891319423163852,-0.0113189566454189,-0.0136336419316427,-0.015860712215155,-0.0180143768760008,-0.0200758341504767,-0.0220587274589814,-0.0239779132362499,-0.0258137251284614,-0.0276066420373468,-0.0295998344533425,-0.0314698322146581,-0.0332727943914417,-0.0349954622177602,-0.0366528079160032,-0.0382466945387689,-0.039779738238739,-0.0412687660354018,-0.0426881356821384,-0.0440660000083186,-0.0453801931640343,-0.0466425260665116,-0.0478714224949992,-0.0490408658363352,-0.0501779655860379,-0.0512599791123822,-0.0522999366534714,-0.0533133920105427,-0.0542775081678541,-0.0552159882509815,-0.0561071695597902,-0.0569769600539668,-0.0578017194202615,-0.0585903294742544,-0.0593208742373173,-0.0599401360908175,-0.0605360957548806,-0.0610990374764528,-0.0616387998231261,-0.0621672178572637,-0.0626677376867261,-0.0631473434839818,-0.0636181165264403,-0.0640631326532273,-0.0644982306576753,-0.0649094057332606,-0.0653129847354841,-0.0656942899995673,-0.066067145717175,-0.0664455365155453,-0.0668623670095757,-0.0673117956764376,-0.0677383588829182,-0.0681609687299996,-0.0685587114009309,-0.0689516154332046,-0.069334835693103,-0.0696912118816492,-0.0700420411575535,-0.0703651107734815
"x71",0,0,0,0,0,0,0,0,0,0,0,0,0,0,0,0,0,0,0,0,0,0,0,0,0,0,0,0,0,0,0,0,0,0,0,0,0,0,0,0,0,0,0,0,0,0,0,0,0,0,0,0,0,0,0,0,0,0,0,0,0,0,0,0,0,0,0,0,0,0,0,0,0,0,0,0,0,0,0,0,0,0,0,0,0,0,0,0,0,0,0,0,0,0,0,0,0,0,0,0,0,0,0,0,0,0,0,0,0,0,0,0,0,0,0,0,0,0,0,0,0,0,0,0,0,0,0,0,0,0,0,0,0,0,0,0,0,0,0,0,0,0,0,0,0,0,0,0,0,0,0,0,0,0,0,0,0,0,0,0,0,0,0,0,0,0,0,0,0,0,0,0,0,0.000693250769350095,0.00213249590712834,0.00342463721466899,0.00468093317913747,0.00638510384951248,0.00887364303268521,0.0113144150202225,0.0136558769702833,0.0158845956016876,0.018027838062852,0.020090036185673,0.0220951257227049,0.024004996250456,0.0258412775336953,0.0276285666655241,0.0293298088780058,0.0309846174822698,0.0326516515674242,0.0342728247801586,0.0358493696479371,0.037347921896624,0.0387878997718877,0.0401728713497903,0.0415051995629557,0.0428063271180571,0.0440426470460991,0.0452470331235893,0.0463919796164647,0.047490212207557,0.0485639899089291,0.0495840659759207,0.0505782529423629,0.0515225159415044,0.0524278391610601,0.0533136488634755,0.054155552077754,0.0549763635997725,0.0557555539948957,0.0565156590246085,0.0572373893327942,0.0579303676129203,0.0587139197429389,0.0594069069562283,0.0600734372398779,0.0607028616463506,0.0613041261063088,0.0618953414938143,0.0624557242382129,0.0629905176330349,0.063516840462314,0.0640158149247139,0.0645034700839749,0.0649650710038131,0.065416872515342,0.0658448774132398,0.0662630143631537,0.0666229475836921,0.0669508877227297,0.0672814076258634,0.0675985043459689,0.0679076516731831,0.0682015401922328,0.0684880224771633,0.0687677817108324,0.0690320217624639,0.0692883973651746,0.0695154689969544
"x72",0,0,0,0,0,0,0,0,0,0,0,0,0,0,0,0,0,0,0,0,0,0,0,0,0,0,0,0,0,0,0,0,0,0,0,0,0,0,0,0,0,0,0,0,0,0,0,0,0,0,0,0,0,0,0,0,0,0,0,0,0,0,0,0,0,0,0,0,0,0,0,0,0,0,0,0,0,0,0,0,0,0,0,0,0,0,0,0,0,0,0,0,0,0,0,0,0,0,0,0,0,0,0,0,0,0,0,0,0,0,0,0,0,0,-0.00156504278838136,-0.00601298131317505,-0.00871490403172616,-0.0108955748891985,-0.0126453075269625,-0.0143301144029465,-0.0165020179298691,-0.0185246845080104,-0.020303348913045,-0.0226693496841489,-0.0249048364413715,-0.0266211544493443,-0.0282013567345919,-0.0297461208076729,-0.0313878172456021,-0.0328063918390547,-0.0338911616695945,-0.0349716802210307,-0.0360844818312963,-0.0370767573419272,-0.0370847129057548,-0.0368301314190418,-0.036603223468501,-0.036461130590209,-0.036537085209921,-0.0365354854817722,-0.0365335197676871,-0.0365316943233178,-0.0365260621991263,-0.0365280853525074,-0.0368744308611565,-0.0371634940526071,-0.0374417323895076,-0.0377054077500129,-0.0379640986244801,-0.0381261240595007,-0.0384523724052429,-0.0387057678360739,-0.0389484072674093,-0.039182121795656,-0.0393876167474783,-0.0395910649537653,-0.039916830820865,-0.0403316278382986,-0.04068863132255,-0.041033719685811,-0.0414813197370256,-0.0418933968707034,-0.0422997913175565,-0.0426913665095695,-0.0430681063552758,-0.043430473643213,-0.0437644836087956,-0.0440196541375214,-0.0442715672069004,-0.0444074063676919,-0.044656281599112,-0.0449165030006812,-0.045166215837096,-0.045817629587682,-0.0468875789828591,-0.0478507731585218,-0.0487871183040563,-0.0497529577034375,-0.0506446264032612,-0.0515800014358413,-0.052483599212225,-0.053340477631824,-0.0541639744681048,-0.0549562925310387,-0.0557299709696208,-0.0564640606800467,-0.0571695535253764,-0.057859366407889,-0.0585132650092205,-0.0591325981681098,-0.0596325842334465,-0.060149796417628,-0.0606585520210861,-0.0611396976173068,-0.0616020966175605,-0.0620460399260873,-0.0624731123978052,-0.0628938162683512,-0.0632911875956851,-0.0636802141351416,-0.0640488931637979,-0.0644014017322744,-0.0647486928742771,-0.0650769900365667,-0.0653983061430315,-0.0657023277971424,-0.0659935320548622,-0.0662798025538104,-0.0665514571262704,-0.0668169992319748,-0.0670683336657621,-0.0673144077832373,-0.0675474984500516,-0.0677719158652195,-0.0680650503133176,-0.0683208275382537,-0.068566963936555,-0.0687986773342284,-0.0690194268082745,-0.0692377875972297,-0.0694442396290081,-0.0696407252948812,-0.0698350430246765,-0.070019154584525,-0.0701993006512566,-0.0703697716453658,-0.0705366976946464,-0.0706950368584347,-0.0708496902454274,-0.0709690958154926,-0.0710631770877013,-0.071156076911383,-0.0712475927137075,-0.0713354142309058,-0.0714196751074773,-0.0715006279705621,-0.0715800959042647,-0.0716562448633696,-0.0717288768269452,-0.0717875694595678
"x73",0,0,0,0,0,0,0,0,0,0,0,0,0,0,0,0,0,0,0,0,0,0,0,0,0,0,0,0,0,0,0,0,0,0,0,0,0,0,0,0,0,0,0,0,0,0,0,0,0,0,0,0,0,0,0,0,0,0,0,0,0,0,0,0,0,0,0,0,0,0,0,0,0,0,0,0,0,0,0,0,0,0,0,0,0,0,0,0,0,0,0,0,0,0,0,0,0,0,0,0,0,0,0,0,0,0,0,0,0,0,0,0,0,0,0,-0.000156300111985628,-0.00357045514973519,-0.00761309467711614,-0.0117612788613167,-0.0154702668030551,-0.0177652368059618,-0.0195329105627845,-0.0211178000045037,-0.0210395288595505,-0.0213266569032614,-0.0213789407849132,-0.0217064437846479,-0.0226222610190976,-0.0218272870452736,-0.021308210216821,-0.020052467571962,-0.018851520300956,-0.0176408844026352,-0.0165541664104641,-0.0179877904522364,-0.0203630882552949,-0.0228704460746931,-0.0253584176240432,-0.0274957135489001,-0.0296329241735669,-0.0316889342822733,-0.0336671314542717,-0.0355730388791677,-0.0373970521825457,-0.03854845094512,-0.0397375871879934,-0.0408811681196047,-0.0419857002110428,-0.0430405685835282,-0.0437041948450313,-0.0433366162034313,-0.0432395447540464,-0.0431439019500997,-0.0430516903730922,-0.0429478626551812,-0.0427910018541537,-0.0422202581973835,-0.0414675692395867,-0.0408080777062681,-0.0401762587879386,-0.0395024442671906,-0.0387944062305914,-0.0381481791200843,-0.0375298339840384,-0.0369332871102547,-0.0363590669071612,-0.0357766078194368,-0.0350444278043839,-0.0344031014998171,-0.0337501041856127,-0.0332469847573851,-0.0327835126069238,-0.0323287413755921,-0.0318588173360001,-0.0315789285009023,-0.0312999647645265,-0.0310298522968349,-0.0305343856275997,-0.029722000970743,-0.0289328131466776,-0.0281850463298077,-0.0274733175643131,-0.0267880584827464,-0.0261286940457346,-0.0254889175682767,-0.0248792405441212,-0.0242925808014251,-0.0237222901163427,-0.0231795889670417,-0.022663495639745,-0.0221664571896846,-0.0216541368027755,-0.0211523479621861,-0.0206771363676332,-0.0202201431731135,-0.0197811098056935,-0.0193588455214462,-0.0189442371919517,-0.0185528317032602,-0.0181697053585705,-0.017806917691958,-0.0174594757182808,-0.0171172043501531,-0.0167946779562224,-0.0164783071837479,-0.0161799978921671,-0.0158935287850787,-0.0156114732241805,-0.0153452136376702,-0.0150838470686115,-0.0148381528217579,-0.0145956312659369,-0.0143681130998615,-0.0141520687899572,-0.0139671385512731,-0.013845188636097,-0.0137275986173249,-0.013617969296398,-0.0135130334061604,-0.0134086732104038,-0.0133111921642881,-0.0132180217673048,-0.013124999253793,-0.0130384212931015,-0.0129524448118826,-0.0128726675230777,-0.0127928749919667,-0.0127186466607592,-0.0126448247774304,-0.0125624952498436,-0.012445201807835,-0.0123009583658839,-0.0121622887065507,-0.0120238539698012,-0.0118950741724214,-0.011766940640202,-0.0116409271306153,-0.0115253031292595,-0.0114108113763906,-0.0113076989681032
"x74",0,0,0,0,0,0,0,0,0,0,0,0,0,0,0,0,0,0,0,0,0,0,0,0,0,0,0,0,0,0,0,0,0,0,0,0,0,0,0,0,0,0,0,0,0,0,0,0,0,0,0,0,0,0,0,0,0,0,0,0,0,0,0,0,0,0,0,0,0,0,0,0,0,0,0,0,0,0,0,0,0,0,0,0,0,0,0,0,-0.0081905569273807,-0.0188877096401834,-0.029183692232212,-0.0391005349842256,-0.0484564865160716,-0.0578762422329201,-0.0660824985133593,-0.0736144062815076,-0.0808751826889747,-0.0879296775405646,-0.0948726701303951,-0.102226420768769,-0.108799639313193,-0.115428268942001,-0.12063421600133,-0.124777461816637,-0.129388148451984,-0.132830931066336,-0.136362001474534,-0.139685510753926,-0.142941089839582,-0.145826240992466,-0.147161531624311,-0.148099196744919,-0.149041683939842,-0.150133639128536,-0.150987745826311,-0.150615961250692,-0.148784440163348,-0.14659669449995,-0.144766173988513,-0.142912505870673,-0.142450436901737,-0.142468415740574,-0.142260921203088,-0.14208779066733,-0.141556362907579,-0.141131444242133,-0.140448153897458,-0.139900793392698,-0.141324676588984,-0.142342399853392,-0.144224906474868,-0.145948622849274,-0.147556502644171,-0.148908135757121,-0.147915028499514,-0.146260111199053,-0.144615904992239,-0.143289020458934,-0.142287222830525,-0.141253945940965,-0.140259563014861,-0.139302919779089,-0.138379830792634,-0.137501594443787,-0.136867750877638,-0.136228469657152,-0.135614335666833,-0.135019096983601,-0.134453737632269,-0.134148671948089,-0.134385482782916,-0.134440643179143,-0.134495699331733,-0.134549075273707,-0.134523046325643,-0.134305878540126,-0.13446604069316,-0.134876171498203,-0.13517649471822,-0.135466825689395,-0.13569801475996,-0.135965035080228,-0.136208174946253,-0.136435347359105,-0.136658381191799,-0.136873257783574,-0.13710068590137,-0.137453052730127,-0.137743432304615,-0.138107175310667,-0.13838594343708,-0.138631136769226,-0.138870745841105,-0.139059900447842,-0.139125928416173,-0.139179861917793,-0.139230403061318,-0.139730436571281,-0.14082321108718,-0.141833829251485,-0.142796333687736,-0.143717756067386,-0.144604825646591,-0.145458492635312,-0.146281848895649,-0.147071574665568,-0.147831487125452,-0.148565070579575,-0.149268309000921,-0.149945851842008,-0.150615127993273,-0.151285833275758,-0.151932708556382,-0.152551145325835,-0.153146550714372,-0.153718603345594,-0.154268846639225,-0.154802982273141,-0.155312514463856,-0.155805846980041,-0.156278254227909,-0.156731211793174,-0.157171838089033,-0.157591590784475,-0.157998520625753,-0.158386711773171,-0.158760476391891,-0.159123093240736,-0.159469657878094,-0.159805460294106,-0.160124959538495,-0.160436787793638,-0.160732490039985,-0.161012443049727,-0.161208384069282,-0.161357869059759,-0.161498653781017,-0.161632100459211,-0.161760414760512,-0.161885045130524,-0.162003565889217,-0.162117535751494,-0.162228655269971,-0.162333798641899,-0.162436341515258,-0.162533299871148,-0.162628533803457,-0.162718547207585,-0.162806503793216,-0.162928671185964,-0.163094313379992,-0.163285118836659,-0.16346793681565,-0.163650290227487,-0.163820938282076,-0.163990150197519,-0.164155154216232,-0.164307803428181,-0.164458859110064,-0.16459762602527
"x75",0,0,0,0,0,0,0,0,0,0,0,0,0,0,0,0,0,0,0,0,0,0,0,0,0,0,0,0,0,0,0,0,0,0,0,0,0,0,0,0,0,0,0,0,0,0,0,0,0,0,0,0,0,0,0,0,0,0,0,0,0,0,0,0,0,0,0,0,0,0,0,0,0,0,0,0,0,0,0,0,0,0.00338866318687105,0.0119427787799275,0.0205814233060631,0.0318770501017076,0.0490600652220984,0.0646236108945746,0.0815293234009186,0.104379677783188,0.127788322602354,0.150267347260253,0.171664791213171,0.193939243694881,0.216262116916181,0.237076461972569,0.256713569294175,0.275614015149867,0.293481977382165,0.310639269099412,0.327743988958992,0.343770702915023,0.358879752189283,0.372817700075643,0.38459455385104,0.396759695395986,0.409422743210084,0.421490846750625,0.432118512536297,0.442060598153261,0.450460250681001,0.455800566363483,0.46035590477451,0.4647811808517,0.469274222913235,0.473585978416469,0.477370170520492,0.481045529763371,0.483763235269716,0.486289905162915,0.489835020674873,0.49491867750377,0.499724527134242,0.504209395020064,0.507650624441633,0.511131341788569,0.514281210973461,0.517192506858957,0.520101820746359,0.524044205987945,0.527727736898498,0.531810506611652,0.535767309049995,0.539759705744141,0.543769941692111,0.548756598190069,0.553398507442868,0.557926177867386,0.562439324452595,0.566569858104002,0.570672831807557,0.574618826583144,0.578415954567057,0.582074406420539,0.585586192320793,0.588848358687687,0.59199198607854,0.595017611647238,0.597931712725796,0.600733261055728,0.603171646365546,0.605246280334831,0.607261681594048,0.609191015573938,0.611048206548506,0.612740232789395,0.614128225466529,0.615716630271951,0.617263429812968,0.618768447631916,0.620216861337082,0.621342013787146,0.622183913781452,0.623117187025518,0.624008855902071,0.624869985788849,0.625698696329081,0.626496783318722,0.627319180894781,0.628116693194275,0.628719218971008,0.629612764673769,0.630571565137271,0.631503352453398,0.632326703685224,0.633072518805892,0.633783286071191,0.634467931648729,0.635472063424579,0.636392221707436,0.637284546385089,0.638155455501817,0.638995628756343,0.639803849014565,0.640581760649896,0.641326463108162,0.642047021965439,0.642740060997216,0.643403140754154,0.644045187166813,0.644652136436567,0.645216564065379,0.645745402860836,0.646249280833826,0.646739215328519,0.647210959297587,0.647664301826711,0.648100491678548,0.648515994570304,0.648919676588426,0.649303761609399,0.64967783441232,0.650037567343585,0.650379945911968,0.650712468236521,0.651028988193785,0.651336616004323,0.65163355305874,0.651915356516958,0.652189492765709,0.652450450698399,0.652703565351289,0.652945593890932,0.653179732593546,0.653405471875821,0.6536093987478,0.653808300901386,0.653998713733315,0.654182268729058,0.654359569201592,0.654529138321855,0.654692220633321,0.65484989394941,0.655001171788453,0.655146004813229,0.655285727988834,0.65541963837049,0.655549247269137,0.655673115721991,0.655793003587197,0.655911936840586,0.656029878913217,0.656145460519663,0.656255115030485,0.656363026933841,0.656465475254351,0.656565608896481,0.656661274592964,0.656751942974125,0.656841064020867,0.656927519031026
"x76",0,0,0,0,0,0,0,0,0,0,0,0,0,0,0,0,0,0,0,0,0,0,0,0,0,0,0,0,0,0,0,0,0,0,0,0,0,0,0,0,0,0,0,0,0,0,0,0,0,0,0,0,0,0,0,0,0,0,0,0,0,0,0,0,0,0,0,0,0,0,0,0,0,0,0,0,0,0,0,0,0,0,0,0,-0.00460853596031,-0.0178490703343749,-0.0296027703435318,-0.0425279998850139,-0.0553512241643847,-0.0658967289443231,-0.0759107744997557,-0.0851359964128582,-0.096272489582519,-0.107987263187338,-0.118919161880656,-0.129231861290837,-0.139167766532021,-0.148979959687902,-0.158547641390098,-0.167496695897269,-0.176056977587452,-0.183499779272929,-0.190196786401177,-0.195377364413224,-0.201095835180341,-0.207488578820321,-0.213492371761216,-0.218634918674288,-0.223326308052008,-0.227990350892122,-0.231662117488216,-0.235035068999261,-0.238284545788769,-0.241708829421676,-0.244805603853135,-0.247385875283097,-0.249740132601393,-0.251247109111338,-0.25260749052922,-0.255417063238439,-0.25766826954705,-0.258614367486615,-0.259477303655381,-0.259037169907357,-0.258867706154654,-0.258698367179259,-0.258633729994604,-0.2589165796768,-0.259181741903294,-0.259541505820915,-0.259867235989865,-0.26022423673328,-0.260641079158901,-0.261295264988456,-0.2647078672279,-0.269422164466709,-0.273862035584853,-0.278025725556838,-0.281690752041866,-0.285367332887027,-0.288904361087761,-0.29230758745955,-0.295588204953745,-0.29874208326231,-0.301999231071435,-0.305103048005546,-0.308089455521082,-0.310968903582527,-0.313731017136175,-0.316748380303836,-0.319992963114765,-0.323073656180729,-0.326035999006942,-0.328886167481787,-0.331587203512991,-0.334011887224928,-0.335897765386683,-0.337619334232322,-0.339336810234682,-0.340983498434938,-0.342544956139265,-0.343922967780127,-0.345305287396468,-0.346634068974671,-0.347911478804019,-0.349140855911953,-0.350345932840238,-0.35163510223694,-0.352865047369431,-0.353874664476682,-0.355254152808755,-0.356750255932565,-0.358209038825154,-0.359675708764299,-0.361088054169628,-0.362451001834417,-0.363766602652146,-0.364780184003484,-0.365078720680044,-0.365475040706748,-0.365859387626148,-0.36622897758458,-0.366585157129831,-0.366928049353778,-0.36725755379531,-0.367574768895229,-0.367880367550693,-0.368173858108075,-0.368456684285464,-0.368714830061009,-0.36887901949325,-0.369038208410574,-0.369188784940266,-0.369334842787064,-0.369476015311732,-0.369611833602335,-0.369742738310367,-0.369866143747681,-0.369987202423487,-0.370100867972489,-0.370213386167299,-0.37032176596821,-0.370423253069583,-0.370523639157096,-0.370617122097476,-0.370710191288675,-0.370800338407574,-0.370883590416774,-0.370967078259369,-0.37104395555468,-0.371121194545898,-0.371192393940769,-0.371264076773057,-0.371336513269455,-0.37147244357536,-0.371613311152738,-0.371748107954044,-0.371879195286829,-0.372005494216328,-0.372126525776119,-0.37224374616997,-0.372356420530088,-0.372464171902029,-0.37256865976879,-0.37266791021514,-0.372764540423541,-0.372856762456394,-0.372946666791034,-0.373031684238324,-0.373079244458512,-0.373093483709024,-0.373091965836195,-0.37309348187988,-0.373091510105133,-0.373092411150585,-0.373090300085063,-0.373087180203535,-0.373087693882935,-0.373085739402116,-0.373090041994983
"x77",0,0,0,0,0,0,0,0,0,0,0,0,0,0,0,0,0,0,0,0,0,0,0,0,0,0,0,0,0,0,0,0,0,0,0,0,0,0,0,0,0,0,0,0,0,0,0,0,0,0,0,0,0,0,0,0,0,0,0,0,0,0,0,0,0,0,0,0,0,0,0,0,0,0,0,0,0,0,0,0,0,0,0,0,0,0,0,0,0,0,0,0,0,0,0,0,0,0,0,0,0,0,0,0,0,0,0,0,0,0,0,0,0,0,0,0,0,0,0,0,0,0,0,0,0,0,0,0,0,0,0,0,0,0,0.00415426039227959,0.0115059866581153,0.0182651167062586,0.0249295839627805,0.0313309697547761,0.0374397860484459,0.0433198726072643,0.0489773423072588,0.0544141783592398,0.0596567277415171,0.0648595840129216,0.0698554408362876,0.0746614056004729,0.0792803115751906,0.0837305250049632,0.0882735709605802,0.0931830230520828,0.097756558012811,0.102167526560612,0.106410791640475,0.110414895573879,0.114124674310689,0.116661285962166,0.119088622334904,0.121455040363924,0.123725886334583,0.125988859199283,0.128201520273892,0.130290181006975,0.13230330582525,0.134236698851937,0.13609711360923,0.137896502075791,0.139647614197728,0.141271626608924,0.142780965973634,0.144183065375804,0.145542292442967,0.146858390368731,0.148221308827312,0.149524036420032,0.15077986952405,0.151991951072428,0.152900765728596,0.153350775531927,0.153884157401886,0.154385437800946,0.154863810095754,0.155325065510683,0.155768663143083,0.156200445245515,0.156609853786014,0.157004655649745,0.157389761304365,0.157754084640099,0.158085159553022,0.158238877194179,0.158416718182724,0.158594423308904,0.158758938737311,0.158917793473922,0.15907081402291,0.159218084063862,0.159364389746123,0.159500328508885,0.159635564215768,0.159761542922788,0.159882829407082,0.160003772789923,0.160116289805814,0.160228024007007,0.160332283521521,0.1604324095569,0.160532366809098,0.160625616725457,0.160717931451824,0.160804424821419,0.160889741368837,0.160970106284555,0.161044810664663,0.161092644366219,0.161140941090402,0.161188314745249,0.161235141251623,0.161279760687679,0.161323367179385,0.161365876026874,0.161405947636765,0.161444509028102,0.161482851850472,0.16151890810403,0.161554416713595,0.161587338216887,0.161620210152724,0.161651107723754,0.161698426732711,0.161751238610978,0.161803212217211,0.161853217967349,0.161898834273166,0.161943002649893,0.161984530765513,0.162025386612512,0.162065112551336,0.162102087506322,0.162137617830661
"x78",0,0,0,0,0,0,0,0,0,0,0,0,0,0,0,0,0,0,0,0,0,0,0,0,0,0,0,0,0,0,0,0,0,0,0,0,0,0,0,0,0,0,0,0,0,0,0,0,0,0,0,0,0,0,0,0,0,0,0,0,0,0,0,0,0,0,0,0,0,0,-0.00368646168659931,-0.00827065328588413,-0.0126787106309308,-0.0170447657713934,-0.0215832111608401,-0.0259512800705917,-0.0301536670674663,-0.0345401259538176,-0.0387925562276669,-0.0429131421818144,-0.0470070264272292,-0.0532900619287819,-0.0623373169120629,-0.0711290140795359,-0.0779398155866121,-0.0811001376972549,-0.0836249588336167,-0.0858131841500697,-0.0874365669312161,-0.0901338706670465,-0.0928108153688321,-0.0956228757208944,-0.0978877917473054,-0.099449707569371,-0.100530226558666,-0.101455624934298,-0.102334828939161,-0.102342779303297,-0.101383740232907,-0.099551719330099,-0.0995794396556525,-0.100325088767258,-0.102247545988442,-0.103768592514013,-0.10493851144121,-0.106887728755136,-0.108565010078351,-0.109222043026438,-0.109687031244061,-0.110091759431607,-0.107745712059836,-0.104836100654076,-0.102045300114633,-0.0993002347879034,-0.0960797555616398,-0.0924065289784768,-0.0892066826763052,-0.0857566355144902,-0.0822377339901442,-0.0787047998005111,-0.0788200048656569,-0.081614215387899,-0.0846944064027565,-0.0903331786739355,-0.0958917009980002,-0.101721751924362,-0.107183837297836,-0.111739538302632,-0.116882099403097,-0.121812435931276,-0.126951934165342,-0.132050705146185,-0.137095736222964,-0.14214695058997,-0.14983707871881,-0.158936829357611,-0.167894997261214,-0.176661133383874,-0.184957991071923,-0.192959949445191,-0.200660001133755,-0.20806910823646,-0.215193992279803,-0.222048728179998,-0.228463592721373,-0.234654086791408,-0.24061020725058,-0.246335929987202,-0.251855775528009,-0.257150036595758,-0.262548945010842,-0.267589197529814,-0.272441722207264,-0.277110763110447,-0.281479357220168,-0.285556242198478,-0.28910250614062,-0.292598416641798,-0.295919755556034,-0.299117950675367,-0.3019342404615,-0.304534248158688,-0.307060532389074,-0.309488060891452,-0.311826318066474,-0.314076148156753,-0.316246382240914,-0.318379530081329,-0.320361180926605,-0.322238776569694,-0.323938753155843,-0.325569091433074,-0.327140712453217,-0.328680418324464,-0.330040381933673,-0.331361272832287,-0.332631498880201,-0.333839174033844,-0.335035300751505,-0.336176824811253,-0.337268251326483,-0.338317421604281,-0.339327259593081,-0.340298615721236,-0.341234791795304,-0.342132959359423,-0.342997571720637,-0.34383180283796,-0.344631128447083,-0.345399424602204,-0.346220251828604,-0.347010733493606,-0.347771336485973,-0.348498488845223,-0.349199904306254,-0.349873334729253,-0.350520989652497,-0.35114994308265,-0.351748383011633,-0.352329353399935,-0.352884402288328,-0.353417498855094,-0.353936822664842,-0.354429545470842,-0.354908962204323,-0.355364765016276,-0.355804910060663,-0.356232427880691,-0.35663948014892,-0.357035145690085,-0.357410392069791,-0.357778082242313,-0.358125417656883,-0.35845538358863,-0.358693553434703,-0.358902175306816,-0.35910821421839,-0.359304252587921,-0.359492725823279,-0.359676775700791,-0.359851300007042,-0.360018918366239,-0.360182859342727,-0.360338347554867,-0.360489392873243,-0.360633011070943,-0.360773268359097,-0.360906962227906,-0.361036471689984,-0.361206969339534,-0.361411075884013,-0.361627998094118,-0.361829979389637,-0.362027951207039,-0.362213957169289,-0.362397288661715,-0.362575794915706,-0.362741880242999,-0.362905148440234,-0.363053662553097
"x79",0,0,0,0,0,0,0,0,0,0,0,0,0,0,0,0,0,0,0,0,0,0,0,0,0,0,0,0,0,0,0,0,0,0,0,0,0,0,0,0,0,0,0,0,0,0,0,0,0,0,0,0,0,0,0,0,0,0,0,0,0,0,0,0,0,0,0,0,0,0,0,0,0,0,0,0,0,0,0,0,0,0,0,0,0,0,0,0,0,0,0,0,0,0,0,0,0,0,0,0,0,0,0,0,0,0,0,0,0,0,0,0,0,0,0,0,0,0,0,0,0.00850679239961319,0.0221227988342565,0.0353588229852774,0.0508017518179476,0.0658572742678169,0.081265420170056,0.0957057986701909,0.108607982866445,0.121302834059481,0.13344467632992,0.145203883287037,0.156527150685361,0.167698857096802,0.178554427627529,0.189658986781218,0.19987111307726,0.209941005142406,0.219635682593241,0.229130352795406,0.238171877293697,0.246872016234195,0.255243821423185,0.263289577483675,0.271038493543034,0.278643510663612,0.285936065934384,0.292952070947292,0.299689272668106,0.306198887793011,0.312431542696846,0.319176680262111,0.325289038059686,0.331180956036025,0.336849650311926,0.342237044883777,0.347464905275867,0.352251163856403,0.357285519586173,0.361914574148403,0.36638356485095,0.370783786843044,0.375186742178577,0.379312393135243,0.38327854737624,0.38710319433314,0.390782884244029,0.394367715163719,0.39806793239286,0.401498196923898,0.404744391356111,0.407987406447837,0.411175438877202,0.414246725775538,0.417191906619505,0.419946062045424,0.422565537899778,0.425084131210477,0.427461158127705,0.429899163643534,0.432208057544816,0.434418018465023,0.436545051839854,0.438592529393109,0.440562301875661,0.442457281317166,0.44427915953225,0.446033018311995,0.447721326599805,0.449343295886862,0.45091977701933,0.452559114769363,0.454152458598172,0.455683080175167,0.457150672164461,0.458565441002167,0.459925100240272,0.461232797659121,0.462497178553271,0.463705841627377,0.464874628491187,0.465994633295398,0.467071542823168,0.468115064526144,0.469110449228705,0.470074632071678,0.470995355867417,0.471883562272233,0.472743300642047,0.473564466621245,0.474360100822176,0.47511793476587,0.475856266311225,0.47655762303609,0.477229095487672,0.477836701866965,0.478367344703654,0.478886941972807,0.479380929583421,0.479856353666256,0.480320573946004,0.480759958879314,0.481182314112647,0.481596097893471,0.481986761288247,0.482368122271851,0.482728763497829,0.483082907679005,0.483417883300932,0.48374487533032,0.484085886135329,0.484452051262631,0.484835419232534,0.485193598615478,0.485546784183661,0.485878427524282,0.486205985502375,0.48652391328611,0.486819546352581,0.48711129821509,0.487382783475831
"x80",0,0,0,0,0,0,0,0,0,0,0,0,0,0,0,0,0,0,0,0,0,0,0,0,0,0,0,0,0,0,0,0,0,0,0,0,0,0,0,0,0,0,0,0,0,0,0,0,0,0,0,0,0,0,0,0,0,0,0,0,0,0,0,0,0,0,0,0,0,0,0,0,0,0,0,0,0,0,0,0,0,0,0,0,0,0,0,0,0,0,0,0,0,0,0,0,0,0,0,0,0,0,0,0,0,0,0,0,0,0,-0.00872642743828389,-0.0194046578587477,-0.0296119719462787,-0.0391755159262932,-0.0484737338456499,-0.0580529581951307,-0.0670124147771222,-0.0756635731443456,-0.0837052161953217,-0.0915756948786774,-0.102734734516985,-0.116618735319816,-0.129862514281726,-0.144777919855233,-0.159929770276588,-0.175659746379165,-0.190665820565275,-0.204938698794992,-0.217505596430045,-0.22951908271303,-0.239599512638712,-0.249233692550474,-0.258648311702066,-0.267642245875916,-0.277622112600888,-0.287498759110504,-0.296959997035411,-0.306175393146749,-0.315566565357488,-0.324320436984618,-0.332745687962141,-0.340852588758485,-0.348627811432623,-0.35613673330621,-0.363690778799561,-0.370924940632151,-0.377883277702035,-0.384554294524612,-0.39100801783444,-0.397127307394129,-0.40366255566624,-0.409693747101729,-0.41551566027552,-0.421116420626377,-0.426549197333098,-0.432250744469933,-0.437580319676831,-0.443133399646821,-0.448261943119128,-0.453212286495794,-0.45822136173958,-0.463454860446722,-0.468281695214835,-0.472928813959417,-0.477402514479878,-0.481706375915051,-0.485836741098434,-0.489744678842619,-0.493469945823923,-0.496858899307511,-0.499877018433242,-0.502639577148367,-0.505279789957509,-0.507779796952058,-0.51025472259972,-0.512588277470369,-0.51483088206962,-0.516689007241998,-0.518391981346979,-0.519999891105922,-0.521541662471184,-0.523032516322092,-0.524467094711479,-0.525847042528531,-0.52717095216879,-0.528447652665326,-0.529676855569029,-0.530856199851054,-0.531992903566306,-0.533087968786135,-0.534016816933524,-0.534973508277626,-0.535894518414475,-0.536780073948972,-0.537633012427406,-0.538454108637251,-0.539243943283174,-0.540004098245445,-0.540734177301787,-0.541438482903847,-0.542113898882576,-0.542765208233059,-0.543392518722009,-0.543994224268027,-0.544575135943655,-0.545131992943356,-0.545668473534137,-0.546186404846431,-0.546681967125709,-0.547161199154426,-0.54761996459848,-0.548063511478779,-0.548488182071659,-0.548895832832584,-0.549289299709979,-0.549669269250476,-0.550041542959128,-0.550398246305976,-0.550741474690894,-0.55107439587578,-0.551391740251928,-0.551696844197564,-0.55199349565077,-0.552275853833968,-0.552550087469508,-0.552810975026957,-0.553064997681126,-0.553306641925385,-0.553541817149047,-0.55377230676168,-0.553990694385683,-0.554199545273287,-0.554392748694294,-0.554580215331916,-0.554757800004849,-0.554931369900757,-0.555098429004263,-0.55525601455106,-0.55541038430474,-0.555558011861594
"x81",0,0,0,0,0,0,0,0,0,0,0,0,0,0,0,0,0,0,0,0,0,0,0,0,0,0,0,0,0,0,0,0,0,0,0,0,0,0,0,0,0,0,0,0,0,0,0,0,0,0,0,0,0,0,0,0,0,0,0,0,0,0,0,0,0,0,0,0,0,0,0,0,0,0,0,0,0,0,0,0,0,0,0,0,0,0,0,0,0,0,0,0,0,0,0,0,0,0,0,0,0.00438055383561807,0.00979403655697858,0.0158730833266753,0.021381166413043,0.0261760424290283,0.0288322423156247,0.0291809549561197,0.0285859212989958,0.0276633945090573,0.0276291227152859,0.0327751056940005,0.0390506388278329,0.0450252742371168,0.0507468612921419,0.0563062542924232,0.0620012441563041,0.0674115744082388,0.0726496827179572,0.0774932390561982,0.0822104191769851,0.08398251202492,0.0847918334833182,0.085629660527734,0.0867380797759003,0.0884058020293059,0.0907072277006453,0.0930658064838879,0.095319280617765,0.0962437245259352,0.0970447404766426,0.0953432202159837,0.0935018247455559,0.0904575858414782,0.0875811821480514,0.0853512139077177,0.0839583038648992,0.0825622944378266,0.0811238898722844,0.0799974183399353,0.0787800720591916,0.0776102220894067,0.0764842097307706,0.0753897770690719,0.0743493593221392,0.0736331381039425,0.0729129117892527,0.0722186823115478,0.0715448210071337,0.0708990233671239,0.0704919922300271,0.0701784626583466,0.0699885787159061,0.0698135581025603,0.0696447297914606,0.0696011142318392,0.0699986678654868,0.0706971984745595,0.0713637628756402,0.072009482783585,0.072631511399598,0.0733512853993548,0.0742068866200791,0.074961510431769,0.0756929711553639,0.0763916031220248,0.0770635496138166,0.0776951072901934,0.0782031553708041,0.0787789909362904,0.0791476619093041,0.0792545748129416,0.0792021862811669,0.0791357204622826,0.0790398833100342,0.0789258314107913,0.0788323438294769,0.0787402973598276,0.0783615084851608,0.0779708867774524,0.0775358026562394,0.0771191909137808,0.0767259876895841,0.0763471906672148,0.0759826194487482,0.0756268997092138,0.0752898806037522,0.0749656700657209,0.0746484950447444,0.0743484809832179,0.0740452273847434,0.0736486320609885,0.0732797252573966,0.0729225932883363,0.0725839335622322,0.07225738627214,0.0719444498821316,0.0716435588777437,0.0713485442640612,0.071070025890125,0.0707983597414512,0.0705395724092975,0.0702923899608306,0.0700488460224938,0.0698197047610275,0.0695954245257245,0.0693836827348486,0.0691795342173172,0.0689794934114297,0.0687900148811588,0.068604723627447,0.0684307450711636,0.0682581239794019,0.0680971807640097,0.0679434724635196,0.0677817256724467,0.0676768547406957,0.067573251744967,0.0674780116984577,0.0673867127251855,0.0672941148858786,0.0672095490614105,0.0671287949658308,0.0670461553578653,0.0669712821086607,0.0668954666258419,0.0668265081452822,0.0667556997864178,0.0666914103992191,0.0666264158729355,0.0665679841948501,0.0664935746869427,0.0663996384370146,0.0663112854144817,0.0662212957801709,0.0661388604321828,0.0660553579484913,0.0659730089764914,0.0658989571524124,0.065824317305151,0.065758673760849
"x82",0,0,0,0,0,0,0,0,0,0,0,0,0,0,0,0,0,0,0,0,0,0,0,0,0,0,0,0,0,0,0,0,0,0,0,0,0,0,0,0,0,0,0,0,0,0,0,0,0,0,0,0,0,0,0,0,0,0,0,0,0,0,0,0,0,0,0,0,0,0,0,0,0,0,0,0,0,0,0,0,0,0,0,0,0,0,0,0,0,0,0,0,0,0,0,0,0,0,0,0,0,0,0,0,0,0,0,0,0,0,0,0,0,0,0,0,0,0,0,0,0,0,0,0,0,0,0,0,0,0,0,0.000802409074055561,0.00455421050818529,0.00824616618616091,0.0128857360002298,0.017600954272582,0.0221647328506094,0.0265192079648338,0.0304614935412807,0.0343452639906903,0.0380821701495102,0.0416782201626388,0.0451389082114789,0.048463732958691,0.0515342950251482,0.0544974545031324,0.0573485030828454,0.0600893579460255,0.0627349447194189,0.0653832468046293,0.0682818128646952,0.0708717910850462,0.0733650784834797,0.0757640542399845,0.0779884176376225,0.080021297891013,0.0820232363213053,0.0840449608888791,0.0859286978826228,0.0877456205573604,0.0890713030208933,0.0902999028111894,0.0914824941034735,0.0926172905645177,0.0937141062795742,0.0947694910076615,0.0957742152934491,0.0967079012642884,0.0975587811974066,0.0985414752677749,0.099658639437327,0.100850003512408,0.102000814021726,0.103155447424096,0.104317070574946,0.105412198081651,0.106465641412169,0.107492462986053,0.108331911101301,0.109188977354734,0.110007754674128,0.11079336898484,0.111549835170523,0.112277610066612,0.112979554867301,0.113652521139424,0.114300436764726,0.114925943098666,0.115525073245688,0.11599556426027,0.116061672922804,0.116126398876515,0.116183327151329,0.116235848980148,0.116287065241105,0.116336610199116,0.116384245820436,0.11643046303465,0.116473659091192,0.116516340691945,0.116556098080445,0.116595139199266,0.11663338548999,0.116668886996762,0.116704229732169,0.116736967411087,0.116768801221804,0.116800694130901,0.116829642536951,0.116858959448282,0.116885822293735,0.116912734510485,0.116937564846007,0.116963363681351,0.117011683775525,0.117036085618631,0.117061951328415,0.117085708817912,0.117109119072506,0.117133084874357,0.117154204145194,0.117174857009407,0.117196357743516,0.117215077919754,0.117234923775659,0.117252077841918,0.117270139464261,0.117285564422737,0.11730261499832,0.117304131440626,0.117305794349036,0.11731357447249,0.117321623449216,0.117330989442753,0.11733932917265,0.11734845860743,0.117357429984045,0.117364947632912,0.117373069804929,0.117378286444894
"x83",0,0,0,0,0,0,0,0,0,0,0,0,0,0,0,0,0,0,0,0,0,0,0,0,0,0,0,0,0,0,0,0,0,0,0,0,0,0,0,0,0,0,0,0,0,0,0,0,0,0,0,0,0,0,0,0,0,0,0,0,0,0,0,0,0,0,0,0,0,0,0,0,0,0,0,0,0,0,0,0,0,0,0,0,0,0,0,0,0,0,0,0,0,0,0,0,0,0,-0.000326414816141377,-0.00649957417407562,-0.0139966108355347,-0.0217590832221938,-0.0280591100365851,-0.0346913576370543,-0.0412540332774212,-0.0439179318638724,-0.0439641577513253,-0.0439227201123547,-0.0434970607029045,-0.0427714584362024,-0.0423721863794617,-0.0418827940238273,-0.0414260470593813,-0.0411673071344091,-0.0411835276659622,-0.0413239604009224,-0.0414448668308659,-0.0423828971142778,-0.0439327417554624,-0.044992411785788,-0.0444811518255197,-0.0430534961034343,-0.0414042075166873,-0.0372416877483813,-0.0330723676020412,-0.0296436719000655,-0.0263228349499039,-0.0233591917337647,-0.0193431287510167,-0.0154340999413386,-0.0105533793295797,-0.00625072279550437,-0.00370299296225775,-0.0011866762510801,0,0,0,0,0,0,0,0,0,0,0,0,0,0,0,0,0,0,0,0,0,0,0,0,0,0,0,0,0,0,0,0,0,0,0,0,0,0,0,0,0,0,0,0,0,0,0,0,0,0,0,0,0,0,0,0.000207855873072668,0.00121069864594134,0.00220366523849291,0.00316837401946211,0.00409286181610737,0.00498283194890303,0.00583755059222719,0.00665976124614275,0.00745703270349865,0.00821881098738906,0.00895563692574706,0.00966221132235231,0.0103395636331627,0.0109974356965948,0.0116252474928818,0.0122330542417916,0.0128140911064343,0.0133735596885396,0.0139148857934679,0.0144337452527258,0.0149351076258224,0.0154138241080479,0.0158795605696805,0.0163226374581761,0.0167471774951204,0.0171695321984064,0.0175524697865243,0.0179254871257632,0.0182801673556726,0.0186202088767244,0.0189523478108509,0.0192680082972907,0.0195703396985973,0.0198661904998381,0.02014695792108,0.0204195683450262,0.0206791556867086,0.0209331026861206,0.0211750379464218,0.021408591448927,0.021634249520329,0.0218576312238637,0.0220828765172788,0.0222927775571627,0.02249751976781,0.0226902591545106,0.0228793251701107,0.0230630143023174,0.0232349512729958,0.0234035460900927,0.0235618491888108
"x84",0,0,0,0,0,0,0,0,0,0,0,0,0,0,0,0,0,0,0,0,0,0,0,0,0,0,0,0,0,0,0,0,0,0,0,0,0,0,0,0,0,0,0,0,0,0,0,0,0,0,0,0,0,0,0,0,0,0,0,0,0,0,0,0,-0.00230666923817451,-0.00942459667457829,-0.0158624888440075,-0.0220568213077246,-0.0280167456457931,-0.0337061176808725,-0.0379080435395912,-0.0416014263273413,-0.0451556915632814,-0.0484132269059699,-0.0511028436284009,-0.0536906636261063,-0.0561811121685573,-0.0583611047566424,-0.0602006113538803,-0.0618238833096572,-0.0627911631674045,-0.0618038845215911,-0.0606645597522931,-0.0592959189095252,-0.0576021545277292,-0.0562701466061911,-0.0559835768030535,-0.0559754166674073,-0.0559427559952567,-0.055805539496311,-0.0556473085341805,-0.0553420767416132,-0.0548406911989014,-0.0545903336178267,-0.0542462039747359,-0.0538885474391395,-0.0535485099249606,-0.053783766897408,-0.054494861411493,-0.0512783904712653,-0.048689556337866,-0.0463331130053925,-0.0458727867852578,-0.0447991522341653,-0.0413946753264293,-0.0400561394346962,-0.0398812239282561,-0.0392055692336368,-0.0386927818609378,-0.0389724233937762,-0.0397000566039403,-0.0404970907856569,-0.0412254420325637,-0.0416328999421892,-0.0418019733730648,-0.0420053960294356,-0.0419244381267004,-0.0419341573094375,-0.041951167093858,-0.0426597383522365,-0.0444291194873243,-0.0465508085880846,-0.0490554122211988,-0.0534308911699602,-0.0576297341998088,-0.0595721412583602,-0.0615917011823635,-0.0629411760415528,-0.0654123792206287,-0.0677505820368403,-0.0698903644231083,-0.0721543491310381,-0.0743204950616943,-0.0767318187530467,-0.078500439654614,-0.0791653090134745,-0.0794994890528173,-0.079410331364869,-0.079468441858801,-0.0795346052686687,-0.0795969153379318,-0.0796570887900705,-0.0797280078805885,-0.0797855564156385,-0.0798572579473281,-0.0799177881820878,-0.0799760623233867,-0.0800432296008505,-0.0800944420361385,-0.0805141594232743,-0.081196018071416,-0.0817785209301427,-0.082330960606358,-0.0828628020351322,-0.0833768887524412,-0.0837450089807897,-0.0845131458280076,-0.0852564742105661,-0.0859882701671498,-0.0866890972509858,-0.0871540088468195,-0.0874104121870393,-0.0877492630221583,-0.0880805130017986,-0.0883954160655577,-0.0886983366936033,-0.0889876064872883,-0.0892319608990136,-0.0895961702026796,-0.0903914989540496,-0.0912608317483209,-0.092213236248109,-0.0931334153495622,-0.0940515349495963,-0.094686702039422,-0.0953617984645077,-0.0960129871217137,-0.0965530475477298,-0.0967649771668947,-0.0970126058119445,-0.097248122287141,-0.0974755726401079,-0.0976950100831347,-0.0979060668087944,-0.0981088914346182,-0.0983039172405797,-0.0984919649068832,-0.0986727075457784,-0.0988464095508835,-0.099086589350486,-0.0995948874995221,-0.100128330506429,-0.100651876210764,-0.101151903909956,-0.101632568996091,-0.102094955654703,-0.102539869473305,-0.102971532082871,-0.103383832493165,-0.103783519107436,-0.104165332096055,-0.104532063765336,-0.10488833123616,-0.105228409176421,-0.105558368306641,-0.105873292354637,-0.106175701110348,-0.106469727235745,-0.106750260414277,-0.107022629676037,-0.107282403930317,-0.107534641534911,-0.107775116122508,-0.108006010511881,-0.108214973656685,-0.108403825560794,-0.10859052484393,-0.108770244582648,-0.10894312812958,-0.109110754096172,-0.109271062045415,-0.109425083892418,-0.109574488874155,-0.10971729537963,-0.109855816657502,-0.109988085257373,-0.110116408935325,-0.110238893723371,-0.110357760263817,-0.110477889943975,-0.110606026559798,-0.110737002940307,-0.110859447987645,-0.110977391747663,-0.11108844248798,-0.111196615246519,-0.111301317163169,-0.111400002718935,-0.111496299751,-0.111581449149924
"x85",0,0,0,0,0,0,0,0,0,0,0,0,0,0,0,0,0,0,0,0,0,0,0,0,0,0,0,0,0,0,0,0,0,0,0,0,0,0,0,0,0,0,0,0,0,0,0,0,0,0,0,0,0,0,0,0,0,0,0,0,0,0,0,0,0,0,0,0,0,0,0,0,0,0,0,0,0,0,0,0,0,0,0,0,0,0,0,0,0,0,0,0,0,0,0,0,0,0,0,0,0,0,0,0,0,0,0,0,0,0,0,0,0,0,0,0,0,0,0,0,0,0,0,0,0,0,0,0,0,0,0,0,0,0,0,0,-0.000616019947743797,-0.00166199504003029,-0.00185685111840992,-0.00227277645243376,-0.00267408814603797,-0.00306009839325278,-0.00342251739496501,-0.00378485450032992,-0.0045357933397497,-0.00520520208276742,-0.00584957948739827,-0.00646289157398402,-0.00706242175549717,-0.0076664755701445,-0.00827158657698911,-0.00883386756106089,-0.00938293521213888,-0.009911274402056,-0.01034242376167,-0.0107883233475841,-0.0109032481781575,-0.0109654932106358,-0.0110375989790514,-0.0111084594456703,-0.0109133317908376,-0.0108832061261484,-0.0107591508990952,-0.0106310387738775,-0.0105139011557823,-0.010401596873063,-0.0103304937852069,-0.0105064413574775,-0.0106214641631066,-0.0103965470560781,-0.0101730424961885,-0.00988916201821885,-0.00961283960233845,-0.00933756531589294,-0.00933860524265615,-0.00927043319316882,-0.00920157989083113,-0.00918172133447857,-0.00934721567849072,-0.00947726435900303,-0.00960136685743708,-0.00972001292479586,-0.00983398441455368,-0.00994386574490813,-0.0100487551652961,-0.010150663266702,-0.0102484901347101,-0.010341774221608,-0.0104326823139125,-0.0105227730034974,-0.0106815597969088,-0.0108252954917283,-0.0109563510608363,-0.0110834059728362,-0.0112061863313225,-0.0113236340538946,-0.0114366411188065,-0.0115449198053455,-0.0116496662429465,-0.0117490028655402,-0.0118466135415215,-0.0119396228004109,-0.01202869736684,-0.012115028852482,-0.0121967573410623,-0.0122765916470431,-0.0123538555583053,-0.0124265154497371,-0.0124982867440388,-0.0125655581727655,-0.0126313371204144,-0.0126941318420401,-0.0127550227528334,-0.0128175349137996,-0.0129568347229951,-0.0130870248571333,-0.0132102488819233,-0.0133257881097485,-0.0134362600693292,-0.0135445047077285,-0.0136471639193937,-0.01374535061885,-0.0138417356463613,-0.0139329549774553,-0.0140213778262025,-0.0141056208202838,-0.0141881890451469,-0.0142668924172923,-0.0143425703374485,-0.0143743730046222,-0.0143768006470763,-0.0143706760963662,-0.0143662668990953,-0.0143624434158921,-0.0143600296191755,-0.0143572461065755,-0.014354489233094,-0.0143527556784395,-0.0143505314230908,-0.0143547782302901
"x86",0,0,0,0,0,0,0,0,0,0,0,0,0,0,0,0,0,0,0,0,0,0,0,0,0,0,0,0,0,0,0,0,0,0,0,0,0,0,0,0,0,0,0,0,0,0,0,0,0,0,0,0,0,0,0,0,0,0,0,0,0,0,0,0,0,0,0,0,0,0,0,0,0,0,0,0,0,0,0,0,0,0,0,0,0,0,0,0,0,0,0,0,0,0,0,0,0,0,0,0,0,0,0,0,-0.00331199716521263,-0.00543462072693657,-0.00732504160608276,-0.00884319980904346,-0.0103624515688612,-0.0125352537829093,-0.015604164637799,-0.018701686313046,-0.0216812143457756,-0.0250133792021434,-0.0289796782936856,-0.0333742908942664,-0.0380902911008149,-0.0417253713468022,-0.0449631901405154,-0.0479210596282776,-0.0520176687473894,-0.0567479131822943,-0.060943012074434,-0.0632817027528541,-0.0654709976255026,-0.0684049851819317,-0.071242797086784,-0.0748834398625124,-0.0779064302960265,-0.0809161898320779,-0.0843194976774459,-0.0873813910148342,-0.0898174591268177,-0.0919994941582637,-0.0945973030055218,-0.0972288982116735,-0.0995092650855413,-0.101647163845479,-0.104698196568035,-0.107270003088671,-0.109743790690097,-0.112123970490743,-0.114412194638512,-0.116609867613021,-0.118138301436875,-0.119693919785431,-0.121190404116421,-0.122629826694166,-0.124013664098195,-0.12493982797607,-0.125336286350269,-0.125835394383291,-0.126311833257915,-0.126770019919424,-0.127223309201068,-0.127670876960673,-0.127901375986661,-0.128205708412363,-0.128443241519669,-0.128673595218596,-0.128774078538891,-0.128703375613888,-0.128741320901684,-0.128784794045896,-0.128821331673322,-0.12885594958259,-0.12882898182141,-0.128443199831801,-0.127980695665578,-0.127427299521052,-0.12681406387799,-0.126206496269914,-0.125620114389206,-0.125061001364783,-0.12452176983172,-0.124019551969318,-0.123540176983833,-0.123115179593377,-0.122400329453766,-0.121767755775353,-0.121170491307225,-0.120597319961718,-0.120045169780869,-0.119513675772529,-0.119003005252728,-0.118511398006256,-0.118038189982015,-0.117583353261826,-0.11714541543323,-0.116744960144056,-0.116276403321697,-0.115845986710034,-0.11544282283227,-0.115057352041703,-0.114685704162553,-0.114328300216045,-0.113984499096481,-0.113652073674391,-0.113334436304802,-0.113027440608465,-0.112733224335857,-0.112450402684884,-0.112176253800321,-0.111914576498678,-0.111661328780851,-0.111419322716882,-0.11118626389622,-0.11096038283669,-0.110744615186716,-0.110535643825478,-0.110336392691115,-0.110142742090266,-0.109958377087911,-0.109781379894926,-0.10961433022903,-0.109469340947414,-0.109331778112667,-0.109201907596013,-0.109077053199257,-0.108955520366459,-0.108840031314073,-0.108729020782625,-0.108620685109115,-0.108518123396854,-0.108418389193687,-0.10832378885484,-0.108231145811457,-0.10814335606358,-0.108057939671986,-0.107975042757001,-0.107886541993292,-0.107791550841643,-0.107700676927736,-0.10760929930392,-0.107523219023871,-0.107437645107784,-0.107354432448715,-0.10727724119145,-0.107200706369978,-0.107129398068366
"x87",0,0,0,0,0,0,0,0,0,0,0,0,0,0,0,0,0,0,0,0,0,0,0,0,0,0,0,0,0,0,0,0,0,0,0,0,0,0,0,0,0,0,0,0,0,0,0,0,0,0,0,0,0,0,0,0,0,0,0,0,0,0,0,0,0,0,0,0,0,0,0,0,0,0,0,0,0,0,0,0,0,0,0,0,0,0,0,0,0,0,0,0,0,0,0,0,0,0,0,0,0,0,0,0,-0.00148953202503204,-0.0083136540484299,-0.0155366220762087,-0.0228462200549685,-0.0297187073259431,-0.035226276778376,-0.0398764015281167,-0.044306128555661,-0.0485850142234763,-0.0526261384360633,-0.0566851132131354,-0.0605717020931123,-0.0641057440466696,-0.069468836538822,-0.0751530069384713,-0.0805707293214599,-0.0836424517462497,-0.0844714806772665,-0.0857816195386212,-0.0892624573839041,-0.0923019422289386,-0.0949434403365582,-0.0974411608076299,-0.099187080676243,-0.100984620098463,-0.102667230932908,-0.104560007984799,-0.106442347464122,-0.108773696320496,-0.110742735554314,-0.110933911230717,-0.111219245375649,-0.11145061832181,-0.111307037866807,-0.110848172076334,-0.110539298677959,-0.11024366613208,-0.109959228701059,-0.109688142602007,-0.109426883062152,-0.109464103347094,-0.109460677379471,-0.109457519779445,-0.109454624640714,-0.109453576049105,-0.109572419237361,-0.110106112881082,-0.11050105613946,-0.110886542192767,-0.111256977075064,-0.111617725426106,-0.111873376858352,-0.112182657592829,-0.112366980127736,-0.112616543526077,-0.112852488422355,-0.11350113748865,-0.114344325304155,-0.115036018481537,-0.115700861636347,-0.116344075163039,-0.116963464643441,-0.117573598280807,-0.118244695627598,-0.118938235633374,-0.119943669666532,-0.121071584892249,-0.122264548454613,-0.123423506990861,-0.124496986759982,-0.12535729849643,-0.126202741660887,-0.127013429054809,-0.127789302892793,-0.129049632002453,-0.130190476782922,-0.131267177251934,-0.132300502994538,-0.133296374492164,-0.134254773594242,-0.135177478513306,-0.136063630469264,-0.136917090108771,-0.137739151493985,-0.1385285179907,-0.139279795776427,-0.140162636161015,-0.140953582031938,-0.141705865250892,-0.142426055991577,-0.143119687834076,-0.143787915732304,-0.144430791926822,-0.145050764446051,-0.145644449677527,-0.146218278997078,-0.146767255163758,-0.147296459566922,-0.147807842594772,-0.148297150265809,-0.148770546877483,-0.149223257565364,-0.149658628071751,-0.150080946974447,-0.150483660020395,-0.150874240373293,-0.151247168176962,-0.151608261154558,-0.151953380023574,-0.152284277998168,-0.15255356750138,-0.152782460365857,-0.15299816195488,-0.153205098419384,-0.153405022244029,-0.153597350973969,-0.153781853138391,-0.15395978616444,-0.154131183158128,-0.154295218725644,-0.154454102035855,-0.154605515094325,-0.15475191945622,-0.154891223841202,-0.155027336137245,-0.15517644227852,-0.155354159707047,-0.155548796987672,-0.155738037343725,-0.155925565941146,-0.156103321671498,-0.156278041066645,-0.156447622360045,-0.156606565033072,-0.156762413794379,-0.156910577615498
"x88",0,0,0,0,0,0,0,0,0,0,0,0,0,0,0,0,0,0,0,0,0,0,0,0,0,0,0,0,0,0,0,0,0,0,0,0,0,0,0,0,0,0,0,0,0,0,0,0,0,0,0,0,0,0,0,0,0,0,0,0,0,0,0,0,0,0,0,0,0,0,0,0,0,0,0,0,0,0,0,0,0,0,0,0,0,0,0,0,0,0,0,0,0,0,0,0,0,0,0,0,0,0.0021509543785783,0.0101289190813258,0.0186601708018292,0.0290322241327418,0.0432175619509912,0.0574191116062689,0.0701408571986032,0.081675248842069,0.0914168204479915,0.101137176789944,0.110602251538975,0.119704200369537,0.128364269846403,0.136808472941624,0.145281449125911,0.153716760509797,0.164256741398192,0.175351488445434,0.18527802362181,0.192611455530029,0.197680402561446,0.20249122062436,0.206494118792296,0.210211586925308,0.213755255312601,0.217286358090625,0.221356754285097,0.226075712363155,0.230593808252488,0.235017372489571,0.239147442216813,0.2427797670823,0.246116193555516,0.24795865193638,0.250020223161269,0.251747234763514,0.253096772627167,0.254399468063752,0.255624853565143,0.256806049403289,0.257942164576992,0.259030137513001,0.260080466338755,0.261023706090323,0.261939602789497,0.262820823642738,0.263664715305038,0.264479420542076,0.265269773400696,0.266146080356821,0.26695226240026,0.267735618061763,0.268488947852366,0.269210395467363,0.269885748530608,0.270491577276982,0.270902441482637,0.271389944271457,0.271848720546426,0.272632417126532,0.2737189822883,0.274636971190992,0.275517330052764,0.276361961111373,0.277175331812117,0.277965952504901,0.278762631704399,0.279569755036341,0.280581607984592,0.281886583135517,0.283316962298317,0.284714961903226,0.286109115438892,0.28740155380894,0.288672530354056,0.289897305082176,0.291095364853865,0.292488132881692,0.2938657558348,0.295172130360157,0.296417986253634,0.29761773630276,0.298772317414137,0.299890847432076,0.300959192846472,0.301987197240037,0.30298402318402,0.30393573986176,0.304853116753063,0.305878743595413,0.306830440397983,0.307751356495402,0.30862898297829,0.309472408497425,0.310284348524261,0.311065465262603,0.311824147366153,0.312547686102521,0.313249885778309,0.313919361282292,0.31456234456358,0.315188243079674,0.31578473191079,0.316364304772428,0.31691629541265,0.317445561180431,0.317962174371924,0.318453580181393,0.318931991154328,0.319386931812778,0.319829614322702,0.320250646555536,0.320653232171383,0.321013202542953,0.321329498310415,0.321631173568191,0.321917688744466,0.322192352902,0.322460069145766,0.322715381218851,0.322959865675158,0.323198312990266,0.323425471245972,0.323647481447068,0.323857665070055,0.324062255754215,0.324255682324549,0.324446076135104,0.324642064041944,0.324859263234607,0.325088722732626,0.325307990473209,0.325523869334505,0.325728035677214,0.325928429419436,0.326123511626846,0.326306614785976,0.326485700522358,0.326645626097485
"x89",0,0,0,0,0,0,0,0,0,0,0,0,0,0,0,0,0,0,0,0,0,0,0,0,0,0,0,0,0,0,0,0,0,0,0,0,0,0,0,0,0,0,0,0,0,0,0,0,0,0,0,0,0,0,0,0,0,0,0,0,0,0,0,0,0,0,0,0,0,0,0,0,0,0,0,0,0,0,0,0,-0.0014700484646015,-0.00705571432098148,-0.0121143823035076,-0.0174640022547721,-0.022962969971204,-0.0284067091186018,-0.0335343828417343,-0.0372704001703298,-0.0408211612322001,-0.0436837647982815,-0.0463724889756218,-0.0487475636016453,-0.0509778003197248,-0.0528735306793127,-0.0549938835688387,-0.0571101369247963,-0.0591539659095501,-0.0615700470485018,-0.0640068532245498,-0.066491364822142,-0.0693649860597658,-0.0740092353916805,-0.082754884871004,-0.0917975321700529,-0.100484223594839,-0.111836427366933,-0.123084798722219,-0.132918063462841,-0.141843248433355,-0.149834668030682,-0.158366020554607,-0.166854797569387,-0.174991880626056,-0.180008085536209,-0.181877237396499,-0.182987263865536,-0.184578368756002,-0.186376668408605,-0.188255167751508,-0.188426476791553,-0.185546893787362,-0.181574592544399,-0.177398314482685,-0.171118984033387,-0.165558534890448,-0.160005177718856,-0.154886496960273,-0.150682287145516,-0.146680874204732,-0.14280346649514,-0.13729315607517,-0.13211272819725,-0.126988361509664,-0.122061511533267,-0.11659530592729,-0.111588539084139,-0.106596105600656,-0.101910400442877,-0.0967557595218763,-0.0920309766917779,-0.0874852482092744,-0.0831113601695854,-0.0789024703283428,-0.0748536459466549,-0.0709100448122193,-0.0671120212628508,-0.0634576489388642,-0.0599408312429325,-0.0565573255960623,-0.053734592011424,-0.0511623553234,-0.048776516159029,-0.046481365599801,-0.0442738982921861,-0.04215033779542,-0.0402582595413332,-0.0381808417732307,-0.0360640913449916,-0.0340483398120688,-0.0321104528635795,-0.0304029468825605,-0.0291094203100201,-0.027739465512732,-0.0264068744873734,-0.025127758109138,-0.023897654234708,-0.0227111633115609,-0.0215918441863233,-0.0205743437913045,-0.0196258360887852,-0.0188170954031991,-0.0180601736493921,-0.0173265346917126,-0.0166242083247826,-0.0161359667875286,-0.0156406835902748,-0.0151577447002861,-0.0147978945456925,-0.0145950490701123,-0.0144055394732727,-0.0142165557145557,-0.0140345925933499,-0.0138593943651246,-0.0136911209792913,-0.0135270290925621,-0.0133717387080262,-0.0132219901670466,-0.0130755395095365,-0.0129375756780618,-0.0127871728646931,-0.0126580702110661,-0.0125356981834745,-0.0124107663089039,-0.0122937421509645,-0.0121813875625591,-0.0120725999242363,-0.0119680888478456,-0.011864780366763,-0.0117687207347196,-0.0116720293751708,-0.0115840413705654,-0.0114980045912723,-0.0114123878348828,-0.0113334147967721,-0.0112533133778461,-0.0111802815496063,-0.0111105432288483,-0.0110387248999284,-0.0109746965446242,-0.0109082927191892,-0.0108483323962712,-0.0107875981869794,-0.0107320682049959,-0.0106765854017201,-0.010569268996235,-0.0104939545235899,-0.0104144333744513,-0.0103397520568725,-0.0102677876429359,-0.0101943140848223,-0.0101276820568234,-0.0100641620304306,-0.00999867844750615,-0.00993955077819035,-0.00987894953129004,-0.00982460457643266,-0.00976869413788586,-0.00971857942406764,-0.00966656421752082,-0.00964373603115787,-0.00963029821603729,-0.00961255315505015,-0.00959883036174184,-0.00958523488344448,-0.00957447069608276,-0.00956264972123348,-0.00955051233887629,-0.00954129195161477,-0.00953105264615972,-0.00951781361943725
"x90",0,0,0,0,0,0,0,0,0,0,0,0,0,0,0,0,0,0,0,0,0,0,0,0,0,0,0,0,0,0,0,0,0,0,0,0,0,0,0,0,0,0,0,0,0,0,0,0,0,0,0,0,0,0,0,0,0,0,0,0,0,0,0,0,0,0,0,0,0,0,0,0,0,0,0,0,0,0,0,0,0,0,0,0,0,0,0,0,0,0,0,0,0,0,0,0,0,0,0,0,0,0,0,0,0,0,0,0,0,0,0,0,0,-0.00525462855426971,-0.0152519480885704,-0.0261382347764421,-0.0360986623820439,-0.0458301897770971,-0.0552713584238476,-0.0637391035618508,-0.0730990049365764,-0.0821665908848157,-0.0908598297685787,-0.100494086184706,-0.109375945149505,-0.118161167378777,-0.126725131506501,-0.135734196454057,-0.144551816655383,-0.15303042530902,-0.162294102406944,-0.171100347466847,-0.17954632973704,-0.187558291303246,-0.195200781106064,-0.202471236149639,-0.209449586100903,-0.2156417022094,-0.22227172346134,-0.228385963961292,-0.234270713512662,-0.239932613828622,-0.245371484215564,-0.25061305156608,-0.255584039736307,-0.260390206800314,-0.265014243841389,-0.269459363687632,-0.273739834058409,-0.277331885552382,-0.28032339080735,-0.283183618930093,-0.285938355537638,-0.288587710750605,-0.291161751641251,-0.293456195423907,-0.296227381426265,-0.298878117757703,-0.301461232250136,-0.3039422366809,-0.306375416884907,-0.308618292559848,-0.310803433313872,-0.312920228701443,-0.314953278574754,-0.316909066786972,-0.318755150206903,-0.320307042928225,-0.321802600784353,-0.323372885411652,-0.325191739956556,-0.327080478431786,-0.328909441138875,-0.330678067189477,-0.332193487802774,-0.333688801546866,-0.335132865018925,-0.336462587232068,-0.337838022359299,-0.339133670340242,-0.340376798724813,-0.341570056580108,-0.342718856208603,-0.34382394562678,-0.344891419650862,-0.345913678166951,-0.346897725471038,-0.347849054371001,-0.34875926533991,-0.349637471236829,-0.350466532102017,-0.351256868850885,-0.352022307583166,-0.352752608099324,-0.35345595323578,-0.354132707788176,-0.354783601573249,-0.355415686303008,-0.356017433484132,-0.356602524385319,-0.357159533911858,-0.357695547645019,-0.358217452640517,-0.358713292838312,-0.359196209329923,-0.359655022438661,-0.360096444089796,-0.360527204689231,-0.360935861942517,-0.361334456131634,-0.361712383400538,-0.362081658243891,-0.362431420733283,-0.36276547003845,-0.363115858061499,-0.363418374876746,-0.363716254453641,-0.363998772511996,-0.364270274338586,-0.364537990913886,-0.364789860063558,-0.365030998569342,-0.365269511261795,-0.365493533680307,-0.365713745450597,-0.365920698875371,-0.366124989360168,-0.366316905010478,-0.366505592052896,-0.366683316340178,-0.366854488433165,-0.367030655323632,-0.367194483274988,-0.367355252472002,-0.367505703178439,-0.367654242134035,-0.367798784817954,-0.36793290358323,-0.368065175176618,-0.368183482376271
"x91",0,0,0,0,0,0,0,0,0,0,0,0,0,0,0,0,0,0,0,0,0,0,0,0,0,0,0,0,0,0,0,0,0,0,0,0,0,0,0,0,0,0,0,0,0,0,0,0,0,0,0,0,0,0,0,0,0,0,0,0,0,0,0,0,0,0,0,0,0,0,0,0,0,0,0,0,0,0,0,0,0,0,0,0,0,0,0,0,0,0,0,0,0,0,0,0,0,0,0,0,0,0,0,0,0,0.0043143909317261,0.0153147121541583,0.0260669065881899,0.0365269752406006,0.0477913335666103,0.0593333550978389,0.0705661547685397,0.081367540790588,0.0945099577543187,0.109944977689222,0.125767853103195,0.140565855520313,0.154205619781438,0.167108486995507,0.180384649093912,0.193902198761599,0.206849887070827,0.219295458775379,0.231566997476335,0.242996634505266,0.254453723376186,0.26560929624879,0.277056934413669,0.287611251210198,0.297801946927006,0.308621719978356,0.318964213624429,0.328747964984928,0.33823282444115,0.348462932975953,0.35831456927011,0.36780933223889,0.376617633952127,0.38532575777888,0.393602168016764,0.40156612151029,0.409228570711758,0.416595568762714,0.42369246639848,0.430433769879563,0.43694392723217,0.443208082765517,0.449236528460204,0.455032113202387,0.460670987237767,0.46579074429442,0.470739249745803,0.47550322885184,0.48008629411745,0.484435815800735,0.488267422435765,0.49214101750973,0.495863924567741,0.499468145393925,0.50293125147818,0.506292434776336,0.509326125425899,0.512325860212751,0.515221032641681,0.518003248003202,0.520680073402864,0.523223846225946,0.525492718879067,0.52777376277741,0.530167172191669,0.532590594532495,0.534979586410074,0.537284740780348,0.539468619418452,0.541439810313607,0.543368555304657,0.545226804955657,0.546976787234416,0.548662010476697,0.55027973839008,0.551834286434895,0.55332961375256,0.554768786777587,0.556153326278236,0.557487620986397,0.5587689418679,0.560002147119911,0.561190990038869,0.562332146786425,0.56344360614162,0.56459713319313,0.565694000294384,0.566749376000172,0.56776140783647,0.568736652899234,0.569674102232517,0.570575890593306,0.571447570033814,0.572281763448027,0.573087799301331,0.573860963334929,0.574604050927321,0.57532340023923,0.576010998199307,0.576675884712018,0.577312296900646,0.577925532983842,0.578518149477851,0.579085862194238,0.579634311972739,0.58015877325496,0.580667560216258,0.58115299038276,0.581620623829806,0.582139662929274,0.582614839458297,0.583080024767855,0.583523288592559,0.583949145293417,0.584365166000077,0.584759968507998,0.585138548817568,0.585509175261232,0.585860402806098,0.586202205261763,0.586526906535247,0.586844578689806,0.587146258652576,0.587439118377687,0.587694298602114,0.587922165068928,0.588142229035962,0.588346974704288,0.588545614611879,0.588733567328163,0.588917192861596,0.589094877273385,0.5892622556818,0.58942579556058,0.589574783392104
"x92",0,0,0,0,0,0,0,0,0,0,0,0,0,0,0,0,0,0,0,0,0,0,0,0,0,0,0,0,0,0,0,0,0,0,0,0,0,0,0,0,0,0,0,0,0,0,0,0,0,0,0,0,0,0,0,0,0,0,0,0,0,0,0,0,0,0,0,0,0,0,0,0,0,0,0,0,0,0,0,0,0,0,0,0,0,0,0,0,0,0,0,0,0,0,0,0,0,0,0,0,0,0,0,0,0,0,-0.00751424658121644,-0.015747476569523,-0.0239458875435415,-0.0319769973711222,-0.0391755450318968,-0.0460039900546473,-0.052605536437013,-0.0593988955355632,-0.0666118828549074,-0.074095746207869,-0.0811985866700144,-0.0866791166126995,-0.0913490499178033,-0.0980099625489556,-0.106852424558734,-0.115793458160481,-0.124454872160085,-0.133792919565037,-0.1426457574262,-0.152264135716801,-0.161341502173059,-0.169950186535136,-0.178858431817107,-0.187457069678117,-0.197282090632261,-0.206579999093579,-0.215140498478249,-0.223673989575931,-0.236755538909251,-0.248863878427635,-0.260813635215386,-0.272268294344574,-0.283337703383557,-0.293971991933631,-0.304202347969679,-0.314046018168808,-0.323517711490506,-0.332631282119531,-0.341109763558658,-0.349314217124312,-0.357209119443204,-0.364806989708194,-0.372114695499407,-0.378967041114954,-0.3851516367537,-0.391156755288285,-0.39693334591419,-0.40249156146816,-0.407734072165747,-0.412522280172497,-0.417040852884309,-0.421426190239657,-0.425631279998694,-0.429678325362358,-0.433695772495301,-0.437228662270438,-0.440784384106461,-0.444208025261324,-0.44750096302576,-0.450669083498627,-0.453732906879121,-0.456762733287872,-0.459782793363988,-0.462816750737339,-0.465908544911003,-0.46894069859705,-0.471862747194473,-0.474642650901688,-0.477213208723589,-0.47971620255604,-0.482125724914393,-0.484489861642658,-0.48651340558675,-0.488489650318958,-0.490400128666331,-0.492240547249949,-0.494011217831878,-0.495714723579275,-0.497353353406527,-0.498930304970787,-0.500447665815697,-0.501907431343028,-0.503311868598156,-0.504714277816153,-0.50631234377854,-0.507828970539606,-0.50928798285681,-0.510691007896349,-0.512042410244069,-0.51334118670631,-0.514590537774023,-0.515795263261269,-0.516951153963936,-0.518065384850654,-0.519136524796402,-0.520166055488052,-0.521160060797534,-0.522112397395133,-0.52303143839489,-0.523912781101829,-0.524762233639862,-0.525581128385093,-0.526366916473422,-0.527125021832615,-0.527850892032653,-0.528554185510798,-0.529225909390925,-0.52987805820545,-0.530593041317284,-0.531250303333044,-0.531895623775406,-0.532511263776381,-0.533103013213009,-0.533679367077,-0.534227028886666,-0.534752933657176,-0.535266554790348,-0.53575350941754,-0.536227572023466,-0.536677776575018,-0.537118128107553,-0.537535924486632,-0.537942254963362,-0.538285317417784,-0.538602289245387,-0.538908947042158,-0.539191298293604,-0.539465587780061,-0.539724364650731,-0.539977796479133,-0.54022254696317,-0.540452553761567,-0.540678148092143,-0.54088853313348
"x93",0,0,0,0,0,0,0,0,0,0,0,0,0,0,0,0,0,0,0,0,0,0,0,0,0,0,0,0,0,0,0,0,0,0,0,0,0,0,0,0,0,0,0,0,0,0,0,0,0,0,0,0,0,0,0,0,0,0,0,0,0,0,0,0,0,0,0,0,0,0,0,0,0,0,0,0,0,0,0,0,0,0,0,0,0,0,0,0,0,0,0,0,0,0,0,0,0,0,0,0,0,0,0,0,0,0,0,0,0,0,0,0,0,0,0,0,0,0,0,0,0,0,0,0,0,0,0,0,0,0,0,0,0,0.000416010261047161,0.00947885280414367,0.0175023918350331,0.0250458265266806,0.0322584844823483,0.0392029851452806,0.0458529845117344,0.0522501584452963,0.0584057076567931,0.0643327263128343,0.0700254263104866,0.0751158193087818,0.0800714913729228,0.0848397431099182,0.0894298342603552,0.0938443566605049,0.097842022708192,0.100922805258569,0.104034123018183,0.107024348444185,0.109901545881899,0.112678456032196,0.115509703567846,0.118352251786491,0.121085762836729,0.123693702186435,0.126208751463881,0.128626792171961,0.130710185359002,0.132842887433477,0.134898322320018,0.136873024666805,0.138772625527361,0.140567638957082,0.142109708966277,0.143657556955471,0.145202743138587,0.146638940791975,0.147976529712347,0.149247301271758,0.150379186348078,0.151393195615102,0.152404158520649,0.153372452104815,0.154512604119902,0.155160608267592,0.155810802644641,0.156451135834851,0.15707871555772,0.157682180645206,0.158262489641446,0.158813597005556,0.159350887813562,0.159868146002512,0.160358753193463,0.160837112719682,0.161309947032054,0.161908712392534,0.162425582942428,0.162915540548543,0.163394036860075,0.163855119865106,0.164299149302428,0.164726189287151,0.165130212367243,0.165523800868193,0.165898784754016,0.166262347931846,0.16661449397012,0.166947838146662,0.167271522386842,0.167580676579679,0.167880206044938,0.168169807555162,0.168445417803496,0.168711057421028,0.168965981666703,0.169212202302202,0.169447948343832,0.169675603065567,0.169900283969781,0.170152167146266,0.170406052286102,0.170662452470369,0.170909749929614,0.171148945371823,0.171379195191457,0.171598833250852,0.171811356231353,0.17201677112287,0.172212048356423,0.172402092617982,0.172582757597275,0.172758594320157,0.172925275316148,0.173088263121336,0.173216434307202,0.173326091201657,0.173418515897664,0.173498167512358,0.173573609303104,0.173645241023775,0.173714749171274,0.173780021230347,0.173842403229779,0.173903640697556,0.173965766528189
"x94",0,0,0,0,0,0,0,0,0,0,0,0,0,0,0,0,0,0,0,0,0,0,0,0,0,0,0,0,0,0,0,0,0,0,0,0,0,0,0,0,0,0,0,0,0,0,0,0,0,0,0,0,0,0,0,0,0,0,0,0,0,0,0,0,0,0,0,0,0,0,0,0,0,0,0,0,0,0,0,0,0,0,0,0,0,0,0,0,0,0,0,0,0,0,0,0,0,0,0,0,0,0,0,0,0,0,0,0,0,-0.00265875219542526,-0.00664397700585809,-0.0105699723676242,-0.0143318738167854,-0.0175936660717271,-0.0201328944355435,-0.0222256872243424,-0.0246288711836751,-0.0280776436209807,-0.0318671363099865,-0.0351653001342299,-0.0356369676534547,-0.0358270278108012,-0.0360257484371566,-0.0356250440210239,-0.0350612860460014,-0.0356917088244166,-0.0362483670693869,-0.0368963089558006,-0.0374741736328611,-0.0378556544737802,-0.0376974978180383,-0.0375702879261586,-0.0380171052359797,-0.0386396667483013,-0.0446805281190271,-0.0506234269006568,-0.0557383183914799,-0.0607122040439606,-0.0657191054529575,-0.0703612140892173,-0.0748297492423695,-0.0791292127310814,-0.083255658983456,-0.0872338165446983,-0.0909048585450207,-0.094471343324632,-0.0979019822514134,-0.101195216516208,-0.104374426284435,-0.1078655517057,-0.111436941452263,-0.114786732887045,-0.11802391970602,-0.121137493058967,-0.124008031175422,-0.126722806159681,-0.129220383496127,-0.131800958690775,-0.134189577150642,-0.136492694499297,-0.138638222059699,-0.140745559898705,-0.142741800559654,-0.144667635160632,-0.146518539655042,-0.148299293549758,-0.149987440180949,-0.151451167179785,-0.152875440943366,-0.154480068055265,-0.155588820246534,-0.15650880111851,-0.157376799413174,-0.158235790956351,-0.159192689758459,-0.160091719399382,-0.160954258478358,-0.161999670286117,-0.16290789013967,-0.163842522648083,-0.164732236577981,-0.165590365177523,-0.166416653803419,-0.167211296441461,-0.167977180433054,-0.168711756595363,-0.169419483290335,-0.170102028127805,-0.170755903987109,-0.171371230433238,-0.172050741706277,-0.172647246324968,-0.173212025743905,-0.173752969933299,-0.174275063595962,-0.174777897426155,-0.175261469790299,-0.175727501979956,-0.176173181118325,-0.176605022601921,-0.177016979542246,-0.177415297177955,-0.177800083399841,-0.178167225376596,-0.17852361367298,-0.178863373924399,-0.179190815696505,-0.179509111358754,-0.179810988560352,-0.180105169742889,-0.180385059992892,-0.180656848058658,-0.180915948957352,-0.181166403015831,-0.181409928760604,-0.181636447288465,-0.181860754090227,-0.182075723691207,-0.182282877855588,-0.182484129871479,-0.182675523546008,-0.182859642506077,-0.183038906864849,-0.183209309555462,-0.183375180470345,-0.183532623621454,-0.183685788551322,-0.183831110502871,-0.183973210720189,-0.184106296160679,-0.184237985614691,-0.184367107522456,-0.184486289818117,-0.184601677458211,-0.184711076933353,-0.184818158110152,-0.184921720999204,-0.185019115121693,-0.185114285644066,-0.185206980307101
"x95",0,0,0,0,0,0,0,0,0,0,0,0,0,0,0,0,0,0,0,0,0,0,0,0,0,0,0,0,0,0,0,0,0,0,0,0,0,0,0,0,0,0,0,0,0,0,0,0,0,0,0,0,0,0,0,0,0,0,0,0,0,0,0,0,0,0,0,0,0,0,0,0,0,0,0,0,0,0,0,0,0,0,0,0,0,0,0,0,0,0,0,0,0,0,0,0,0,0.00232344043233557,0.00380992240300992,0.00492264457550582,0.00639774708509451,0.00738210333744639,0.00749421792910872,0.00714204020940932,0.00689733300224545,0.0123901559224318,0.0208020097082861,0.0291539304839554,0.0375092518071997,0.0471425732715847,0.0584578738440347,0.0696347248726948,0.080378340787633,0.0907316307038349,0.100926247928843,0.110957646413118,0.12072184767704,0.13093357408297,0.140969473662933,0.149091029453275,0.156175760640107,0.162982341598327,0.169605114719262,0.177599407631321,0.185259669387912,0.192912391089584,0.200169372754249,0.207121340043808,0.214878914014306,0.221981721362084,0.228029831941564,0.233908809029574,0.240176535350984,0.246295048894393,0.252890012969913,0.259208437119939,0.265025565989261,0.270805639117626,0.276764417966469,0.282283541305721,0.287596639683078,0.292708969268652,0.297610890777209,0.30234413022137,0.306970254867674,0.311418574605443,0.315697585014421,0.319800770702361,0.323770647296003,0.327910168436686,0.332546070705994,0.336745737047278,0.340801505188956,0.344702938002537,0.348328349720503,0.351719193072571,0.354878958896121,0.358201319731048,0.361259892290082,0.364210728491196,0.36699523223055,0.369962826012729,0.372659955732611,0.375256862888724,0.377758885195334,0.380166249176316,0.382489958437123,0.38474870272903,0.386776559516864,0.388743298239418,0.390679538940747,0.392579990468312,0.394406218172172,0.396254394661078,0.398189023318238,0.399993654270738,0.401731245789775,0.403578755542357,0.405515696965257,0.407427175270779,0.409248738972234,0.410995321500457,0.412676904775048,0.414294687735252,0.415857344047329,0.417353541484723,0.418794007944372,0.420186603255309,0.421518807949345,0.422799943501301,0.424142606466934,0.425418149615351,0.426642533465182,0.427812250481927,0.428939989304755,0.430024156860788,0.43106693925291,0.432078094845899,0.433042183627942,0.433976893192207,0.434870218902054,0.435729075111288,0.436563645127895,0.437358185206726,0.43812938531765,0.438864485583102,0.439572752527794,0.44026059173985,0.440916311472527,0.441552744084772,0.442158366776981,0.442748538018092,0.443309194371221,0.443847131071953,0.44435044160498,0.444779740485434,0.445196013401262,0.445592084024986,0.445972806915036,0.446344573571179,0.446697136731138,0.447035441846726,0.447366651527854,0.447680200641469,0.447985470080357,0.448275012338342,0.448558500503252,0.448827396380912,0.449088928705818,0.449350156874232,0.449633675535427,0.449935463313224,0.450221067130042,0.450502431554982,0.450767289941582,0.451028363642345,0.451282352791212,0.451519050117289,0.451751855328063,0.451965671392266
"x96",0,0,0,0,0,0,0,0,0,0,0,0,0,0,0,0,0,0,0,0,0,0,0,0,0,0,0,0,0,0,0,0,0,0,0,0,0,0,0,0,0,0,0,0,0,0,0,0,0,0,0,0,0,0,0,0,0,0,0,0,0,0,0,0,0,0,0,0,0,0,0,0,0,0,0,0,0,0,0,0,0,0,0,0,0,0,0,0,0,0,0,0,0,0,0,0,0,0,0,0,0,0,0,0,0,-0.0124051219474463,-0.0287864345054582,-0.0448397216092903,-0.0608425820893429,-0.0756116135619702,-0.0912789705402653,-0.106771325810578,-0.121652625063047,-0.135566665769724,-0.148721786925874,-0.161409992973265,-0.173776911826794,-0.186507163633628,-0.19921090029176,-0.209174817532977,-0.218854048697006,-0.228908915811894,-0.238321094451506,-0.248662981227831,-0.258999528654129,-0.268014438855803,-0.276905700497802,-0.286793725885108,-0.296740484902757,-0.306123455828696,-0.314365579249951,-0.322337242589995,-0.330542631705797,-0.338422290953974,-0.346525665721113,-0.35425626570323,-0.361449796264771,-0.368563025079373,-0.375654537392459,-0.382348885082972,-0.388792046116157,-0.39499195223037,-0.400944706393578,-0.406687488408463,-0.412238701841084,-0.417584763091656,-0.422727389531746,-0.427662428303302,-0.432432967505911,-0.436585270257683,-0.440373964809091,-0.443911316359883,-0.447320118881988,-0.450599760236211,-0.453627815876431,-0.456378534029135,-0.45865858321932,-0.4610274575415,-0.463197145027484,-0.465297640188977,-0.467643332396153,-0.470428460135039,-0.47285129413408,-0.475179870905083,-0.477426942684232,-0.479588896293903,-0.481625871408521,-0.483354676846413,-0.484926656704707,-0.486457860269685,-0.487950845063778,-0.489369900608736,-0.490719416671991,-0.491963742251051,-0.493308360098289,-0.494539754056295,-0.495719090513881,-0.496994505728469,-0.498523957236579,-0.499949910353914,-0.501313231080976,-0.502628633442276,-0.503894877184421,-0.505113148780758,-0.506282247987838,-0.507409360482595,-0.50849446463753,-0.509535846356463,-0.510539574061097,-0.511526167852812,-0.512645604629829,-0.513698909763486,-0.514701950645994,-0.515668028995542,-0.516599690224437,-0.517495649498391,-0.518357377137402,-0.519185807569577,-0.519981911997007,-0.52074804463066,-0.521485364410615,-0.522195369575251,-0.522878876643183,-0.523534613586089,-0.524166381139284,-0.524772973236856,-0.525358346642084,-0.525921655789346,-0.526462288029653,-0.526983372185363,-0.527482711796272,-0.527965877010529,-0.528427921498483,-0.528871244714621,-0.529256934388913,-0.529597182080514,-0.529925379213159,-0.530239408565638,-0.530542550888452,-0.530835279212172,-0.531114393080189,-0.531383714243998,-0.531644731167087,-0.531892751518162,-0.532133017410411,-0.53236208797558,-0.532585310924798,-0.532797791422743,-0.533003595943256,-0.533220280410148,-0.53345906511094,-0.533709989659252,-0.533948152825175,-0.534183916729228,-0.534406637605308,-0.534626093704284,-0.534838150233622,-0.535036493032595,-0.535231949981855,-0.53541518226349
"x97",0,0,0,0,0,0,0,0,0,0,0,0,0,0,0,0,0,0,0,0,0,0,0,0,0,0,0,0,0,0,0,0,0,0,0,0,0,0,0,0,0,0,0,0,0,0,0,0,0,0,0,0,0,0,0,0,0,0,0,0,0,0,0,0,0,0,0,0,0,0,0,0,0,0,0,0,0,0,0,0,0,0,0,0,0,0,0,0,0,0,0,0,0,0,0,0,0,0,0.00294444063953761,0.00719599715648407,0.01065097595661,0.0143503863225383,0.0173159487057122,0.0205716129953104,0.0236627737636634,0.0327324798688977,0.0444175704141683,0.0559285973160414,0.0672602030437661,0.0774970406450109,0.086664986049404,0.0958164657973985,0.104553252599237,0.112634578785281,0.119617087785836,0.126040830093273,0.132438893472645,0.140499161757463,0.148961771810288,0.155793534621528,0.162474920974984,0.169984250597279,0.176515083603959,0.182559534724806,0.188884405500629,0.194798880637098,0.200880307999867,0.208801746308041,0.216179073407748,0.223272731773372,0.22993186908664,0.236301714028328,0.243198348899608,0.249629401769348,0.2564590546392,0.263119294336399,0.269209537118275,0.274984204994664,0.280638399811639,0.285996520268914,0.291155117775851,0.296118706621952,0.300880850809454,0.30547795256118,0.309867479661461,0.314109544845654,0.31818961830899,0.322103103075576,0.325886762535452,0.329083392931565,0.331839946270177,0.334439916417034,0.336947148592054,0.339358974617029,0.341586472261805,0.343494946174256,0.345224396814305,0.346964005436851,0.348570033295775,0.35012451715212,0.351903220469614,0.353963872290082,0.355782284936657,0.357531925824931,0.359219117043001,0.360842334407046,0.36231793527825,0.363287387070474,0.364194447853574,0.365206397944189,0.366162771280518,0.367062601255813,0.36791353049608,0.368686902720619,0.36963573987326,0.370490414641005,0.371309090339356,0.372268467645127,0.373554896340281,0.374755733497051,0.375904160320619,0.377009951820681,0.378074228692511,0.379098015957371,0.380083591831539,0.381030756721751,0.381942479678337,0.382820606417275,0.383663906183452,0.384493559047515,0.385336322946179,0.386146559913057,0.386923879620456,0.387668136539295,0.388384371906278,0.389074354218654,0.389737909786571,0.390378996856204,0.390992124953354,0.391586543728959,0.392152995010178,0.392699426468775,0.393228634237608,0.393733562641656,0.39422425903595,0.394691442850594,0.395140241092214,0.395578051544759,0.39599282107616,0.396397976486211,0.396782559924081,0.397156878567884,0.39751265260143,0.397851529570217,0.398155974257091,0.398425593473488,0.398689365049904,0.398939976261503,0.39918118122292,0.399416800031975,0.39963967722558,0.399853917763546,0.400063953738039,0.400262128848715,0.400457110384834,0.400640388150047,0.400820195897816,0.400988752017201,0.401155911005242,0.40133042713254,0.401518192679584,0.401712447723236,0.401893515291093,0.402072550943458,0.402240943944782,0.40240736349567,0.402568564868058,0.40271876862773,0.402867026059309,0.403004437569361
"x98",0,0,0,0,0,0,0,0,0,0,0,0,0,0,0,0,0,0,0,0,0,0,0,0,0,0,0,0,0,0,0,0,0,0,0,0,0,0,0,0,0,0,0,0,0,0,0,0,0,0,0,0,0,0,0,0,0,0,0,0,0,0,0,0,0,0,0,0,0,0,0,0,0,0.00169015563645121,0.00792326443381246,0.0139157746082314,0.0196835637247847,0.0249478899922365,0.0306239795937804,0.0363968104781769,0.042212245428515,0.0484502800198844,0.0541871404534605,0.0593301455054318,0.0641797855650199,0.0711858884887866,0.0815711392933913,0.0912083882021887,0.100289653716406,0.107878338430226,0.115104220110186,0.121993410249071,0.129282046505464,0.136283025478642,0.148983659658077,0.162976193772252,0.176431068445549,0.189431233712222,0.201574569371093,0.211503683478525,0.220838495979258,0.229024764310885,0.237532559451673,0.24603056414218,0.254555509050287,0.262072499424349,0.26806487757777,0.274515175004565,0.280892533411132,0.286727392845779,0.292207693933839,0.297145053409799,0.301969959492742,0.307160408397301,0.313030054294346,0.319101202062519,0.325187921789661,0.331297209214398,0.337656280304658,0.345103598604032,0.351077410362494,0.355506314323832,0.359912775476348,0.363912617804972,0.367591607174205,0.371700845264992,0.37547289559045,0.378420397667738,0.380550050161667,0.382494788626032,0.383506532757371,0.384493445552287,0.385137424511067,0.385890763616329,0.387054873051155,0.388654507193568,0.389956925153525,0.390947292218519,0.391870405037854,0.392813357583076,0.393719096566353,0.394590694543703,0.395444713041398,0.396253057507905,0.39698080716883,0.397683716240549,0.398360559370584,0.399023334700629,0.399646545719458,0.400304808999566,0.400929903628623,0.401571281009832,0.402183329575388,0.402772406603672,0.403350540537694,0.403843374434719,0.403844380206579,0.403709340793102,0.403672938694791,0.403632012186555,0.403855436304857,0.404187354512654,0.404438244274269,0.40468077748655,0.404913406704751,0.405137395002975,0.405393775291788,0.405836127925303,0.406227623672954,0.406571993114067,0.407101689406024,0.407690831640984,0.408266781010018,0.408713787618752,0.40883604747057,0.409008825463375,0.409172348046252,0.409139066977505,0.409390530090023,0.40954077903577,0.409678597428008,0.40981415619554,0.409945349145326,0.410071799815168,0.410189289274109,0.410306163568911,0.41041896386865,0.410523355070942,0.410627713756253,0.410728583991424,0.410893573432596,0.411008217181965,0.411110809052092,0.411213896319906,0.411313654693985,0.411410019575525,0.411502805035153,0.411587211327356,0.411672261022266,0.411750253483368,0.411828775964812,0.411905289448211,0.411974603385798,0.412044706450886,0.412108756005369,0.412173574377239,0.412236623466992,0.41229373711342,0.412351328080081,0.412403917658066,0.412457255658518,0.412505734238935,0.412555078142091,0.412600636520659,0.412574085786846,0.412550298437484,0.412521093259933,0.41249656034908,0.412474482407346,0.412448339934018,0.412426655447162,0.41240729426354,0.41238406206081,0.412364744745775,0.412342624557188,0.412324668867211,0.412304365915813,0.412287893054216,0.412268716378684,0.412281561750424,0.412318186029829,0.412364108527545,0.412413522920709,0.412462354930036,0.412510041721409,0.412555884616203,0.412599801970125,0.412642114472646,0.412682843312277,0.412731720553903
"x99",0,0,0,0,0,0,0,0,0,0,0,0,0,0,0,0,0,0,0,0,0,0,0,0,0,0,0,0,0,0,0,0,0,0,0,0,0,0,0,0,0,0,0,0,0,0,0,0,0,0,0,0,0,0,0,0,0,0,0,0,0,0,0,0,0,0,0,0,0,0,0,0,0,0,0,0,0,0,0,0,0,0,0,0,0,0,0,0,0,0,0,0,0,0,-0.0120682935091529,-0.0273400262253255,-0.0419600852961134,-0.0562617625095884,-0.0705383674458304,-0.0843769079844827,-0.0975143061579639,-0.108589368152184,-0.118804589530836,-0.129078145296035,-0.139321252766197,-0.148718959256079,-0.157533755820601,-0.166184587580223,-0.174617573788721,-0.182486444925851,-0.18849590791475,-0.193799549212895,-0.198945037815276,-0.204514584169805,-0.210492616039339,-0.216114283872056,-0.221337134207865,-0.227301103914867,-0.23376702883189,-0.241405281613012,-0.24838828569976,-0.254438326917041,-0.260774381095145,-0.26902654447491,-0.276714577126763,-0.284257495629531,-0.291335403653647,-0.296333009582929,-0.300611868852693,-0.304687749279994,-0.308270729502042,-0.311780332371485,-0.315089426185215,-0.318600788025519,-0.32310911884618,-0.328001139499632,-0.332329232602114,-0.336206036715552,-0.339519455624704,-0.342906251951605,-0.346164485429941,-0.349299500399118,-0.352326363506253,-0.355230368812983,-0.358086334307667,-0.36082152829088,-0.363453773761663,-0.365995862714983,-0.36842812992654,-0.370524614236499,-0.372460430780641,-0.374328276736116,-0.376118011340873,-0.377840320112911,-0.37957565188959,-0.381160622786037,-0.382209928071478,-0.382868596591301,-0.383736302241413,-0.384554901125106,-0.38531966362079,-0.385967985370645,-0.386564920188479,-0.38714242611033,-0.387694632924395,-0.388226124612074,-0.388756945532599,-0.389350728788698,-0.389868953993879,-0.390289736181484,-0.390796881925025,-0.391326860907597,-0.391846822818351,-0.392282755221513,-0.392497467485686,-0.392746806624282,-0.392987779669124,-0.393344166504437,-0.394105117198602,-0.394786523133616,-0.395437021638486,-0.396059554671668,-0.396658946145465,-0.397235786383971,-0.397792653204511,-0.398326580187058,-0.398840273184396,-0.399336423215115,-0.399812106414502,-0.400276217140514,-0.40076867991934,-0.40121664586303,-0.401651619893919,-0.402068697255609,-0.402469288182763,-0.402855090871832,-0.403226246320134,-0.403584819253228,-0.403928518707849,-0.40426074602,-0.404578476449365,-0.404884145513086,-0.405179890632619,-0.405463153041892,-0.405737326671725,-0.405999460334004,-0.406250850428032,-0.40649518768319,-0.40672819623506,-0.406954481298383,-0.407170431812645,-0.407379585498859,-0.40757942304595,-0.407769268613642,-0.407907645071043,-0.408023501018499,-0.408132477947346,-0.408237413151083,-0.408338610380326,-0.408435473530849,-0.408528981488833,-0.408619114927664,-0.408705433991606,-0.408788588244549,-0.408868634151414,-0.408945591484697,-0.409019609482484,-0.409090653092292,-0.409159193204462,-0.409245113881662,-0.409354860174224,-0.409476670670905,-0.409594623393007,-0.40971070839009,-0.409820533586606,-0.40992812826443,-0.410032712610577,-0.410130839562185,-0.410226797355972,-0.410319636559451
"x100",0,0,0,0,0,0,0,0,0,0,0,0,0,0,0,0,0,0,0,0,0,0,0,0,0,0,0,0,0,0,0,0,0,0,0,0,0,0,0,0,0,0,0,0,0,0,0,0,0,0,0,0,0,0,0,0,0,0,0,0,0,0,0,0,0,0,0,0,0,0,0,0,0,0,0,0,0,0,0,0,0,0,0,0,0,-0.00360908115448106,-0.0131307033638576,-0.0215882809055246,-0.029396574421379,-0.035966558738301,-0.0422108395951039,-0.0480400394212112,-0.0538893154530266,-0.0596748342203464,-0.0594236754317653,-0.0573731331515094,-0.0554658150700777,-0.0541310607088705,-0.0530086542024676,-0.0514338076978441,-0.0495486050507267,-0.0487068872714922,-0.0480277523122234,-0.0472076995139399,-0.0463376188472346,-0.0446986181972695,-0.0426388927920077,-0.0408226271981563,-0.0389915697607991,-0.0367537221245194,-0.0351464682211361,-0.0338268717755276,-0.0325464083220528,-0.0312608678796897,-0.0300086940063938,-0.0291769621962431,-0.0285307252529256,-0.0282504922577917,-0.0282140620340408,-0.027728231089234,-0.0276623341361005,-0.0275674726304501,-0.0270277031318718,-0.0244100114719037,-0.0220495535339967,-0.0200339599447492,-0.0182127935443453,-0.0182256165429466,-0.0187993542611409,-0.0193263218774352,-0.0201512330545992,-0.0207888728656017,-0.0211581216898853,-0.0212242841449145,-0.0201962206398131,-0.0187797770599869,-0.0173983950911933,-0.0162869245873484,-0.0156683225917425,-0.0148802474293009,-0.014122653167882,-0.0133935677836502,-0.0126851874383045,-0.0120120897900541,-0.0113379934519443,-0.0107001125764969,-0.0100860780830081,-0.009490497875091,-0.00892337783537162,-0.0081868961537025,-0.0071864959340251,-0.00626694086312174,-0.00538547621107921,-0.00453712215209147,-0.00363826091314784,-0.00274419046416709,-0.00197370089832452,-0.00142596852002658,-0.000776130526282551,-0.000158626034314651,0,0,0,0,0,0,0,0,0,0,0,0,0,0,0,0,0,0,0,0,0,0,0,0,0,0,0,0,0,0,0,0,0,0,0,0,0,0,0,0,0,0,0,0,0,0,0,0,0,0,0,0,0,0,0,0,0,0,0,0,0,0,0,0,0,0,0,0,0,0,0,0,0,0,0,0,0,0,0,0
