"","s0","s1","s2","s3","s4","s5","s6","s7","s8","s9","s10","s11","s12","s13","s14","s15","s16","s17","s18","s19","s20","s21","s22","s23","s24","s25","s26","s27","s28","s29","s30","s31","s32","s33","s34","s35","s36","s37","s38","s39","s40","s41","s42","s43","s44","s45","s46","s47","s48","s49","s50","s51","s52","s53","s54","s55","s56","s57","s58","s59","s60","s61","s62","s63","s64","s65","s66","s67","s68","s69","s70","s71","s72","s73","s74","s75","s76","s77","s78","s79","s80","s81","s82","s83","s84","s85","s86","s87","s88","s89","s90","s91","s92","s93","s94","s95","s96","s97","s98","s99","s100","s101","s102","s103","s104","s105","s106","s107","s108","s109","s110","s111","s112","s113","s114","s115","s116","s117","s118","s119","s120","s121","s122","s123","s124","s125","s126","s127","s128","s129","s130","s131","s132","s133","s134","s135","s136","s137","s138","s139","s140","s141","s142","s143","s144","s145","s146","s147","s148","s149","s150","s151","s152","s153","s154","s155","s156","s157","s158","s159","s160","s161","s162","s163","s164","s165","s166","s167","s168","s169","s170","s171","s172","s173","s174","s175","s176","s177","s178","s179","s180","s181","s182","s183","s184","s185","s186","s187","s188","s189","s190","s191","s192","s193","s194","s195","s196","s197","s198","s199","s200","s201","s202","s203","s204","s205","s206","s207","s208","s209","s210","s211","s212","s213","s214","s215","s216","s217","s218","s219","s220","s221","s222","s223","s224","s225","s226","s227","s228","s229","s230","s231","s232","s233","s234","s235","s236","s237","s238","s239"
"Intercept",1.09871744279629,1.10379000748838,1.1086708095201,1.11336709826534,1.11788584904343,1.12223377347955,1.12641732947338,1.13044273079085,1.13431595629342,1.13919773462371,1.14711090092412,1.15472538584676,1.16205201399206,1.1691016671181,1.17588345793017,1.18241022721199,1.18869026075252,1.19473288461895,1.20047393618415,1.2053108358794,1.20996450544202,1.21444224820373,1.21875071488588,1.22289630478218,1.22688517526818,1.23072325094668,1.23441766243949,1.23797098216844,1.2413899712611,1.24467970927681,1.24784508240965,1.25089079213555,1.25382136219637,1.25664114531896,1.25935432968016,1.26196494512746,1.26447829352216,1.26689520532525,1.26922074636729,1.27145837291706,1.2736114084865,1.27674438686341,1.27982002700149,1.28277806937499,1.28562425911473,1.28836285152583,1.29099791449683,1.29353336184608,1.29597295943127,1.29832033074601,1.30057896230177,1.30275220880634,1.30544357392843,1.3077072659821,1.3097488020879,1.31175552703277,1.31431536158567,1.31718648107725,1.31995210152595,1.32263500943805,1.32531507154604,1.32656775654629,1.32740630904706,1.32820978913619,1.32905532101931,1.3299741486283,1.33085807837481,1.33170855426766,1.33252685363162,1.33359120597971,1.33480366762719,1.33572855759766,1.33664752277687,1.33916800118627,1.34222156710348,1.34566679652176,1.34908011570367,1.3526508214008,1.35586727255667,1.35879539535287,1.36158505386793,1.36520192417477,1.36853380641107,1.37107443687221,1.37342190479128,1.37466837412003,1.3754641897515,1.37648096883912,1.37855886153888,1.38187865837914,1.38514189467058,1.38820512892833,1.39110494017556,1.39383260425276,1.39646625237698,1.39935892000637,1.40233212715381,1.40573295995975,1.40818564029992,1.41078041981494,1.41282858092684,1.4139364294668,1.41543652995103,1.41753246932191,1.41950643319211,1.42091478838992,1.42212813303979,1.42290540242014,1.42384137931786,1.42493756098358,1.42581575044744,1.42638647149871,1.42729914293354,1.4278620812697,1.42849141791996,1.42957266721083,1.43229224426488,1.4347411418438,1.43569996383282,1.43689272986509,1.4380437946084,1.43947871194971,1.44153017370411,1.44388188482898,1.44528480160416,1.44686418045145,1.44841373338124,1.4507564432621,1.45311808263517,1.45485040072453,1.45695265475107,1.46027955098329,1.46356292810989,1.46652996489426,1.47016974852171,1.47337921726109,1.47619455183368,1.47906943355127,1.48399010822566,1.48905029344087,1.49392276734368,1.4976117533197,1.50135576909446,1.50514119060312,1.50864063504695,1.51222406727855,1.51446009489279,1.5170049717189,1.51879637621571,1.5219593942546,1.52440632857677,1.52621871207,1.52812946677286,1.53035544808126,1.53354495819422,1.53429758246207,1.53455519521557,1.53436421837312,1.53389422027722,1.53417609116707,1.53518614785507,1.53490908391566,1.53460761166663,1.5343418501615,1.53652883722263,1.54131039443209,1.54517205477318,1.5488588875774,1.5508302212278,1.55273253921319,1.55615013426698,1.55822181362146,1.55761606196027,1.55840359808512,1.56129476340152,1.56399841529297,1.56779912991252,1.57217202559816,1.57621047595476,1.57954411872129,1.58476789546855,1.59476552557271,1.60657005562311,1.61781487042751,1.62851174513584,1.63894929302378,1.64526524896436,1.65108353938131,1.65724304472489,1.66267130703134,1.66978933821008,1.67648867407287,1.683350744418,1.69115592295159,1.70279638491805,1.71088613241085,1.71653986819237,1.72171175760502,1.7369686717306,1.7504709129611,1.7607332254713,1.77154154985437,1.78352641468004,1.80322143325511,1.82194031624465,1.83697483532768,1.85072947856727,1.86382430635183,1.8767893955837,1.89137770593504,1.90656974523247,1.9259682903301,1.94401851045208,1.95897954826775,1.97149455499437,1.98863632570087,2.0007070474466,2.01244200962618,2.0316187539706,2.04238735198073,2.05350197481661,2.06445135638553,2.07869152110717,2.1046045520162,2.11747568672085,2.12668812881641,2.13364768744369,2.14150688096203,2.15641507451806,2.17744492077914,2.19918123319487,2.22118706906943,2.24187872095074,2.25581269901471,2.26460205197981,2.27299928056969,2.28222638343975,2.29064968133782,2.29893851315927,2.30841306654883
"x1",0,0,0,0,0,0,0,0,0,0,0,0,0,0,0,0,0,0,0.00396862602422309,0.041423037069726,0.077459945985582,0.112134519582597,0.145498259531644,0.177600720439293,0.208489583555387,0.238210727593212,0.266808135424753,0.294324612559928,0.320800858896327,0.346276200217892,0.370788474625183,0.394374089790611,0.417068077035064,0.438904143359354,0.459914721508653,0.480131018144314,0.499582678692542,0.518299373899368,0.536308503759328,0.55363681851427,0.570310055623341,0.585879748530251,0.600839628459992,0.615237764996064,0.629091559448758,0.64242162621809,0.655247764650591,0.667589025200299,0.679463738135755,0.690889540770055,0.701883403657322,0.712461655798762,0.721463248359137,0.730593743758019,0.739501159596512,0.748702569422577,0.757847390600751,0.766537668065435,0.774917009906315,0.782960554053326,0.790562200948889,0.797555635287763,0.804237975624274,0.810676967275656,0.816996062572858,0.823329905422633,0.829399208200741,0.835247252234091,0.840874194705144,0.846556450670892,0.851788169601567,0.858081745338092,0.86642949280324,0.87100658578119,0.87488551359882,0.878128230052999,0.881631115369873,0.885547852380596,0.888910486677495,0.890973536513054,0.891524597976835,0.892221329852947,0.892118574934103,0.891565674111833,0.892393718070896,0.890639332892926,0.888224493717271,0.887154993790922,0.885646089857016,0.883387670415548,0.880786594692402,0.876572528894147,0.872074113736418,0.86759676470504,0.863285937466927,0.859408465897519,0.856080091439685,0.853476319164979,0.85237882814358,0.851466955488486,0.851118828434368,0.851049900053952,0.851474994890679,0.853205177735644,0.856106144674697,0.856312042088151,0.856091952435468,0.854572843467399,0.852972548806225,0.851596929561536,0.851077634723453,0.850220161911747,0.849497638702256,0.850354607869105,0.852081455269945,0.854226969024614,0.858125363192771,0.8626767385811,0.866255873806777,0.870518869785204,0.875012471816808,0.880453863624439,0.886325253312362,0.891462150393314,0.895418248759337,0.897315874080638,0.899722706342331,0.902524249113493,0.904595491921085,0.905155657123323,0.904828404420054,0.905815761917988,0.905151927799817,0.902548428947902,0.900629830897613,0.900023633901751,0.898816802451404,0.898175891845171,0.897438095352081,0.89774940744731,0.897957531138654,0.896691423866553,0.893317179187515,0.888698983324807,0.884126634340042,0.879344680128,0.875648791700778,0.87479784801204,0.87308250749533,0.871667279035746,0.87028479282757,0.870819117960152,0.868696559175395,0.866256751569176,0.865846991570917,0.86391421119423,0.86345835243508,0.863143350127334,0.86322060278034,0.863114488780555,0.864852336198323,0.868409271563241,0.871913378064177,0.874876474375793,0.878748913095375,0.882707323334427,0.882814749635871,0.880822096622061,0.872596128224905,0.862136158083843,0.848220833942376,0.836837579850143,0.832191299717772,0.829405302968744,0.828318250905196,0.825288013450739,0.820771759013717,0.815944109725422,0.810730048017358,0.803579578814886,0.79768307571151,0.797676417276795,0.80163429503098,0.806408488280112,0.811339990820956,0.815440640577988,0.813957641285379,0.812025076159389,0.811301950261235,0.811151828406439,0.811728460181714,0.813186838293421,0.813721630382688,0.808755070422741,0.798373693563091,0.791084950161384,0.789319743684745,0.787421603774518,0.785558109493265,0.78473599121707,0.784393764297515,0.782392142337933,0.779254547819571,0.762170696040091,0.749417836972523,0.746320713469711,0.745232199190911,0.744223664391726,0.743179185128212,0.741661076652843,0.740437918987336,0.735904463054146,0.735328475277142,0.730694424950172,0.724893519223354,0.71191874233803,0.712957545469611,0.714748802075759,0.716094812819511,0.716182253447087,0.715766432938086,0.719320061426272,0.721426974019442,0.712071981339695,0.70894587320057,0.704582397403143,0.699280222135187,0.692647748754085,0.680527064626221,0.669455013090445,0.663606296034406,0.657226273361894,0.653045489587403,0.651883141919593,0.651062823606936,0.649009346362883,0.645146841608137,0.64103120186718,0.636465335401339,0.627328860594672
"x2",0,0,0,0,0,0,0,0,0,0.0141628145206935,0.067225448918251,0.118287836840033,0.167419872296388,0.214694525859366,0.260165361068099,0.303933856222446,0.346047750598056,0.386569576107101,0.422904345771154,0.43453719669729,0.445726363483611,0.456492536266916,0.466851705875405,0.4768192586108,0.486409999112963,0.495638172348825,0.504535091483093,0.513078081778123,0.521298097853252,0.529207365360851,0.536817631816539,0.544140200622184,0.551185947867121,0.557965338482239,0.564488441783363,0.570764946427047,0.576821809920556,0.582632090435312,0.588222694672116,0.593601952311224,0.598777853104549,0.604583341097859,0.610300026659985,0.615783034303071,0.621058607140382,0.626134741164975,0.631018977576812,0.635718570869045,0.640240501269416,0.644591485125746,0.648777984881794,0.652806218675839,0.659380511743295,0.666518535366261,0.673352014425709,0.67955146129666,0.684121265487371,0.68784316106738,0.691421726146319,0.694771625296969,0.697478577542853,0.700509212824082,0.703662439082248,0.706635480530187,0.70938000420349,0.711712239831683,0.713987292226024,0.716165465064378,0.718261112483084,0.720318482275449,0.722441864797261,0.72426090506221,0.724628312779443,0.72536106679692,0.726671050731296,0.72915131843872,0.731919132885647,0.734484644635711,0.737270932879044,0.739699556435177,0.742529358338535,0.745382224857553,0.748382841625247,0.751580582256059,0.753351428285042,0.756900961240073,0.761092869141201,0.764270647343651,0.768562040608614,0.774221360933368,0.780071435574969,0.787954499562831,0.795679806552971,0.802453641112143,0.809075297552859,0.815135742891238,0.819493484347025,0.823652734360582,0.824890381054447,0.823602124362017,0.820350856247509,0.815023176313545,0.809377203375756,0.803714557015976,0.798473563133275,0.796246366348508,0.795409391779517,0.796878088488172,0.798138236346807,0.799247903488777,0.799670515507359,0.799489794098287,0.799779522365783,0.799826620459225,0.798703715278165,0.797368245134982,0.792060710833878,0.785959275804444,0.7796808930063,0.773641450308985,0.767442179786243,0.760611505361999,0.753738600355969,0.747067235097982,0.742441605998742,0.739241010422966,0.735662691685252,0.730969525044589,0.726223799470033,0.723321892704648,0.719692830381391,0.715704429283245,0.712314572150047,0.709544151044869,0.709022099541904,0.708271283158763,0.7076327808285,0.708434650726571,0.711398929563959,0.7131457905562,0.710961374956986,0.707398452241786,0.705557026181038,0.702209910483605,0.70009892576495,0.698587569828946,0.696662879421045,0.696322917159381,0.694957919736211,0.692938331753813,0.690285710078371,0.686630119765287,0.682680684722393,0.677200065533558,0.668909718177126,0.661423662213077,0.652923146111444,0.644469993329133,0.63590688516584,0.629573207473575,0.627014374112137,0.621767446778081,0.616263422919483,0.608464081403265,0.601291762873359,0.591608075828848,0.583320020932327,0.575289546123049,0.568995241768149,0.56136690526574,0.553308489068397,0.544350908669218,0.532784852771436,0.521562703694041,0.512008916088762,0.504005889909635,0.496914913847419,0.492355660062462,0.488180331932828,0.488521624294203,0.490380057236103,0.493436564702462,0.497096541209456,0.501299568284506,0.505147367539051,0.509272939311327,0.512972228255894,0.516256871538453,0.516457620636327,0.51440605180954,0.51172060271924,0.507459002730252,0.505286438254322,0.512745980673706,0.53205018492254,0.5436229959941,0.549425301844666,0.555392732807108,0.570231417748914,0.578759452867928,0.575437463971778,0.570136763952161,0.563253475439423,0.566131748029293,0.570712455540202,0.571435945501686,0.571681695810435,0.571394382963804,0.571740712186741,0.575057143010048,0.58022379278492,0.597570102908407,0.607340204256145,0.619713068703449,0.631114940277422,0.655790268168668,0.667185823924766,0.680561174395988,0.718059576521248,0.731082013330838,0.742814558025219,0.749297664956172,0.761760340403147,0.8032817291446,0.817667400310169,0.824807035575968,0.829498848992912,0.835084761443247,0.852029835162757,0.871927591978821,0.887479997399679,0.901283952086838,0.913621053224372,0.921060106091308,0.92758879008019,0.936471279838265,0.947703206289991,0.957578596062345,0.967411519987984,0.983822553785821
"x3",0,0.0801977939174274,0.15736379952848,0.23161263021447,0.303054566525441,0.371795719978028,0.437938190661126,0.501580218883448,0.562816331088216,0.611192114206024,0.62837637263137,0.644906734832001,0.660812181925097,0.676116341297694,0.690854343262074,0.705022805926081,0.718655631897926,0.731773084047537,0.744258118438694,0.755728015240931,0.766768063356226,0.777390754806343,0.787611867233447,0.79744658188549,0.80690950610014,0.81601469500093,0.824762648724971,0.833192906994116,0.841304481178763,0.849109406342255,0.856619274999995,0.86384524143466,0.870798038253693,0.877487992330265,0.883925040141604,0.890118742527481,0.896065371283068,0.901800102449621,0.907318057984287,0.912627413376513,0.917736054499628,0.912757835285763,0.907379481124273,0.902215439891885,0.897246999424509,0.892466389468548,0.88786650519375,0.883440514422901,0.879181843305225,0.875084166507525,0.871141397818787,0.867347681110425,0.864700997085912,0.864413166807166,0.865562134908966,0.866634743823167,0.868129370368432,0.869876382748117,0.871496665130593,0.873151163405306,0.87541418000421,0.87687056711299,0.878004126517696,0.879157758980123,0.880280956935229,0.881431756030682,0.882559759472579,0.883634926445446,0.884669838159629,0.885690303373179,0.887070607674499,0.888589062932726,0.890183600128445,0.892637813439143,0.894907850829213,0.896416428147478,0.897650847224949,0.898311053105264,0.899058466919036,0.900575133007042,0.90174989394859,0.903445675925278,0.904198097830445,0.904180105810925,0.904404685401045,0.90443934934365,0.904624531567452,0.90089595503809,0.896444252358399,0.890678282624373,0.884725617016122,0.875997336022355,0.868021621026174,0.862329541168886,0.856613934764839,0.852368643050815,0.851490110160917,0.850496710500625,0.851392912456409,0.855930068305656,0.863139073372627,0.870840142093102,0.877893192212231,0.881757000182465,0.882502098208488,0.882392544570142,0.880557573638568,0.876831964237282,0.874326641436331,0.87228790103357,0.872957856122788,0.874849196769196,0.875720193058508,0.875658202676413,0.876687177360201,0.878030140544987,0.883910922768662,0.891288909176805,0.9004552225494,0.907217868815658,0.914420432392851,0.922037652325853,0.929584706431908,0.935737767618994,0.940760691277537,0.940686538417769,0.940340567938668,0.941063070899696,0.944677247276912,0.947849307248217,0.951137962399204,0.953724655744174,0.956843908549694,0.96002037927626,0.96265410170718,0.965743743966898,0.969348505437986,0.97286750587303,0.973984499926152,0.975307506235886,0.980253962527734,0.988415136328565,0.996424415742659,1.00651970721133,1.0155801507162,1.02446201165939,1.03251191087919,1.03828607182864,1.04673710328032,1.05474964594455,1.0633657114941,1.0725805259721,1.08327896667365,1.0933127431298,1.10500287760978,1.12406077188383,1.1468702102602,1.16958972117999,1.19346621710874,1.21427539341263,1.23419297572398,1.25584603001934,1.27812207925715,1.30111632767548,1.3218456828895,1.34566420434765,1.36961116437626,1.39255867774856,1.41752297045395,1.44443806054247,1.47176536713897,1.49837235266579,1.52682011358585,1.55494235388318,1.58097975664783,1.60553436237905,1.63014813045602,1.65059982662482,1.66975490531755,1.68152815442273,1.68817452105479,1.68753939068159,1.6792039667281,1.66832106718402,1.65759371168714,1.64649691451184,1.64039812404608,1.63488757188971,1.63419999718108,1.63649211981539,1.63881505860927,1.64267997352358,1.64805243087858,1.64406463711332,1.62477189171372,1.61465651992561,1.60893277971927,1.60288734281917,1.56878781061068,1.54993491078847,1.55474827572306,1.56146890063222,1.5685087970259,1.5660876242772,1.56232466273117,1.56214204798365,1.56248226679771,1.56315280450398,1.56281018737204,1.55565719669823,1.54412704922258,1.51687569526803,1.49614358188511,1.47842456836788,1.46134274410855,1.42295782700035,1.39672416616175,1.36677056622047,1.28700754386225,1.25850030863099,1.23567800635763,1.2229739610755,1.20610919983398,1.13965162042723,1.11187090480245,1.09946041034422,1.09145303362174,1.08417068958649,1.0658331331148,1.03769292459039,1.00909182658756,0.982253231810451,0.958287658412588,0.943479137668575,0.933181122934987,0.92270433709918,0.910909928622393,0.89984260353237,0.889104329400815,0.870228948204051
"x4",0,0,0,0,0,0,0,0,0,0,0,0,0,0,0,0,0,0,0,0,0,0,0,0,0,0,0,0,0,0,0,0,0,0,0,0,0,0,0,0,0,0.0121010767896747,0.0243668694861924,0.0361687630226019,0.0475242849069782,0.0584505215639526,0.0689637039840586,0.0790794472479368,0.0888127761006463,0.0981781472932224,0.10718947105532,0.115860131755849,0.121488701094157,0.122747152354545,0.1224066527345,0.122768603826328,0.124029928327738,0.125544655793314,0.127048608627451,0.128576382375432,0.130332037232832,0.132107776513844,0.133921996436938,0.135647421082754,0.137434725231888,0.139363883137439,0.141192758675136,0.142964625611126,0.144669299382017,0.146081140466663,0.147375764933386,0.148314063796677,0.148441515319679,0.14884063810242,0.150325150412482,0.153508996622629,0.156420135407159,0.15599273986353,0.151301089352827,0.146379465776596,0.14208132955747,0.139155316930724,0.138503650064639,0.139336901567832,0.140188526646694,0.141609472693955,0.143223246697338,0.148799320624291,0.153307252101915,0.157272004316009,0.16147161621401,0.166537193259492,0.171528493507551,0.175507359652691,0.179498825628217,0.182144663664922,0.18166984897581,0.179270606416928,0.175066934837091,0.171508342665836,0.16555067313741,0.156985185908788,0.149180235331471,0.143957566127568,0.141540365362396,0.138102399404622,0.135457856971963,0.132887183238166,0.130380728109546,0.127656086315532,0.122230947332796,0.11729802172456,0.113136565350209,0.106730933980419,0.098952510607942,0.0913034175349149,0.0813514950069386,0.0715738310222025,0.0591505432971683,0.0489664896213102,0.0383588059472868,0.0271531097036306,0.016332842094335,0.00835524747354076,0,0,0,0,0,0,0,0,0,0,0,0,0,0,0,0,0,0,0,0,0,0,0,0,0,0,0,0,0,0,0,-0.0112624306862757,-0.0274570819299867,-0.042967962019666,-0.0580291656122092,-0.0696987862605404,-0.0813116552698165,-0.0909961942037697,-0.101650787257035,-0.115558190063592,-0.129904120913887,-0.143318074350322,-0.157547927297274,-0.16882681191229,-0.180194151062325,-0.191996133570992,-0.204732041259132,-0.218392939706097,-0.229627752425746,-0.241114506473608,-0.254970335198169,-0.267652062717797,-0.28123931172366,-0.293562225416644,-0.304429596719064,-0.304583702807462,-0.30028671485251,-0.291745367776148,-0.273478094257185,-0.252712268935333,-0.232012328272908,-0.210700858710612,-0.194434559724327,-0.179082184029821,-0.168849073062082,-0.161176306896723,-0.15403468321557,-0.149785888156014,-0.149702133291105,-0.144406590615475,-0.125865323128977,-0.111604928932268,-0.0978933691455816,-0.0835604551804057,-0.0317862941108514,0,0,0,0,0,0,0,0,0,0,0.00681313663951001,0.0188138966248648,0.0417129367087833,0.0584750883008457,0.0710696534743888,0.0829342056977544,0.11029492677832,0.132806517156308,0.160365410814171,0.250415593943989,0.283309850183729,0.308836959964488,0.318687801057338,0.32713980610378,0.382170219535127,0.407746199441241,0.418134719759234,0.424318341062691,0.429127105650632,0.433395781492332,0.449513595076461,0.471425894570142,0.488526179441832,0.504655871680729,0.512142665258718,0.519114528350341,0.525646085497742,0.531321427735884,0.538156208866638,0.544481804488134,0.557327029730508
"x5",0,0,0,0,0,0,0,0,0,0,0,0,0,0,0,0,0,0,0,0,0,0,0,0,0,0,0,0,0,0,0,0,0,0,0,0,0,0,0,0,0,0,0,0,0,0,0,0,0,0,0,0,0,0,0,0,0,0,0,0,0,0,0,0,0,0,0,0,0,0,0,0,0,0,0,0,0,0.00462366245325222,0.0150417588850455,0.0260690589821055,0.0378239578100477,0.0472297270829784,0.054760113402168,0.06070106171857,0.0657963217605341,0.0700217572762523,0.0732897779621054,0.0767359916385368,0.0803216720262151,0.0836940554734629,0.0867864541386234,0.0902838646490462,0.0934299988884299,0.0963800949158706,0.0991698851210828,0.101986111779703,0.10497760420226,0.109410479485963,0.113822143422964,0.117247396547726,0.122480425242538,0.130036231145815,0.136938856451173,0.144581807695515,0.153211222771193,0.164558924897724,0.176480363434649,0.190015913553259,0.202679885576458,0.214993874578944,0.226490700095682,0.235787390228703,0.244522971815901,0.255040081627506,0.263909314461305,0.271662651643301,0.280622139126666,0.288776634007599,0.29863739274594,0.30778959411162,0.316810678563242,0.325752666433579,0.333974651041661,0.339043394525214,0.343893545500313,0.345730051196749,0.347478021127885,0.349892558710336,0.354696579750031,0.359843791588114,0.364101428237457,0.368701141590516,0.372434013600891,0.374565304902642,0.374181462197611,0.372693646197666,0.371037087211118,0.369917497683747,0.370225574821384,0.370628009852728,0.371015687722907,0.370828435838153,0.370072114401676,0.366672613597327,0.362067208623657,0.357485195234265,0.35323203407067,0.348671002387842,0.342807856417019,0.337300707966356,0.330916286050099,0.323621409560454,0.319131159292178,0.316887952776923,0.315837719841634,0.317457309829561,0.321088640433746,0.324057725425308,0.326367281853075,0.326782175669669,0.327147505559633,0.322239601240886,0.317080608259458,0.317513384055829,0.319643576900382,0.321434332961924,0.325719323535597,0.329119389715952,0.331937297956506,0.335228049393314,0.341453584459736,0.347353973887001,0.346761435131973,0.345788018881489,0.345751576333472,0.34557753823518,0.346604077653465,0.346083049318364,0.345835666592563,0.340031052324018,0.331422604656854,0.321115815877748,0.308594377059534,0.29644548120927,0.284144492130693,0.272105181002495,0.263395518108189,0.25555137256289,0.250542110769427,0.246706643455266,0.243227508916775,0.238128568756688,0.234499005368062,0.231753608427936,0.228710375194698,0.228715719937396,0.227475939339609,0.226074803810761,0.21835383992323,0.214408169272194,0.221910044412889,0.230844279807461,0.241213005614078,0.260444064311876,0.275588404668833,0.285399223887119,0.294420364962606,0.303023877132155,0.311752266434376,0.318694924692753,0.322881597432648,0.325746946329995,0.330109873117731,0.336652506563433,0.344191597412824,0.356756563373675,0.357982736823759,0.356084887872622,0.330978620672188,0.322060198871425,0.316686012506582,0.316425158125771,0.319115163565699,0.315471257362325,0.312159181044835,0.314869858774431,0.319844676696941,0.328210133355793,0.345216986287995,0.360240575027678,0.369156843342977,0.383758736690334,0.390897627583862,0.397969517521616,0.400470503050573,0.402616281244624,0.404299778513048,0.404794821983886,0.4057402239337,0.406825940447284
"x6",0,0,0,0,0,0,0,0,0,0,0,0,0,0,0,0,0,0,0,0,0,0,0,0,0,0,0,0,0,0,0,0,0,0,0,0,0,0,0,0,0,0,0,0,0,0,0,0,0,0,0,0,0,0,0,0,0,0,0,0,0,0,0,0,0,0,0,0,0,0,0,0,0,0,0,0,0,0,0,0,0,0,0,0,0,0,0,0,0,0,0,0,0,0,0,0,0,0,0,0,0,0,0,0,0,0,0,0,0,0,0,0,0,0,0,0,0,0,0,0,0,0,0.000567850437827426,0.00508296186757936,0.0103533990686182,0.0156976294124869,0.0212260835354881,0.024517820675386,0.0241730510909581,0.0232600535354416,0.0232772599905205,0.0210947660604308,0.0201449435480204,0.0212252619126832,0.0238619617576887,0.0255105246628764,0.0263497253610297,0.0252502764460647,0.0247079279003113,0.025654753086694,0.0287708340120788,0.0302251808727962,0.0306027696177772,0.0315594364636243,0.0348554412344918,0.037399950270158,0.0404954665000738,0.0418363892159323,0.0425640634920245,0.0458208075619442,0.0490492645877469,0.0530585037096865,0.0537824950599372,0.0533804007454306,0.0511782906289267,0.0501838786781457,0.0515135948378785,0.0529806775294204,0.0534442677728593,0.0550221205786751,0.0567694549168354,0.0636794010344168,0.0698911984014142,0.0744422020846458,0.079430090861078,0.0851001208162947,0.0869539732958748,0.0894346339705367,0.0935222079869003,0.0978236627923234,0.100167964430291,0.101020714649473,0.104090115590516,0.108037329860494,0.110544662258511,0.113686125132931,0.120076432866922,0.129606761790856,0.13774245405094,0.144624538929089,0.152520476056872,0.162564703217119,0.171502362344489,0.17959432143815,0.187777680538768,0.196150105872453,0.203399180965954,0.210649052868026,0.219242790649889,0.227408467637478,0.234691465238424,0.242162856019524,0.24949421480252,0.256866673848174,0.262442273302234,0.260618057054343,0.2583079694191,0.255942427818351,0.254015689015277,0.252740036980355,0.249580255765997,0.243289116345296,0.233818345734654,0.215013001860806,0.200409345730107,0.191365316707655,0.181474561261184,0.171965507603776,0.162318987198267,0.152349508482505,0.144204392147592,0.132756190761828,0.124535801988115,0.115018229050545,0.104832660408463,0.09029880277028,0.0913542720075669,0.0923515942171493,0.0996016784511164,0.101326382976695,0.100545100171896,0.0965382154249422,0.0864769893585487,0.0732892335722413,0.0705817325221352,0.0645984273023369,0.0574184940853576,0.0488635075739675,0.0379568243031635,0.0236812893029988,0.0140239400015261,0,0,0,0,-0.00079963302630034,-0.00317018152317053,-0.0041049945685574,-0.00505326224685586,-0.00548214176748927
"x7",0,0,0,0,0,0,0,0,0,0,0,0,0,0,0,0,0,0,0,0,0,0,0,0,0,0,0,0,0,0,0,0,0,0,0,0,0,0,0,0,0,0,0,0,0,0,0,0,0,0,0,0,0,0,0,0,0,0,0,0,0,0,0,0,0,0,0,0,0,0,0,0,0,0,0,0,0,0,0,0,0,0,0,0,0,0,0,0,0,0,0,0,0,0,0,0,0,0,0,0,0,0,0,0,0,0,0,0,0,0,0,0,0,0,0,0,0,0,0,0,0,0,0,0,0,0,0,0,0,0,0,0,0,0,0,0,0,0,0,0,0,0,0,0,0,0,0,0,0,0,0,0,0,0,0,0,0,0,0,0,-0.0014423354247103,-0.0148657456408202,-0.0264298330293322,-0.0322262630751825,-0.0397168478409326,-0.048330135408643,-0.0558093241792595,-0.0627124782037724,-0.0689431580773086,-0.0720843508378711,-0.0748380001981165,-0.0796499624521234,-0.0854880507533864,-0.0930661318037863,-0.0991258884131537,-0.105541041628998,-0.109932333741701,-0.111852109460313,-0.112182710621508,-0.111505674810287,-0.107660055069562,-0.106120409247883,-0.111564581224243,-0.116692750447106,-0.122482097093285,-0.128323389577062,-0.133511862711388,-0.139591611975581,-0.146794766795929,-0.152870863719841,-0.158456173815538,-0.162090770411115,-0.166154691484521,-0.175240443486418,-0.186969327954289,-0.199161587662138,-0.206097533787578,-0.213158348400155,-0.218299649647867,-0.219818243515541,-0.212585492982733,-0.201738801216,-0.190448933539626,-0.177047925223516,-0.164299979229624,-0.152702981059692,-0.13959619878168,-0.126979950085441,-0.1148587757244,-0.103068117186518,-0.0915628003866508,-0.0753613764348537,-0.0624936593064263,-0.0545776221708462,-0.0545703079633797,-0.0667262705404687,-0.0784302519654838,-0.0896747477446672,-0.102115734358023,-0.110092682565384,-0.112048288268767,-0.109991506537391,-0.101956339166579,-0.0904428624324984,-0.0897632715312224,-0.087199131194751,-0.0869395497443732,-0.0898394595968858,-0.0986368383941839,-0.0872517084080812,-0.0789514729392398,-0.0706676300118702,-0.0706518627104803,-0.0747734640986939,-0.0755199968194328,-0.073101192787905,-0.065913568446217,-0.0592159153586318,-0.0522020703953463,-0.0424403572128015
"x8",0,0,0,0,0,0,0,0,0,0,0,0,0,0,0,0,0,0,0,0,0,0,0,0,0,0,0,0,0,0,0,0,0,0,0,0,0,0,0,0,0,0,0,0,0,0,0,0,0,0,0,0,0,0,0,0,0,0,0,0,0,0,0,0,0,0,0,0,0,0,0,0,0,0,-0.00364440651664393,-0.0112707907655412,-0.0149278485410676,-0.017857584004404,-0.0220081054903235,-0.0272419075586243,-0.0314878471715459,-0.0334449357641924,-0.0345905149428084,-0.0355682101756171,-0.0348993613422876,-0.0326565006120009,-0.0294117370394203,-0.0278852354827249,-0.0259664603161819,-0.0230168227682712,-0.0201137320654868,-0.0167117433668224,-0.0132213718444576,-0.0103422603550311,-0.00748735048013026,-0.00371621977933136,0,0,0,0,0,0,0,0,0,0,0,0,0,0,0,0,0,0,0,0,0,0,0,0,0,0,0,0,0,0,0,0,0,0,0,0,0,0,0,0,0,0,0,0,0,0,0.00740805766259417,0.0215306128760654,0.0340583956501327,0.0460328556408765,0.0570209158724367,0.0689807679013979,0.0849108111280879,0.0996776745035401,0.115048614211934,0.131064468177336,0.149664985374098,0.170245090810362,0.190244236904726,0.209964805061917,0.227910029477153,0.245043189038539,0.262467471724039,0.278306807933131,0.28986712993958,0.312187099344791,0.332826712797609,0.345444439303741,0.360785653258713,0.380173347107522,0.401103252739293,0.422093466104051,0.442919349963064,0.46127322785896,0.482408704251494,0.507762634245678,0.535844846763206,0.564722668544061,0.591661546789413,0.612540833197595,0.627567512029007,0.637705285175784,0.644578010894212,0.649147908995463,0.649169433925509,0.648653029984132,0.658365436917782,0.670571451850066,0.683639067933873,0.695552742794218,0.704134963936263,0.713647557655232,0.728143569488228,0.743764208698592,0.758778522210018,0.771227856795737,0.783724069996585,0.797857579138537,0.81408248165294,0.837019475499437,0.857407386000912,0.87812561507908,0.891034982831699,0.900623807098908,0.902843607189805,0.905171771125414,0.912421264856095,0.923642443041169,0.934362636006982,0.942882031315069,0.950248505232045,0.957365341224764,0.965037871032724,0.974784531296961,0.983508242290642,0.984313421326987,0.985921678488924,0.992812601115028,1.00635855572906,1.025657667879,1.03591137587366,1.04516962959686,1.04717166291615,1.05570608212874,1.06250247183778,1.06770854966733,1.0703655677175,1.06123255773082,1.06639384851323,1.07464281272063,1.08396131801558,1.0967364240546,1.10648112208428,1.09529089894775,1.08811599726453,1.08285017836919,1.07866414688497,1.07997013731828,1.07947924956843,1.07630550759354,1.06821459754543,1.06156760060054,1.05473776334458,1.04311311588328
"x9",0,0,0,0,0,0,0,0,0,0,0,0,0,0,0,0,0,0,0,0,0,0,0,0,0,0,0,0,0,0,0,0,0,0,0,0,0,0,0,0,0,0,0,0,0,0,0,0,0,0,0,0,0,0,0,0,0,0,0,0,0,0,0,0,0,0,0,0,0,0,0,0,0,0,0,0,0,0,0,0,0,0,0,0,0,0,0,0,0,0,0,0,0,0,0,0,0,0,0,0,0,0,0,0,0,0,0,0,0,0,0,0,0,0,0.00807715943010695,0.0182698605708474,0.0266170455187124,0.0342339123153282,0.0413932682537682,0.0482201977555007,0.0548611558186481,0.0611227510036074,0.0665514282935644,0.0702164722453735,0.0736939708747043,0.0759100096522571,0.0777179214067872,0.0791968919799094,0.0821013176024374,0.0857611862983484,0.0905703807181855,0.096662063787568,0.103217576618064,0.110293771277248,0.117726353790285,0.125348661513804,0.133159969420918,0.142514714036973,0.150932924949219,0.156901194777221,0.160712682304563,0.164527912636355,0.16431205731531,0.160058767481011,0.156407166594666,0.15353995275367,0.151362117723702,0.145328946094997,0.136851521740058,0.130886227849807,0.125597460839024,0.119960357457968,0.113281596136592,0.103066031734386,0.0937797851726989,0.0884390394154347,0.0850867795407466,0.080634271856446,0.0764514262840006,0.0726632944813293,0.0726528190567715,0.0727918682773079,0.0730846949062197,0.0703535296438414,0.065508567856766,0.0572533810828352,0.0492097306498556,0.0411033842161056,0.0387216294721374,0.0374245535854609,0.0368143751871334,0.0341082343058246,0.0240005340802077,0.0121009323478975,0,0,0,0,0,0,0,0,0,0,0,0,0,0,-0.00268974975343432,-0.00961904215604879,-0.0174338282468391,-0.0265019214684763,-0.0334042521435916,-0.0299416803826324,-0.0192807505224082,-0.0167620328656234,-0.0209102017232762,-0.0245878690836831,-0.0250654717659153,-0.0277661813669223,-0.0372017437689363,-0.0518486186680198,-0.0709348281763045,-0.0906440146058877,-0.105782401267402,-0.116609652556415,-0.12709567413284,-0.137787991540698,-0.148296952802989,-0.159040174724678,-0.170056124527585,-0.178223209546534,-0.192195577130247,-0.201604026789782,-0.207341155595334,-0.201513189991128,-0.201141005230557,-0.198726344873357,-0.172604882326398,-0.16837174986603,-0.164806473059126,-0.16555893125272,-0.165130769993148,-0.143387487888816,-0.138977232913011,-0.14038111989309,-0.141913084622494,-0.144202917634924,-0.133822096831772,-0.126588245146471,-0.12682258196201,-0.132365533723297,-0.137932255825779,-0.140186358989112,-0.137634916657121,-0.132034689919847,-0.124309353086553,-0.118065149412433,-0.111383790976125,-0.099532998605051
"x10",0,0,0,0,0,0,0,0,0,0,0,0,0,0,0,0,0,0,0,0,0,0,0,0,0,0,0,0,0,0,0,0,0,0,0,0,0,0,0,0,0,0,0,0,0,0,0,0,0,0,0,0,0,0,0,0,0,0,0,0,0,0,0,0,0,0,0,0,0,0,0,0,0,0,0,-0.00215154639065534,-0.00888569670658717,-0.0181205588565655,-0.0277638650084992,-0.0374317043136031,-0.0469332464758038,-0.0545566553205197,-0.0538930004260467,-0.0518457717918428,-0.0505558143434275,-0.0500272385701128,-0.0494296006058398,-0.0468297727476232,-0.0448697662163899,-0.0446072318605198,-0.0446687691169968,-0.0437574552008319,-0.0419265408037945,-0.0386685075699562,-0.035660653210036,-0.0331581535731042,-0.0300994020340503,-0.0222388009246488,-0.0153212769911697,-0.00965720843490177,-0.00689360712048046,-0.00833189937106217,-0.0075603438439046,-0.00443087623875021,0,0,0,0,0,0,0,0,0,0,0,0,0,0,0,0,0,0,0,0,0,0,0,0,0,0,0,0,0,0,0,0,0,0,0,0,0,0,0,0,0,0,0,0,0,0,0,0,0,0,0,-0.0101742600557195,-0.0227281607996359,-0.034057229878775,-0.0462800229624991,-0.0594814440828468,-0.0728891427506871,-0.0914803242058618,-0.109760361943697,-0.118978671465736,-0.125546028882447,-0.131432926906658,-0.138083520437094,-0.147575720683754,-0.159686767325486,-0.168495233129071,-0.175192268552039,-0.183951990348779,-0.200274720090063,-0.216654711262658,-0.232143770995907,-0.249561130278797,-0.257658076322706,-0.262670312772746,-0.264622541225019,-0.264428736080752,-0.258567011156308,-0.249225506695153,-0.244213872805379,-0.242700795607457,-0.242453772592287,-0.242098999279205,-0.244830633637751,-0.247731203809447,-0.250236471809706,-0.250827745286761,-0.246561860834158,-0.237386900014194,-0.231643839183011,-0.235095516916738,-0.247193891762939,-0.255735306439871,-0.260608157619005,-0.266899641237718,-0.248341391377243,-0.233967163900113,-0.213852546309504,-0.18769594305015,-0.163646218449718,-0.135814299456022,-0.119345501172767,-0.112800944433191,-0.108377316325925,-0.103203467095778,-0.0985748812776331,-0.095044691099548,-0.0899803384520023,-0.079720047134969,-0.0579223823419328,-0.0453362134279311,-0.038777557794194,-0.0275888932801034,-0.0157334467479981,-0.00775400327803212,-0.00451746124917238,0,0,0,0,0,0,0,0,0,0.0127834577580462,0.0530735580705844,0.0955395218738101,0.142475333457275,0.187443172831435,0.211567634898431,0.221971601856992,0.229094953451899,0.237831709732805,0.246297143663622,0.254682048568269,0.264334388499138
"x11",0,0,0,0,0,0,0,0,0,0,0,0,0,0,0,0,0,0,0,0,0,0,0,0,0,0,0,0,0,0,0,0,0,0,0,0,0,0,0,0,0,0,0,0,0,0,0,0,0,0,0,0,0,0,0,0,0,0,0,0,0,0,0,0,0,0,0,0,0,0,0,0,0,0,0,0,0,0,0,0,0,0,-0.0106724466863554,-0.022572064530491,-0.0343805833422611,-0.0439752807210309,-0.0534416800885844,-0.0647322130802968,-0.0757212420796186,-0.0857561402862808,-0.0950219767744169,-0.106696525161725,-0.117975391350717,-0.129758318322326,-0.141013896654854,-0.151273965533634,-0.160346574837343,-0.170764937278253,-0.179787436855192,-0.188387188361064,-0.195905201280979,-0.201904715354743,-0.208910527582084,-0.21801464224859,-0.22751655622654,-0.233336244784631,-0.23947781140018,-0.246465900576344,-0.252774186866823,-0.257605543731925,-0.259603528850637,-0.262654768611962,-0.26591821016754,-0.269194932953792,-0.276888216322613,-0.284722954568624,-0.293388053647198,-0.301752234903459,-0.308428306966907,-0.315217766453749,-0.321778425126708,-0.327949549950666,-0.333668318884997,-0.339794282342594,-0.344758576079131,-0.348655170181681,-0.351660517360181,-0.354377027033244,-0.355898995278781,-0.357371003471774,-0.360493700218947,-0.366183022975248,-0.373382540936894,-0.37984947552622,-0.386549460278265,-0.39252291408708,-0.397872527126753,-0.403237342510693,-0.408552073550629,-0.412726011272153,-0.414460878208241,-0.411874551133723,-0.409396989624212,-0.407908601230833,-0.408635566572059,-0.408674889886758,-0.408562380764393,-0.408149862521913,-0.407886800671647,-0.411109960026594,-0.414596465548243,-0.419944497036521,-0.428281402566721,-0.437076010642606,-0.445437410253455,-0.447835770808835,-0.449470452595535,-0.450069591577823,-0.450053084883722,-0.448837951259716,-0.448640483401148,-0.444780897101478,-0.43998824443781,-0.437252883101374,-0.43686699391858,-0.442808751826764,-0.453277898728219,-0.461899919573811,-0.468620864864424,-0.474845178007195,-0.48629825774119,-0.497622483398299,-0.499853607029495,-0.501252998799984,-0.501808071668605,-0.502343636335175,-0.505081243289716,-0.507600723578132,-0.51032590041338,-0.513813641439783,-0.521715662408575,-0.535018084816069,-0.551366259056224,-0.566193185652541,-0.579956411840443,-0.593096556773053,-0.600195629331908,-0.607240092435925,-0.616504243081768,-0.625408972927999,-0.636835401598762,-0.647274198367617,-0.655424804668201,-0.666208646439963,-0.67907785628535,-0.691650095509115,-0.701472454900818,-0.710943009758065,-0.750932450423938,-0.7803710216718,-0.801472348279459,-0.82360268755338,-0.845905727709251,-0.877104617834226,-0.899342564381384,-0.91462798997089,-0.927334998834077,-0.939752673348875,-0.952785124306239,-0.967760808487991,-0.983052267992051,-1.01050971283034,-1.04514162616271,-1.07489351032305,-1.10259064645934,-1.15363187013917,-1.18248229794033,-1.20882026239422,-1.25503410244343,-1.27628793072067,-1.29357580948936,-1.30638362573781,-1.3243322443549,-1.36472164176911,-1.38368184018231,-1.39931461018859,-1.41315600235633,-1.42955109665849,-1.46921204639821,-1.52407586025222,-1.57597311825308,-1.63057861549821,-1.6812250356942,-1.71117670365712,-1.72793135694518,-1.74017269285345,-1.75071715608079,-1.76143693991962,-1.77228099119341,-1.78758638620046
"x12",0,0,0,0,0,0,0,0,0,0,0,0,0,0,0,0,0,0,0,0,0,0,0,0,0,0,0,0,0,0,0,0,0,0,0,0,0,0,0,0,0,0,0,0,0,0,0,0,0,0,0,0,0,0,0,0,0,0,0,0,0,0,0,0,0,0,0,0,0,0,0,0,0,0,0,0,0,0,0,0,0,0,0,0,0,0,0,0,0,0,0,0,0,0,0,0,0,0,0,0,0,0,0,0,0,0,0,0,0,-0.0025795073446103,-0.00973509458136126,-0.0147308112215769,-0.0195294956024162,-0.0235935193374741,-0.0292526008322561,-0.0356821000349757,-0.0412564404409099,-0.0451958192602944,-0.0508691578251091,-0.0559048719033997,-0.0606959906208692,-0.0654521986521647,-0.0696851797896399,-0.0717932102483465,-0.074482453732679,-0.0767883874040949,-0.0790661270295883,-0.0819748685805652,-0.0834207146669613,-0.0848097721020429,-0.0798100850616834,-0.0723019387576571,-0.0636788643352805,-0.0554028202242244,-0.0467192269761015,-0.0389678296294798,-0.0313426361836605,-0.0236445612800507,-0.0153411042162679,-0.00774320452382165,-0.00117924677036829,0,0,0,0,0,0,0,0,0,0,0,0,0,0,0,0,0,0,0,0,0,0,0,0,0.00961998556963586,0.0273872074568433,0.0454106560639673,0.0614529028837414,0.075203166762318,0.090227966533634,0.104782734547627,0.118779781072906,0.132893956003781,0.143761569892036,0.152882305893582,0.160607676367158,0.166704937540373,0.17199462071044,0.178183327367091,0.188238676502702,0.199539215671844,0.216767172186082,0.233240077462151,0.249059838722943,0.264639991728337,0.27858643113709,0.292219367690911,0.306871101221229,0.32133868456227,0.335860825236323,0.347556126908648,0.35688926001687,0.373506491867036,0.39778849907677,0.41766266114075,0.433722861416988,0.45024823621593,0.490605806052539,0.519505859002185,0.537791513002405,0.557972643777389,0.580076028776115,0.618075027203084,0.649856171647636,0.671093939126478,0.690681510334705,0.709367186619813,0.728046763611915,0.748529826766724,0.76864133901569,0.798025668517324,0.828244420338559,0.853258055124109,0.877481526519054,0.919057931771773,0.942672000849389,0.966207058724986,1.00770482484141,1.02960101684649,1.05066520295588,1.06292282689837,1.07579901805239,1.11709504476068,1.13799316713389,1.15459380552815,1.16842398741379,1.18352507930811,1.2051567029194,1.23565261525157,1.265719018054,1.29959196838034,1.33114812678991,1.347550738287,1.35849492509492,1.36636538395642,1.37228317794233,1.37938931041302,1.38665480062506,1.39712678166077
"x13",0,0,0,0,0,0,0,0,0,0,0,0,0,0,0,0,0,0,0,0,0,0,0,0,0,0,0,0,0,0,0,0,0,0,0,0,0,0,0,0,0,0,0,0,0,0,0,0,0,0,0,0,0,0,0,0,0,0,0,0,0,0,0,0,0,0,0,0,0,0,0,0,0,0,0,0,0,0,0,0,0,-0.00431886163804624,-0.00785153596586086,-0.0117327857342372,-0.0113123221614105,-0.0105240582862754,-0.0107182311194312,-0.0113184326871151,-0.0100587799201103,-0.00771518997370759,-0.00569137423364414,-0.000969475921579143,0,0,0,0,0,0,0,0,0,0,0,0,0,0,0,0,0,0,0,0,0,0,0,0,0,0,0,0,0,0,0,0,0,0,0,0,0,0,-0.0111375135501034,-0.0254805862568019,-0.0397683435896629,-0.0536642919055468,-0.0671310282796359,-0.0796917963450678,-0.0920154348779385,-0.103966903216942,-0.116879885145197,-0.129726620589606,-0.14382791025227,-0.154693487915741,-0.161482335040357,-0.16854462831121,-0.174681648945963,-0.180481602452225,-0.185770564819551,-0.192895937579699,-0.200459074622971,-0.206809089671559,-0.211573090972222,-0.214865605814359,-0.219666704108723,-0.223595358436726,-0.22644244804161,-0.229553149409893,-0.234408013691331,-0.239215421440231,-0.243135957924912,-0.245055653703498,-0.244126490209704,-0.24264635582243,-0.240868249260538,-0.237673444254714,-0.23809573774165,-0.245064707189098,-0.254853542188984,-0.264663518172723,-0.271506568099441,-0.275025703362619,-0.277135708359846,-0.278894234906546,-0.27823303246483,-0.277135263366238,-0.273869515755746,-0.270849223677434,-0.266934314859185,-0.262149981618502,-0.259086690620898,-0.257069850217751,-0.262233213922561,-0.268476772202205,-0.272239921574311,-0.27617346498165,-0.279581256563811,-0.282943957085982,-0.286066863762956,-0.288383076094862,-0.288462308818699,-0.288441938522599,-0.290385103890197,-0.293557679391328,-0.293466785036587,-0.290004714802698,-0.284826050648356,-0.283323658019128,-0.28381820668665,-0.28437811292491,-0.300055222953546,-0.311215553348592,-0.320932805275409,-0.33397272739122,-0.347643643412944,-0.360833571413497,-0.367088943389876,-0.369225376719132,-0.37139573489605,-0.374004583171866,-0.376550600175633,-0.378717303033792,-0.380935755126925,-0.382976809250028,-0.389993210472941,-0.391968431680981,-0.39608415142748,-0.406743931658706,-0.411655860752279,-0.417604153734101,-0.433664446445355,-0.443227429966211,-0.450760373904355,-0.454722937295765,-0.452653612358473,-0.459856809159175,-0.46595535855749,-0.469293163174084,-0.469479424136517,-0.469042841811955,-0.470128664372102,-0.478732609228781,-0.490161986007637,-0.502403088386108,-0.513935180330265,-0.51830285966079,-0.521414886057627,-0.52473297802906,-0.529107887005951,-0.533480898782903,-0.538053454416843,-0.543766876001663
"x14",0,0,0,0,0,0,0,0,0,0,0,0,0,0,0,0,0,0,0,0,0,0,0,0,0,0,0,0,0,0,0,0,0,0,0,0,0,0,0,0,0,0,0,0,0,0,0,0,0,0,0,0,0,0,0,0,0,0,0,0,0,0,0,0,0,0,0,0,0,0,0,0,0,0,0,0,0,0,0,0,0,0,0,0,-0.00463970832690595,-0.0183569809043625,-0.0334367949501073,-0.0476910219736793,-0.0624971551514624,-0.0774387362179506,-0.0918063799433221,-0.107104501268323,-0.119913056974502,-0.13172573950014,-0.143129474521218,-0.154442131394666,-0.166352153677139,-0.17802944097977,-0.1904247187219,-0.203692221328457,-0.216097243148561,-0.227120988704442,-0.236754399042733,-0.245729202898791,-0.255024624175152,-0.264626101899052,-0.273859797041569,-0.282685885943828,-0.291320971251057,-0.298708136359298,-0.300539436838396,-0.298928630938466,-0.297550942968747,-0.298787522154177,-0.299727705186046,-0.300138922328549,-0.299503575865934,-0.298255159020181,-0.29620003336053,-0.295064121033708,-0.294432666637322,-0.29394978705481,-0.294269275961786,-0.295586514864929,-0.295299290184052,-0.294444877864373,-0.29361934252979,-0.293157201227771,-0.29424894298655,-0.294789681817713,-0.290678315643114,-0.283864738909199,-0.277139786874359,-0.270212180279735,-0.263649060872347,-0.256870344228652,-0.249487096021854,-0.24236037323376,-0.237204299246108,-0.230308065091774,-0.220155703428307,-0.210779965595058,-0.207522064807864,-0.202558241026639,-0.198387053879771,-0.19507099964628,-0.191793791279577,-0.184557741054103,-0.176471857875462,-0.170863057722292,-0.163873401499936,-0.154378200345902,-0.147572827475507,-0.143166668431509,-0.141276438255147,-0.138132887330333,-0.131432676254064,-0.124474790262,-0.117022941577131,-0.110566436367302,-0.105785984254996,-0.0997649361760158,-0.0925772196582599,-0.0913360624809399,-0.0880357050365214,-0.0862536244306009,-0.0853300890779291,-0.0867996474094535,-0.0911837124525869,-0.098562617643798,-0.112785160278985,-0.128433220917834,-0.13735169719293,-0.145150103078158,-0.152250363729039,-0.158250146763411,-0.169769736905583,-0.179255992641194,-0.186496320808098,-0.194014237920673,-0.198613009156954,-0.202791643301694,-0.20894927553431,-0.215048669402113,-0.220803736270959,-0.22538027409925,-0.225464700259167,-0.226812628113009,-0.234131657775792,-0.242171966036201,-0.248812106239782,-0.253291944980213,-0.258784884369562,-0.266787091038089,-0.273106099837117,-0.28041512933365,-0.286924347303471,-0.293577341953479,-0.307767538126221,-0.318556824697018,-0.325211599345754,-0.331541410467077,-0.336658047045939,-0.343877331074612,-0.350845332461345,-0.357301383518642,-0.363213710026408,-0.368856420406007,-0.37465101903837,-0.382858231742161,-0.393138045350311,-0.40754173539178,-0.426929100190856,-0.446061657895994,-0.459875243056564,-0.474644409406357,-0.477940744614572,-0.478680215173735,-0.474287655281841,-0.469866544234865,-0.46647487721392,-0.460826990960395,-0.45855684190079,-0.456228664369687,-0.458163040513337,-0.464893254717309,-0.473777019557584,-0.484701449034052,-0.50249147891204,-0.526810962086058,-0.548858511803822,-0.572490307717993,-0.593344976173405,-0.602005061120369,-0.601192393911016,-0.596681364636045,-0.587535041515992,-0.579603941029743,-0.571871908768445,-0.565437017052653
"x15",0,0,0,0,0,0,0,0,0,0,0,0,0,0,0,0,0,0,0,0,0,0,0,0,0,0,0,0,0,0,0,0,0,0,0,0,0,0,0,0,0,0,0,0,0,0,0,0,0,0,0,0,0,0,0,0,0,0,0,0,0,0,0,0,0,0,0,0,0,0,0,0,0,0,0,0,0,0,0,0,0,0,0,0,0,0,0,0,0,0,0,0,0,0,0,0,0,0,0,0,0,0,0,0,0,0,0,0,0,0,-0.00727546337961573,-0.0230363163467337,-0.0375743727013807,-0.0495540045013961,-0.0577004477481721,-0.0648200497182545,-0.07355314169356,-0.0824225288366744,-0.09172143455331,-0.0996847149644658,-0.107062282894629,-0.11426256089112,-0.119996233965052,-0.125033262468637,-0.132543999868045,-0.142098831259004,-0.150740015228644,-0.1578930163514,-0.165655757093217,-0.174280312453552,-0.180115938519388,-0.18735305614911,-0.19454802168752,-0.203081599039569,-0.210237992862748,-0.218488498324612,-0.228712774069409,-0.240204813047966,-0.248542959505497,-0.258088301915164,-0.272496562495642,-0.290479980791811,-0.305408607051346,-0.322670596148708,-0.336959147717729,-0.350963392799148,-0.365524457688325,-0.379099817713206,-0.395837058253552,-0.411488991942885,-0.429413060027184,-0.446216815250095,-0.457912061361516,-0.468152811746826,-0.477532225606534,-0.491472218828182,-0.510857311137125,-0.531163092355883,-0.553837713769876,-0.575372848731297,-0.598381007228621,-0.62420600054852,-0.651471448013813,-0.670636518076827,-0.686286294198617,-0.699520535455358,-0.708959514333874,-0.717710134881269,-0.72929620514155,-0.742438731294517,-0.750127673211352,-0.753690171546735,-0.765667396984823,-0.776691999528405,-0.785773404698623,-0.796739158989468,-0.802343051453286,-0.810463886353623,-0.819388130142813,-0.827198122204054,-0.831729796549469,-0.831721843835969,-0.832709349215179,-0.834294770203264,-0.836682832510829,-0.839470796486953,-0.84449356382292,-0.849177135237042,-0.851232005673089,-0.853205678116281,-0.852590141676185,-0.851607645763753,-0.853331300836765,-0.853564976745167,-0.854741378385281,-0.854338140017735,-0.855148649223076,-0.855942982494057,-0.830695497488445,-0.815205710547493,-0.804275201579561,-0.788419634095081,-0.773251088210558,-0.745646708233603,-0.725373335671436,-0.71788528373182,-0.710877664433675,-0.703552698987727,-0.695181618818564,-0.682959765096607,-0.667622772970827,-0.638334187852314,-0.596759246186669,-0.564397369924985,-0.535421609541743,-0.486860672916625,-0.465470362472189,-0.444203131561048,-0.419277733539174,-0.40701942137922,-0.398095993584901,-0.392934013687918,-0.384323600199259,-0.352540800887296,-0.332114096832984,-0.315318367621463,-0.300804629994416,-0.285375174037696,-0.252393176983979,-0.199564590602374,-0.14669849698931,-0.0867769818736122,-0.031116532283011,-0.00451831013736321,0,0,0,0,0,0.00106896791895363
"x16",0,0,0,0,0,0,0,0,0,0,0,0,0,0,0,0,0,0,0,0,0,0,0,0,0,0,0,0,0,0,0,0,0,0,0,0,0,0,0,0,0,0,0,0,0,0,0,0,0,0,0,0,0,0,0,0,0,0,0,0,0,0,0,0,0,0,0,0,0,0,0,0,0,0,0,0,0,0,0,0,0,0,0,0,0,0.0105984183821693,0.0241570364042054,0.0366254880839249,0.0488706665581473,0.0606310990604426,0.0719580797821251,0.0818235376999682,0.0916968352406331,0.10158501967633,0.111114775073352,0.119302703985483,0.126230467917793,0.131215364075419,0.135334422694465,0.141810105771329,0.148156645354522,0.154044696763501,0.157801889725588,0.159144747161483,0.159697016250165,0.159692352536271,0.160091644095733,0.161154640078498,0.161955379731891,0.163091008166791,0.167398840668541,0.174386213345834,0.180569092360765,0.186898944771492,0.189523453593838,0.191219316958178,0.193922425135675,0.194648771664237,0.192925919189485,0.19167117778558,0.19024147146481,0.189885260880732,0.19007234090205,0.190070461099003,0.191241330719231,0.195480243265812,0.200166969303624,0.205320782014412,0.209630053166992,0.213579552528266,0.214049484625073,0.214123772974793,0.214011384141418,0.214056965010084,0.213911834905585,0.214920091420913,0.217520483939429,0.223748748811952,0.231027173981788,0.23860587565018,0.248441025359713,0.260691281935805,0.272961629081466,0.283755879731903,0.293335492032598,0.30378383560233,0.314319508017095,0.31983202673286,0.324355595341917,0.329277793946091,0.334546147107152,0.338128929550424,0.342837986551684,0.347464669040001,0.354326511199927,0.362649298768196,0.372204111513749,0.382805743187077,0.395838532326064,0.409163697396706,0.422282856930375,0.4352685037929,0.450134430991848,0.460848147070453,0.470858599363066,0.483194389727842,0.487994021084767,0.496210308513309,0.504963009860206,0.51643698225582,0.529439769468708,0.540734172749209,0.553311324339912,0.564045488355308,0.570649738183905,0.575921062799121,0.58075334507861,0.583193162578983,0.585861109638859,0.589875572775739,0.593644933110249,0.596877844496422,0.606916623899141,0.617470206565373,0.62800381789351,0.637807604019576,0.643753221397588,0.649709971135281,0.655618243852701,0.661935766207173,0.665285406765218,0.667304357558421,0.67092346054345,0.671144924006263,0.671902943644219,0.67677577818035,0.684944920168912,0.692794889788259,0.695346275878697,0.700657272240939,0.70153863013753,0.700513985495569,0.70066491361915,0.689259959113175,0.682561853383086,0.687285598219866,0.693834540609462,0.699809332107888,0.704931848843407,0.710396761358243,0.716555330144583,0.713255868850738,0.703975022946333,0.696599577610997,0.686005763971356,0.656055391977353,0.637532542865656,0.61719786130552,0.593924922224333,0.577992037328938,0.567334248677335,0.559766211769038,0.550895230805845,0.522971848844785,0.507583833097666,0.499435011295373,0.493096208330961,0.486319236683038,0.463044378931003,0.436144650673498,0.411641992133688,0.383735752826342,0.355447295966628,0.335442049507731,0.326329552882751,0.319014736138919,0.308011096869284,0.298219971930683,0.288529076391022,0.278369595278893
"x17",0,0,0,0,0,0,0,0,0,0,0,0,0,0,0,0,0,0,0,0,0,0,0,0,0,0,0,0,0,0,0,0,0,0,0,0,0,0,0,0,0,0,0,0,0,0,0,0,0,0,0,0,0,0,0,0,0,0,0,0,0,0,0,0,0,0,0,0,0,0,0,0,0,0,0,0,0,0,0,0,0,0,0,0,0,0,0,0,0,0,0,0,0,0,0,0,0,0,0,0,0,0,0,0,0,0,0,0,0,0,0,0,0,0,0,0,0,0,0,0,0,-0.00248111947867692,-0.00725264698727454,-0.0109475079963515,-0.0146620086767081,-0.018046861580162,-0.0236820600952315,-0.0301872507374672,-0.0331367159508303,-0.0338425752748733,-0.0336196061796576,-0.0340557295794997,-0.0334299666304125,-0.0316544527119558,-0.0334301192532109,-0.0363093177861213,-0.0389095368138894,-0.0415822192635959,-0.0443004705004062,-0.0489531286504193,-0.0547186236564363,-0.0595168587249629,-0.0652590773544256,-0.0693706737011902,-0.07613663875459,-0.0830178793294882,-0.0903238849826842,-0.0947370720047853,-0.0961180607992501,-0.0989548334143773,-0.10252145020732,-0.108585421328633,-0.118454243087532,-0.128069703623235,-0.139000438546187,-0.150395857266989,-0.162823603638989,-0.174742081116862,-0.18651125043143,-0.196917559797947,-0.207956873878762,-0.217565578064426,-0.229224983650384,-0.240979267225785,-0.255348160336565,-0.273348626291578,-0.288109870765101,-0.301402255987195,-0.313957080862177,-0.329257342428266,-0.34873846367374,-0.368276214777659,-0.387305169980484,-0.407000284715132,-0.42608769131708,-0.441154059006631,-0.460613649141811,-0.477938973333654,-0.492972444761308,-0.502720425701626,-0.516275650085287,-0.534843206353978,-0.558512632677837,-0.579782020720356,-0.599859195028728,-0.61876608022482,-0.632408903812087,-0.645917292044377,-0.664723945093805,-0.68481702831836,-0.704511222838961,-0.722367092302395,-0.744752577056177,-0.770779578525448,-0.80048081407718,-0.824694694235009,-0.846236915902064,-0.867095179965485,-0.898096898506426,-0.92605816164956,-0.95395176755131,-0.98726477389379,-1.02446744337588,-1.07997537332491,-1.13080143593161,-1.17027758759511,-1.20719768801702,-1.24230329234534,-1.27643667168653,-1.31083929845117,-1.34488997549152,-1.38020875227966,-1.41645797681987,-1.44656429716511,-1.47063803590562,-1.49104548666584,-1.50432271581389,-1.51338614650385,-1.51067424231401,-1.51636227676507,-1.52720916935279,-1.53824080944714,-1.55236223561157,-1.56231168031609,-1.57213586171455,-1.58676836848927,-1.59874879260953,-1.61243799371983,-1.62657085984013,-1.64951179128059,-1.67609184020278,-1.70625284582679,-1.73599068791958,-1.75064300617091,-1.75967030863226,-1.76655311800304,-1.77080088304001,-1.77602682559943,-1.78149396579978,-1.78616966757072
"x18",0,0,0,0,0,0,0,0,0,0,0,0,0,0,0,0,0,0,0,0,0,0,0,0,0,0,0,0,0,0,0,0,0,0,0,0,0,0,0,0,0,0,0,0,0,0,0,0,0,0,0,0,0,0,0,0,0,0,0,0,0,0,0,0,0,0,0,0,0,0,0,0,0,0,0,0,0,0,0,0,0,0,0,0,0,0,0,0,0,0,0,0,0,0,0,0,0,0,0,0,0,0,0,0,0,0,0,0,0,0,0,0,0,0,0,0,0,0,0.00746112654421948,0.0149687690685206,0.022008903450059,0.0301108330185888,0.0393993328055789,0.0470432364265663,0.0558124623720114,0.0615166446980607,0.0687622815170287,0.077355310736693,0.0876293767517338,0.0978266153813333,0.107614603115118,0.11443487953232,0.118988938709255,0.1225660204465,0.128390691820388,0.135623582956998,0.14178864809889,0.146239284626215,0.148769292645364,0.152914773284491,0.159416530058102,0.165856844064195,0.171427329199637,0.174770459987489,0.180074443855968,0.185132372682103,0.190871755986239,0.19598546455933,0.1990147309652,0.203089381381472,0.209171386445663,0.219358426193526,0.232356013456902,0.24409679253282,0.254972716525515,0.266557630726183,0.281993893991124,0.297554896767729,0.313637118787047,0.328180607881397,0.345693066171821,0.361797050759741,0.377491555616849,0.391088678449593,0.408622863283721,0.425247100576871,0.436083331899302,0.445678149269683,0.454015914476719,0.464023085313825,0.472579598629273,0.47909862312589,0.491362007518704,0.504199456429363,0.51666382137462,0.526318905558388,0.539434935499068,0.552399595070328,0.563447188233752,0.567644613136437,0.575128570950047,0.585728488499331,0.590720695642821,0.594116905848282,0.597019811315239,0.599800967428218,0.60051569664215,0.601197916243503,0.608192768923116,0.616761549384741,0.624817480412021,0.633446756379423,0.646140395824372,0.661826329147594,0.677738940354066,0.683923603166947,0.689439374326206,0.695024002784112,0.696000307898134,0.701310315408552,0.712200755970846,0.720048647147922,0.729997284127227,0.746967505202681,0.769998556840975,0.794181374765337,0.819143195545706,0.842407641749684,0.864304982732444,0.884039743741546,0.903690475826799,0.928770453590254,0.950515064029344,0.96579068428725,0.972636809995681,0.966043376029559,0.972169222577257,0.978597920794131,0.972358804027668,0.971914148243465,0.977085940967208,0.984148104598996,0.994742377665266,0.998976465965335,1.00283896787433,1.0056408920791,1.00625019991778,1.00568515550985,0.997368241690948,0.989529176282324,0.98476928175604,0.980608603810035,0.983091563047284,0.984554875240802,0.985115212444233,0.98624277956833,0.987308384017388,0.987527178119547,0.987695298459821,0.98692011400548
"x19",0,0,0,0,0,0,0,0,0,0,0,0,0,0,0,0,0,0,0,0,0,0,0,0,0,0,0,0,0,0,0,0,0,0,0,0,0,0,0,0,0,0,0,0,0,0,0,0,0,0,0,0,0,0,0,0,0,0,0,0,0,0,0,0,0,0,0,0,0,0,0,0,0,0,0,0,0,0,0,0,0,0,0,0,0,0,0,0,0,0,0,0,0,0,0,0,0,0.00150460382032974,0.00598447984618729,0.0097407917674506,0.0150607430343514,0.0215442284638651,0.0285039804594403,0.0369010893519478,0.0467563706353059,0.0578655175705984,0.0686767504445219,0.0795697471523762,0.0903097128132699,0.100564534682927,0.109960853258046,0.117959995233425,0.125355627606719,0.13171484955322,0.138861617427734,0.146832706705642,0.156254889843461,0.16636582807944,0.170787074722371,0.173346784123065,0.17602051849604,0.17892122820179,0.18153926877925,0.184608446239556,0.186252122718197,0.189541894574843,0.19234096446034,0.195276826406342,0.199232141373651,0.203115826348452,0.207371526020805,0.21417463246171,0.220950255938435,0.228703448910123,0.237649835634117,0.245913765917974,0.254489203642859,0.263899286048433,0.275529644491112,0.286086973410582,0.296052980249922,0.306622138354846,0.31773578040075,0.329156034250295,0.338227786391951,0.347697751715767,0.357318275472538,0.362646261169233,0.367443590129768,0.373228996598845,0.377677746644189,0.380325803150291,0.381137977009723,0.383594133576035,0.38905506171962,0.394052439905698,0.397457541279744,0.39978413284947,0.401297929634605,0.403490051691508,0.404964336319786,0.405512137869691,0.407077343007489,0.410797241842988,0.410688431597569,0.413010347527577,0.417568756940596,0.421795256872716,0.430318654329196,0.442804130840669,0.458604855933967,0.472052360762152,0.480535706784339,0.488493496175701,0.495369242383491,0.505314742883099,0.518041191983814,0.530792643087199,0.543249330615796,0.556029895416651,0.565581427336077,0.571855732508409,0.580625103171116,0.590987186805339,0.601312781230757,0.610923687871095,0.618353413562638,0.625482862286672,0.632749184850341,0.640014716700862,0.646255558249516,0.650400279075658,0.654198137618738,0.65792916426773,0.662169677946724,0.668647360911406,0.676206106877038,0.683508878313994,0.689586681726698,0.695635473866933,0.700864354290837,0.707906968694381,0.714019052434754,0.72046861888811,0.725937799480397,0.730634917995517,0.734054860635569,0.737325431623207,0.740010389694853,0.742634535839239,0.744933304620405,0.739327630516664,0.731499727211157,0.725924742934635,0.721418207359748,0.713112546364325,0.707876533045469,0.702188053519974,0.700002201943305,0.698960016085134,0.699111856533724,0.698186686219345,0.696285810428356,0.690697275934625,0.687781370994508,0.687195481189288,0.687503537376509,0.688674030620172,0.686442714134947,0.685860938421918,0.685624251976605,0.68303353445032,0.677462634827398,0.676650404404309,0.679271060719745,0.682217543183069,0.684922114876785,0.688362837213843,0.692117850516462,0.696790423590571
"x20",0,0,0,0,0,0,0,0,0,0,0,0,0,0,0,0,0,0,0,0,0,0,0,0,0,0,0,0,0,0,0,0,0,0,0,0,0,0,0,0,0,0,0,0,0,0,0,0,0,0,0,0,0,0,0,0,0,0,0,0,0,0,0,0,0,0,0,0,0,0,0,0,0,0,0,0,0,0,0,0,0,0,0,0,0,0,0,0,0,0,0,0,0,0,0,0,0,0,0,0,0,0,0,0,0,0,0,0,0,0,0,0,0,0,0,0,0,0,0,0,0,0,0,0,0,0,0,-0.00162747134597315,-0.0103720687891446,-0.0200673670138539,-0.0285898182930929,-0.0356099174976721,-0.0413381298572578,-0.0479838827380469,-0.0567546813247802,-0.0662502136295307,-0.0760898221543576,-0.0872017855956774,-0.0992603187745047,-0.111194659163248,-0.128783414762458,-0.151408816848628,-0.172824528137853,-0.192383701367934,-0.208091574514748,-0.224571641265139,-0.239350053567575,-0.25065425167694,-0.261930165912059,-0.272717529307946,-0.283225712274895,-0.288790632548264,-0.288254063458683,-0.28722400088513,-0.290021820623088,-0.292571698963352,-0.296286630040411,-0.301237508058233,-0.308075840070179,-0.31648656047213,-0.32637723742553,-0.337722274759824,-0.348936551823492,-0.361678791343152,-0.370996908054317,-0.380558020355065,-0.387504199861366,-0.392117108498182,-0.398622428660927,-0.40971930061233,-0.420120049152759,-0.425209139938489,-0.434562767597035,-0.44422112625856,-0.448905072892396,-0.455810426150404,-0.468475477488126,-0.481476498043835,-0.493377300513532,-0.50227262742125,-0.506472428207142,-0.504134627679542,-0.497958139945095,-0.49343569593775,-0.489548039644769,-0.487022992130028,-0.489576173185385,-0.492091654717828,-0.497575314692317,-0.503751200857935,-0.50843659391481,-0.512139335333461,-0.516988441536758,-0.52175939559006,-0.527932780254214,-0.534350426173102,-0.544585973595587,-0.554981597160932,-0.554637645398205,-0.554602903114359,-0.554776625964549,-0.553744889734515,-0.552197682847306,-0.548260543759286,-0.550614453382334,-0.556999129414855,-0.565434635457089,-0.573092646588845,-0.577630302825606,-0.577856450411431,-0.578257828112191,-0.57071185349766,-0.554767092396496,-0.540542548357472,-0.524480580693104,-0.492692770280076,-0.485696428616255,-0.481259471836917,-0.467349142251654,-0.459679873176313,-0.454857141337636,-0.447109397677389,-0.436889716615757,-0.411809081164272,-0.397871359899843,-0.384109046782375,-0.373685854309333,-0.362524356540165,-0.33155697301902,-0.296796243273707,-0.266344310914404,-0.23431800331595,-0.206902309095236,-0.194197779050199,-0.187545730456771,-0.183111607566637,-0.178657544249445,-0.173616245638965,-0.168361516497717,-0.161065653929736
"x21",0,0,0,0,0,0,0,0,0,0,0,0,0,0,0,0,0,0,0,0,0,0,0,0,0,0,0,0,0,0,0,0,0,0,0,0,0,0,0,0,0,0,0,0,0,0,0,0,0,0,0,0,0,0,0,0,0,0,0,0,0,0,0,0,0,0,0,0,0,0,0,0,0,0,0,0,0,0,0,0,0,0,0,0,0,0,0,0,0,0,0,0,0,0,0,0,0,0,0,0,0,0,0,0,0,0,0,0,0,0,0,0,0,0,0,0,0,0,0,0,0,0,0,0,0,0,0,0,0,0,0,0,0,0,0,0,0,0,0,0,0.00829998577571306,0.023809361393615,0.0382627968877227,0.0528931009029868,0.0648425554262187,0.077263958712278,0.0868148954772074,0.0933716041578008,0.100191913069326,0.106709958155664,0.112800211250636,0.114652669324201,0.111189350865565,0.105403619731272,0.10312941507255,0.0993242173408291,0.0950184960634984,0.0925635185737983,0.0906704535009184,0.0892027788370019,0.0872412451908981,0.0875956908445969,0.0873613923518572,0.0867316804904463,0.0830235988910833,0.0777759864364159,0.0690080764669757,0.0602695240573762,0.0563504693574409,0.0563454223308197,0.0561970169001114,0.0532589300250971,0.051700203917221,0.0497191869926489,0.0442778565546806,0.043549826976815,0.0463144796150905,0.0473379708866409,0.048946781545236,0.0490873894156222,0.0475066023221014,0.0400199200619134,0.0289758336736153,0.0182106250390265,0.00811358895986685,0,0,0,0,0,0,0,0,0,0,0,0,0,0,0,0,0,0,0,0,0,0,0,-0.003467278162078,-0.0119352039393501,-0.0204495407908559,-0.0394559790145008,-0.0646676195712156,-0.0888485598608839,-0.11004926759783,-0.139657221267431,-0.14807189900544,-0.154093459077528,-0.162363690937399,-0.168099745446919,-0.174845368306035,-0.186734809417562,-0.204384273320033,-0.231527489828921,-0.244669146469007,-0.256700351671921,-0.265013008758275,-0.273982618887504,-0.299538248951524,-0.333550903963872,-0.362207360168935,-0.392052807802392,-0.41649489684258,-0.428385080052758,-0.435924914239281,-0.442679003357219,-0.449196464270898,-0.456436463819177,-0.463730443030181,-0.472084121686025
"x22",0,0,0,0,0,0,0,0,0,0,0,0,0,0,0,0,0,0,0,0,0,0,0,0,0,0,0,0,0,0,0,0,0,0,0,0,0,0,0,0,0,0,0,0,0,0,0,0,0,0,0,0,0,0,0,0,0,0,0,0,0,0,0,0,0,0,0,0,0,0,0,0,0,0,0,0,0,0,0,0,0,0,0,0,0,0,0,0,0,0,0,0,0,0,0,0,0,0,0,0,-0.00379102716126559,-0.0124961137376863,-0.0200472464110424,-0.0284898024333389,-0.0378365685097565,-0.0485609809360148,-0.0594038283250619,-0.0709516729887,-0.0817069073560258,-0.0922630013909698,-0.103240947391107,-0.113442893058282,-0.123118204785983,-0.133066120909088,-0.140556490217129,-0.147172498800116,-0.155773163954646,-0.16468954236466,-0.173315723653684,-0.180737722333423,-0.187724512697045,-0.194653517520525,-0.201603933566665,-0.208519405768269,-0.214660015673096,-0.221266012913144,-0.227119324292841,-0.232347314094366,-0.233843050146947,-0.234956781676371,-0.237750462933747,-0.242759519889159,-0.24736895330909,-0.250806290550704,-0.252234183700181,-0.251679700914016,-0.250754817698825,-0.247987718413574,-0.246530316665621,-0.245434607185371,-0.248377639821168,-0.255189123066497,-0.260562102585236,-0.266894761082764,-0.273708658141041,-0.279588930893571,-0.28304039972339,-0.286248693551013,-0.289387098986099,-0.292884729823768,-0.296446263080289,-0.301895273649697,-0.306603839558221,-0.311491789104462,-0.317815536808079,-0.321067969727234,-0.326343936770669,-0.332336331632156,-0.337667151150388,-0.340736729932686,-0.342112996328756,-0.340235198216672,-0.337249938887038,-0.333530703811563,-0.328094860652943,-0.322636260646327,-0.315670648248219,-0.310751172236104,-0.308433746431033,-0.307612956308556,-0.307117243721062,-0.305295195625427,-0.302008597183361,-0.297944099060367,-0.294883901841708,-0.293921398991348,-0.29514431616968,-0.295798322974457,-0.29834325375563,-0.302316365355054,-0.307759455315313,-0.310478909685966,-0.309059358266191,-0.305753962430626,-0.302067175783044,-0.296388753660855,-0.289926723156507,-0.28415121770118,-0.278888940508478,-0.275116803413357,-0.271511185068903,-0.269230025857258,-0.267541736931095,-0.26332215258426,-0.250767735421999,-0.235071374902404,-0.217743539832482,-0.199908381256564,-0.183724243115099,-0.17644219837885,-0.1784801516907,-0.181923332174827,-0.186227024607993,-0.191611886580357,-0.195548188879578,-0.199142701921318,-0.200972213565265,-0.202898135836515,-0.203688342592241,-0.203305157567722,-0.202625800118299,-0.194048135002295,-0.185741472313409,-0.175204506971703,-0.162110148776991,-0.137563960306577,-0.122059468221412,-0.104293305252435,-0.0770078943526785,-0.0643647272297315,-0.0535404897577275,-0.0441688180425275,-0.034154470651495,-0.013060230291109,-0.00145451491586075,0,0,0,0,0,0,0,0,0.00246392911784975,0.00585272778793035,0.00959210367044592,0.0144764531384242,0.0198106904266352,0.0246513817122963,0.0293041203262329
"x23",0,0,0,0,0,0,0,0,0,0,0,0,0,0,0,0,0,0,0,0,0,0,0,0,0,0,0,0,0,0,0,0,0,0,0,0,0,0,0,0,0,0,0,0,0,0,0,0,0,0,0,0,0,0,0,0,0,0,0,0,0,0,0,0,0,0,0,0,0,0,0,0,0,0,0,0,0,0,0,0,0,0,0,0,0,0,0,0,0,0,0,0,0,0,0,0,0,0,0,0,0,0,0,0,0,0,0,0,0,0,0,0,0,0,0,0,0,0,0,0,0,0,0,0,0,0,0,0,0,0,0,0,0,0,0,0,0,0,0,0,0,0,0,0,0,0,0,0,0,0,0,0,0,0,0,0,0,0,0,0,0,0,0,0,0,0,0,0,0,0,0,0,0,0,0,0,0,0,0,0,0,0,0,0,0,-0.00502554306709246,-0.0171312962226322,-0.0280538196468468,-0.0371758523229995,-0.0451928408985313,-0.0547979328397915,-0.0630760838557115,-0.0702405274459308,-0.079509392409044,-0.0969526720330829,-0.116213927657617,-0.138726452225547,-0.161480903779971,-0.197416288843934,-0.221177387193538,-0.235053658056423,-0.249618420094229,-0.262644045620312,-0.279482669285591,-0.291576962831783,-0.29875353871253,-0.306232156154718,-0.313364412241215,-0.319528310523021,-0.324743550109844,-0.329519209723239,-0.344512602738336,-0.352392979669215,-0.360488038617293,-0.370692414347929,-0.394287538687195,-0.411843217705921,-0.433716593113968,-0.481092614004862,-0.500222163447743,-0.516851137606478,-0.527344171836205,-0.537130636612879,-0.577040242441672,-0.595115400901148,-0.600369427420074,-0.604310453250213,-0.60880463814974,-0.6098938810161,-0.619054889401237,-0.628251669072161,-0.63667363618757,-0.643259099043386,-0.650068553173963,-0.659151601388228,-0.668778674606363,-0.680288862312214,-0.690600416619583,-0.700380273479098,-0.713594070987259
"x24",0,0,0,0,0,0,0,0,0,0,0,0,0,0,0,0,0,0,0,0,0,0,0,0,0,0,0,0,0,0,0,0,0,0,0,0,0,0,0,0,0,0,0,0,0,0,0,0,0,0,0,0,0,0,0,0,0,0,0,0,0,0,0,0,0,0,0,0,0,0,0,0,0,0,0,0,0,0,0,0.0124126008996529,0.0283585618376204,0.0431607618375018,0.0583661687818392,0.0741382120054628,0.0893717420186433,0.103155965578088,0.116266856499541,0.128008234349482,0.141088616308137,0.15559423427863,0.169474784398199,0.183144661680867,0.196034937397069,0.208352838257722,0.22019503623417,0.231785141229509,0.243545032332465,0.254878628300556,0.263896204048966,0.272171603540623,0.283823812913587,0.299173195284787,0.313891515288509,0.329467561114986,0.345039943022297,0.359816048231664,0.374701091118503,0.390364436026785,0.405070582404737,0.419049481579851,0.434829475110586,0.449376417970456,0.462858914208432,0.476293075730336,0.486764828012843,0.495775226139661,0.504306172265698,0.51290502788891,0.522294742864431,0.530651392534559,0.538245516304703,0.544958943139543,0.550896440943582,0.557242896186065,0.56396887425099,0.571201714931586,0.577212541686284,0.584016640344062,0.591799059767329,0.599246362784774,0.606939496641194,0.612078362682798,0.614936084995228,0.617066833875588,0.61655662723785,0.614078831164145,0.611778086399514,0.610403000156306,0.61443976403417,0.619118130187274,0.624018332141094,0.630271722501831,0.637564320824709,0.644166837600429,0.649187217732733,0.653843414786575,0.656641353447153,0.66382691417363,0.672514172592316,0.679593842333217,0.685924724677186,0.693737241324665,0.703436768685988,0.716558035082957,0.726584899913943,0.736796062850087,0.750677324584991,0.765074931844048,0.780632439214158,0.794274343602829,0.808541804757455,0.820600828789889,0.829930188577773,0.839674261147821,0.846806640570361,0.853670076304848,0.862938281928062,0.874040567016753,0.88104558549021,0.883620299831031,0.880373855215639,0.877270080558408,0.881746224349384,0.887628435189885,0.891173685461501,0.890820368599393,0.891088172983878,0.890387033497487,0.889901902629016,0.89068772911898,0.887613370106133,0.88068202036755,0.872571370670472,0.864903044648119,0.857355321156164,0.853712735944147,0.861869594649673,0.869557531264175,0.875191340428966,0.881232024921184,0.888080485348388,0.892937113813898,0.895446560122459,0.897470963330408,0.905295481613648,0.918258933171712,0.937381757809506,0.957165904032057,0.985647384776555,1.0037821213364,1.01858069491637,1.03359048689393,1.04591540942788,1.05887154967174,1.06671909959195,1.07114356026745,1.07755623935718,1.08390653019606,1.08971192475699,1.09470572988435,1.09850666897126,1.11652625876552,1.12664820051098,1.13722220561689,1.15111030342581,1.18533392953933,1.2081194197103,1.23517130902837,1.28024415616292,1.29951953275321,1.31535114858862,1.32387031092589,1.33278002806213,1.37892304617696,1.39726590446973,1.40550637643076,1.41506997318708,1.42625156530547,1.43702297917053,1.45491578283889,1.46842998228876,1.4859946421524,1.49939738260924,1.51064747572274,1.51868934531633,1.52666823154893,1.53534983750034,1.54184414125245,1.54766968725743,1.55546552576209
"x25",0,0,0,0,0,0,0,0,0,0,0,0,0,0,0,0,0,0,0,0,0,0,0,0,0,0,0,0,0,0,0,0,0,0,0,0,0,0,0,0,0,0,0,0,0,0,0,0,0,0,0,0,0,0,0,0,0,0,0,0,0,0,0,0,0,0,0,0,0,0,0,0,0,0,0,0,0,0,0,0,0,0,0,0,0,0,0,0,0,0,0,0,0,0,0,0,0,0,0,0,0,0,0,0,0,0,0,0,0,0,0,0,0,0,0,0,0,0,0,0,0,0,0,0,0,0,0,0,0,0,0,0.00657279814039112,0.015720948158364,0.0255741760197392,0.0351120434246385,0.0450841752054425,0.0549661573984062,0.0643437678349018,0.0704492756781977,0.0758788978407515,0.0806365617128463,0.0833581874286332,0.0876115801327322,0.0936081929624071,0.100466866428245,0.106972794523518,0.112946569381792,0.115335671699564,0.118656685456085,0.123373862706063,0.12863037427491,0.134481380160274,0.141047897950215,0.144749778510115,0.149025522954578,0.150267014625345,0.147655638057683,0.144082699381044,0.139229762396373,0.13631838349201,0.133905157933274,0.127930584549832,0.124087167975174,0.124250481337651,0.126098008760227,0.128338007589604,0.132789241996381,0.134732049249808,0.140158554758211,0.149979131460961,0.165802376121964,0.181406821120929,0.187086542822754,0.19156136838925,0.209055814104684,0.22957568168003,0.252105842646309,0.283007007805637,0.312991218774588,0.339306280342232,0.368871255823465,0.403506777618053,0.436296334677536,0.467237930319673,0.496730152171613,0.524342828220283,0.539624717824671,0.553938731034184,0.570142205307793,0.585799831368761,0.60318651427399,0.619766719170695,0.638660464798405,0.658012088288412,0.668305041544205,0.664284064944407,0.656057832755752,0.646842699932821,0.63873589440547,0.636457898600049,0.635477535411881,0.633331261254923,0.633096687449923,0.630362948959627,0.632641536048762,0.637721863158904,0.639015011011487,0.639827314577577,0.64173988332068,0.645480665744491,0.649844863146109,0.653618139674637,0.662915308429364,0.670169497357362,0.672303227387283,0.662327568913893,0.654225474628635,0.64253662976704,0.630020681829243,0.624282935727573,0.622300230844348,0.630281331385559,0.645203617533948,0.643345018371445,0.643698589310837,0.648181414902914,0.649242666254459,0.650150515894922,0.664152657060995,0.678498556121983,0.686724272101461,0.687033966249659,0.687480298228633,0.689566279376867,0.697903636444455,0.707760760932548,0.720308925740575,0.733785901163051,0.748280988145517,0.766436629867462
"x26",0,0,0,0,0,0,0,0,0,0,0,0,0,0,0,0,0,0,0,0,0,0,0,0,0,0,0,0,0,0,0,0,0,0,0,0,0,0,0,0,0,0,0,0,0,0,0,0,0,0,0,0,0,0,0,0,0,0,0,0,0,0,0,0,0,0,0,0,0,0,0,0,0,0,0,0,0,0,0,0,0,0,0,0,0,0,0,0,0,0,0,0,0,0,0,0,0,0,0,0,0,0,0,0,0,0,0,0,0,0,0,0,0,0,0,0,0,0,0,0,0,0,0,0,0,0,0,0,0,0,0,0,0,0,0,0,0,0,0,0,0,0,0,0,0,0,0,0,0,0,0,0,0,0,0,0,0,0,0,0,0,0,0,0,0,0,0,0,0,0,0,0,0,-0.00119390680968677,-0.0157438143801742,-0.0307322313152842,-0.04575239038808,-0.0629713559591937,-0.0800189332140651,-0.0962260983596711,-0.111372170031492,-0.129624599818777,-0.147074572200289,-0.163097355692596,-0.17844735949636,-0.19301773288951,-0.200344271791939,-0.207125476971437,-0.215652012200544,-0.224683287798148,-0.235034732892534,-0.243239969518764,-0.252343153286343,-0.262213267531889,-0.262752452057112,-0.257960840151938,-0.253530487025383,-0.249076345778972,-0.241260347240251,-0.237922937861778,-0.237910671481169,-0.234909143805308,-0.230769312967486,-0.21745958846323,-0.209708789199862,-0.206819790008332,-0.20341776975115,-0.199808705938916,-0.19715263129041,-0.194695407377732,-0.19116280649728,-0.189155985853372,-0.189485008364305,-0.189841057426292,-0.186892071182419,-0.176379881691147,-0.166928813498351,-0.156424258848028,-0.144201862872887,-0.139407490678355,-0.138151046665435,-0.144164241796463,-0.154070812137429,-0.152468722767292,-0.149057951547133,-0.149342495772956,-0.147398231835001,-0.146321305390035,-0.150724974210093,-0.151927654491248,-0.147220770663587,-0.139611532403055,-0.133265720741748,-0.131385996203082,-0.133481396168207,-0.136861799879436,-0.140844200135333,-0.145875980380408,-0.151576894040347,-0.157488010202461
"x27",0,0,0,0,0,0,0,0,0,0,0,0,0,0,0,0,0,0,0,0,0,0,0,0,0,0,0,0,0,0,0,0,0,0,0,0,0,0,0,0,0,0,0,0,0,0,0,0,0,0,0,0,0,0,0,0,0,0,0,0,0,0,0,0,0,0,0,0,0,0,0,0,0,-0.0101361097999454,-0.0212549165210393,-0.0319542668269134,-0.0426434153635341,-0.0539056555810359,-0.0649492468316658,-0.0824044208025972,-0.101513046129291,-0.119411350491608,-0.136941997104524,-0.153205043040665,-0.167667795336014,-0.181041049833581,-0.19366845285987,-0.203765559169977,-0.214391595490957,-0.226346961828598,-0.238376400276881,-0.249394283267817,-0.259930548047013,-0.270188852634203,-0.280008331530455,-0.289129555669056,-0.297442134603663,-0.303884246598955,-0.306988210649582,-0.308867478978327,-0.312204984996698,-0.314290246548517,-0.316049552597798,-0.318053592158355,-0.319724353084878,-0.322064653258128,-0.324929094429751,-0.328900606076835,-0.332893377018278,-0.336515474178724,-0.342201748809475,-0.347050048238658,-0.351078080776696,-0.35472495534432,-0.357995254428546,-0.362156529643622,-0.367289148164141,-0.373442009488139,-0.380529181528562,-0.386922811575173,-0.392763103345443,-0.397781231785896,-0.402307802486884,-0.407137192818038,-0.413401485655069,-0.418014885383954,-0.421070592400868,-0.420590676346615,-0.424273742503979,-0.428649775121432,-0.434991684663024,-0.44286077990493,-0.452921731879708,-0.464637364812823,-0.477147904835633,-0.488263210167983,-0.499696507411095,-0.512362402405732,-0.529140646770223,-0.545350793730413,-0.558170035961603,-0.569446322175937,-0.584660726608556,-0.599616082171967,-0.611411332448318,-0.623590815811606,-0.631188047603488,-0.636494437347877,-0.643607689809486,-0.652739871959884,-0.659884760908505,-0.669040222167403,-0.679663008015515,-0.68692194359973,-0.692175892630743,-0.695368510335175,-0.696932572592461,-0.698451570935522,-0.699752228143377,-0.703575093052844,-0.709733858913443,-0.710617689704603,-0.711409792840776,-0.717417322812632,-0.726538683694467,-0.73661372343649,-0.748183586800684,-0.759617677588723,-0.77330595072587,-0.789458524422148,-0.802734735656959,-0.811222069476019,-0.820060228552479,-0.829912278290833,-0.836002734731032,-0.844624582643404,-0.858405978690564,-0.875641349432183,-0.891452496289679,-0.901308944199925,-0.914332180404679,-0.92877896778329,-0.938394068818159,-0.948465675267908,-0.957957400539885,-0.967722653675965,-0.976828476431086,-0.984678873250544,-0.992728116203939,-1.00010756990776,-1.00875596856783,-1.01917032898172,-1.02772780154017,-1.03336953803438,-1.04170713885735,-1.04125602408344,-1.04258319803011,-1.04399890344146,-1.05826402350568,-1.06793867589846,-1.07439851787669,-1.07635170099107,-1.07697217236902,-1.07539911948156,-1.07718996644912,-1.080270659869,-1.08539323568845,-1.09041354058007,-1.09480711699123,-1.09953142142497,-1.10686037780228,-1.12189383845466,-1.13685836509992,-1.14229026885623,-1.14572864050974,-1.15140917857599,-1.16273324637267,-1.17763261643415,-1.21011642035346,-1.22112988425365,-1.23192682336622,-1.24046925950371,-1.24960912411329,-1.27678725127775,-1.2910640849788,-1.29518254567488,-1.29616864811852,-1.29376799560231,-1.28456213782305,-1.28263151784896,-1.28073360579749,-1.27613371384429,-1.27466225362125,-1.27350234144768,-1.27473904890657,-1.27886418589738,-1.29000374128261,-1.30088526366241,-1.31215455116957,-1.32629956953668
"x28",0,0,0,0,0,0,0,0,0,0,0,0,0,0,0,0,0,0,0,0,0,0,0,0,0,0,0,0,0,0,0,0,0,0,0,0,0,0,0,0,0,0,0,0,0,0,0,0,0,0,0,0,0,0,0,0,0,0,0,0,0,0,0,0,0,0,0,0,0,0,0,0,0,0,0,0,0,0,0,0,0,0,0,0,0,0,0,0,0,0,0,0,0,0,0,0,0,0,0,0,0,0,0,0,0,0,0,0,0,0,0,0,0,0,0,0,0,0,0,0,0,0,0,0,0,0,-0.00138006560263018,-0.00887633705038434,-0.0142730940501153,-0.0191654650554911,-0.0211240818596296,-0.0223345662914749,-0.0220532497991259,-0.0198487267918512,-0.0181648219021466,-0.0173556657205528,-0.0154482079750256,-0.0109831452261074,-0.0050941733867377,0,0,0,0,0,0,0,0,0,0,0,0,0,0,0,0,0,0,0,0,0,0,0,0,0,0,0,0,0,0,0,-0.00871411355905759,-0.0208520882029775,-0.0268934119962289,-0.0317583524020602,-0.0365390023917509,-0.0394195498772807,-0.0420269076073539,-0.044934247323937,-0.0458942735745809,-0.0424715619704247,-0.0370756236520343,-0.034837093301599,-0.0389944719525762,-0.0431672536848268,-0.0469537446179436,-0.0502001208540538,-0.052677833129486,-0.0556872779370333,-0.0622112789279001,-0.0693608139246917,-0.0765828907354877,-0.0812721990796851,-0.0853055807445339,-0.0874370803630363,-0.0870773217302683,-0.090222044679765,-0.0918657685371849,-0.0932183955708529,-0.0923819709087626,-0.0909607521294571,-0.0925332894617303,-0.0980700364055799,-0.103977018270295,-0.108664392802334,-0.111864666114187,-0.114846407020365,-0.116668561601009,-0.118520628544768,-0.121327584595862,-0.125195047151535,-0.12878970749849,-0.131172980943096,-0.139301049969561,-0.149326429916456,-0.160684000920212,-0.176734689806575,-0.182789200267136,-0.184300845285833,-0.167591616409971,-0.162799244637634,-0.157996954582313,-0.157003681142829,-0.15647231717526,-0.146084411613618,-0.145809398212756,-0.150155315024132,-0.156044226755924,-0.164096431847262,-0.184559479902092,-0.204780980155396,-0.221698917929069,-0.241079255463236,-0.257482123241641,-0.266569996230498,-0.269259091379505,-0.270174923089525,-0.268177956256785,-0.266662950894976,-0.264986627599685,-0.260473235490722
"x29",0,0,0,0,0,0,0,0,0,0,0,0,0,0,0,0,0,0,0,0,0,0,0,0,0,0,0,0,0,0,0,0,0,0,0,0,0,0,0,0,0,0,0,0,0,0,0,0,0,0,0,0,0,0,0,0,0,0,0,0,0,0,0,0,0,0,0,0,0,0,0,0,0,0,0,0,0,0,0,0,0,0,0,0,0,0,0,0,0,0,0,0,0,0,0,0,0,0,0,0,0,0,0,0,0,0,0,0,0,0,0,0,0,0,0,0,0,0,0,0,0,0,0,0,0,0,0,0,0,0,0,0,0,0,0,0,0,0,0,0,0,0,0,0,0,0,0,0,0,0,0,0,0,0,0,0,0,0,0,0,0,0,0,0,0,0,0,0,0,0,0,0,0,0,0,0,0,0,0,0,0,0.0114944921184922,0.0367421489306665,0.0610438994378465,0.0847009406440502,0.107506159604937,0.122645141458138,0.13672929337013,0.151107114354411,0.165841730649996,0.178313493439283,0.182433998991201,0.182669702091688,0.178499455411671,0.165729598135371,0.161089919976164,0.162102259981704,0.16362523732458,0.187080664042671,0.201956757580264,0.208667740762935,0.214231542214836,0.214570305583311,0.187006562902397,0.157596322048454,0.13809314991644,0.118533432364223,0.100226650530132,0.0836627876088069,0.0678966789249076,0.0521290080613744,0.0341502505901288,0.0311145186576983,0.026223555712683,0.0220990257584442,0.0252486359631476,0.0276220541257869,0.0267111162488783,0.0419913840497695,0.0479238579499,0.0493565249866133,0.0489756031093903,0.039639906342715,0.0249419157798232,0.0190913148733757,0.0137288734913565,0.00558171191388138,0,0,0,0.00181559873861739,0.00275701654684707,0.00664376417064075,0.00735207503383496,0.00797076486263788,0.00601926489889836,0,0,0,-0.00191478184054662
"x30",0,0,0,0,0,0,0,0,0,0,0,0,0,0,0,0,0,0,0,0,0,0,0,0,0,0,0,0,0,0,0,0,0,0,0,0,0,0,0,0,0,0,0,0,0,0,0,0,0,0,0,0,0,0,0,0,0,0,0,0,0,0,0,0,0,0,0,0,0,0,0,0,0,0,0,0,0,0,0,0,0,0,0,0,0,0,0,0,0,0,0,0,0,0,0,0,0,0,0,0,0,0,0,0,0,0,0,0,0,0,0,0,0,0,0.00382253771421594,0.012196258410626,0.0220603863173376,0.0333061196771382,0.0439635818154374,0.0544719618802189,0.0644916150588966,0.0743548527096991,0.0845300003062464,0.0943967045741634,0.103574422716205,0.111052601923992,0.11808785413316,0.126755968855749,0.132971399534804,0.139420119784045,0.145814150532446,0.150895080014601,0.155301790770979,0.159340400815835,0.166243627231818,0.175785323822269,0.184903366516016,0.191760371281515,0.199201831384766,0.20605260146797,0.214042943296206,0.221127141410128,0.232460877079874,0.245285594611955,0.25419139290633,0.263401626079101,0.270104568408631,0.272948232069959,0.273531393079469,0.275612312161148,0.276741796385608,0.279215780411249,0.277773962498016,0.273233151661954,0.270683561615737,0.266750637099181,0.259060896037412,0.25129507349821,0.242516500777187,0.237251391488089,0.232840439440083,0.232790421552879,0.233683093286688,0.235221510422893,0.23849876199468,0.241956978684367,0.244007626040982,0.248343518565443,0.252737074995324,0.257619883752909,0.267413574186506,0.27604272756099,0.284973425206231,0.297619153716905,0.309353103016634,0.321894758756862,0.33476884159236,0.346205124450732,0.354679460240139,0.358159491613684,0.362475802982568,0.362202884244697,0.357590609644334,0.354450286071716,0.351774095622679,0.349606670321872,0.35086319358409,0.35215475457263,0.355989054076451,0.358470752980653,0.362704535829471,0.369506130258054,0.378164317527553,0.390661568950484,0.41222470789572,0.422325291653941,0.427191535543061,0.432091692113979,0.426199484452365,0.423730181565853,0.422602841659023,0.417540944872556,0.414236079196503,0.431543132017504,0.457524006504087,0.477845347756253,0.49865311319827,0.517999491623713,0.53591816442524,0.555353250234217,0.576498576064294,0.598258726731429,0.605805002883888,0.609863600038509,0.611703738349569,0.605519084827584,0.605189801123739,0.610264799266561,0.613776162988542,0.615754853913258,0.622606936438417,0.630454412512664,0.645681864209286,0.672826650283325,0.684950254534517,0.691565818616808,0.697496321084041,0.701200115540899,0.692429950822463,0.68354898239998,0.675881566080812,0.66787853263945,0.659605299805685,0.65655629232286,0.655319391841565,0.656633113141229,0.662483318771629,0.664191916239951,0.665933843874123,0.668971184954558
"x31",0,0,0,0,0,0,0,0,0,0,0,0,0,0,0,0,0,0,0,0,0,0,0,0,0,0,0,0,0,0,0,0,0,0,0,0,0,0,0,0,0,0,0,0,0,0,0,0,0,0,0,0,0,0,0,0,0,0,0,0.00113415667143452,0.00798944827379558,0.0138320498350226,0.0193354383976087,0.0246337057026942,0.030008543035468,0.0356180715811751,0.0410123740231566,0.0462030846010994,0.0511975803651949,0.0557984272296374,0.0607213583172699,0.0656451133596857,0.0687170380320069,0.076582093179827,0.0851266459810606,0.0936133318066831,0.101916479138221,0.109521279064551,0.116752052116147,0.124220221112841,0.132265328003666,0.140110740983554,0.148039414445854,0.153718186655408,0.157741993812714,0.161801978831694,0.165734329900925,0.170827424516087,0.175427313226978,0.179496746572797,0.183686183071131,0.185701712481671,0.187774246284786,0.190366657956315,0.192802640196762,0.19368612374671,0.193727094993125,0.192322149376837,0.188757174114544,0.185318503648452,0.181937155807782,0.177676383632851,0.174842904107189,0.173125982426835,0.172497842094142,0.172193061779692,0.171658902757722,0.170981418221358,0.170463166702573,0.170459796461773,0.172110552513392,0.173258389616141,0.173665300433866,0.17316931550097,0.168423699702366,0.160969824546995,0.154511134326674,0.148163631316424,0.137770246463164,0.127229086905986,0.116984226624811,0.107085671850839,0.09687894566936,0.0874038898422429,0.0789666933911009,0.0721445172207978,0.0658160778088931,0.0580567725014563,0.0545017439521708,0.0516285802021568,0.0486419008363749,0.0465635929263834,0.0447832946590502,0.0434365628583266,0.0428328391245241,0.040802846373084,0.0387414666986778,0.0387666679799938,0.0386800184099723,0.038130503018688,0.0381288456134644,0.039728113832857,0.0420155329098839,0.039986869256317,0.0369807442619232,0.0352680187594577,0.03407016427361,0.0323304024959646,0.0335357379209459,0.0357870706195893,0.0357035787460681,0.0343582057067668,0.0368319298098313,0.0381264095814058,0.0398432064598091,0.0421076512376733,0.0474474970486651,0.0531580085583074,0.0604301819157699,0.0670658307795115,0.0776537414692653,0.0815180970776723,0.0843618442372808,0.0884157770838559,0.0908908030671307,0.0961715204982775,0.0993258003101839,0.10185209271089,0.108914526113915,0.119040445505555,0.129464864793522,0.139919355822578,0.146667625928738,0.149327208090274,0.150469008272972,0.153242856359227,0.157722282457253,0.165784178335125,0.173241075651947,0.179011654608896,0.18517003065088,0.192186815987231,0.198153232294578,0.204917025611295,0.210892606210525,0.21568608805723,0.214232335314183,0.212565367341978,0.212117006777735,0.212407071333759,0.212134752758986,0.213705551334311,0.212356857499073,0.203893746598991,0.19174231973467,0.182084165739765,0.178426504403301,0.174245066204172,0.170595689935017,0.168483523000398,0.166040312223147,0.165357210274005,0.164430396591978,0.143742097435822,0.125839758498923,0.120849594689861,0.118927359453678,0.117290169336992,0.115527815368478,0.114187221019698,0.115453769867539,0.115168146076944,0.118607543026715,0.120788663098413,0.119949878639396,0.106527108435427,0.101882841374547,0.0954678120989928,0.08622307535148,0.0750759569080319,0.0653339923743511,0.0590393283284477,0.0500823049993954,0.0323036767704966,0.0313850001505714,0.0300531988112505,0.0288142849432444,0.0239914468013031,0.017619556363469,0.0192325359806096,0.0202263684378046,0.0151082559267129,0.00888263801881938,0.0017157947320286,0,0,0,0,0,0
"x32",0,0,0,0,0,0,0,0,0,0,0,0,0,0,0,0,0,0,0,0,0,0,0,0,0,0,0,0,0,0,0,0,0,0,0,0,0,0,0,0,0,0,0,0,0,0,0,0,0,0,0,0,0,0,0,0,0,0,0,0,0,0,0,0,0,0,0,0,0,0,0,0,0,0,0,0,0,0,0,0,0,0,0,0,0,0,0,0,0,0,0,0,0,0,0,0,0,0,0,0,0,0,0,0,0,0,0,0,0,0,0,0,0,0,0,0,0,0,0,0,0,0,0,0,0,0,0,0,0,0,0,0,0,0,0,0,0,0,0,0,0,-0.000390535053792682,-0.0137851312727682,-0.0244380781513332,-0.031465350000907,-0.0394055512315577,-0.0463367847877209,-0.0487042577408378,-0.0516104204203416,-0.0548153723256692,-0.0530501360931663,-0.0511603390675829,-0.0528724197725634,-0.0553077668459297,-0.0572140934389306,-0.0599614048780836,-0.0620764326530187,-0.0647609260792359,-0.0683848796087058,-0.0739080213063608,-0.0812073863304539,-0.0862719952964797,-0.0891140505362951,-0.0976152669766464,-0.104955788097872,-0.114012923336301,-0.125498204629697,-0.138697286617301,-0.153124948155453,-0.167502896785835,-0.185308761969544,-0.206896504082089,-0.227094165416312,-0.247717864438006,-0.26637414897032,-0.282646045920161,-0.30073182569178,-0.320158405417705,-0.335378643736117,-0.344682006276427,-0.352597982615097,-0.362337963006195,-0.376435333974617,-0.391588149058647,-0.406111182029545,-0.419685678686595,-0.430118770748696,-0.440329572859961,-0.454416760238527,-0.468940974413133,-0.481437496368596,-0.490759610078272,-0.497069486529235,-0.495250772882261,-0.484871329534845,-0.477801985213003,-0.478755799445229,-0.480303439654168,-0.488624935210371,-0.492176161392827,-0.493228127668072,-0.489136502436061,-0.481766584193066,-0.450041793010551,-0.422959456617143,-0.409504869916017,-0.399483741755356,-0.390305836020553,-0.38260642760621,-0.378210437108621,-0.377446106687084,-0.381538150577044,-0.394694098449931,-0.404204623289253,-0.412899801788328,-0.424295616029634,-0.430479714214972,-0.435272375203799,-0.439939047032327,-0.434743098739154,-0.427728005744159,-0.422203300319101,-0.413406505148781,-0.410536525848928,-0.416713865176348,-0.420609734385516,-0.425416705645525,-0.428825092382135,-0.430230955791057,-0.430762784127025,-0.426442894446473,-0.421316302719853,-0.414664900346731,-0.406407253519504,-0.399143093788484,-0.391845496129947,-0.383721693718691,-0.37671020305662,-0.370066105700083,-0.363469210850088
"x33",0,0,0,0,0,0,0,0,0,0,0,0,0,0,0,0,0,0,0,0,0,0,0,0,0,0,0,0,0,0,0,0,0,0,0,0,0,0,0,0,0,0,0,0,0,0,0,0,0,0,0,0,0,0,0,0,0,0,0,0,0,0,0,0,0,0,0,0,0,0,0,0,0,0,0,0,0,0,0,0,0,0,0,0,0,0,0,0,0,0,0,0,0,0,0,0,0,0,0,0,0,0,0,0,0,0,0,0,0,0,0,0,0,0,0,0,0,0.000214577872348683,0.00779739145996888,0.0145697427504264,0.0212424951356475,0.0276926177234286,0.0342436892035898,0.0414059051540742,0.0487627543492734,0.0556637318878435,0.0626354876052676,0.0711822479988665,0.0801337437998834,0.0874233657109787,0.0918392142918706,0.0943312919974112,0.0958075725850889,0.0959077469134269,0.0933523164302208,0.0900379352961615,0.0867214722026079,0.0824589856719014,0.0798597393647808,0.0784576152070848,0.0787619464213858,0.0802758342573778,0.0929942155007127,0.10601256068369,0.116163668933711,0.126540945344481,0.13570777347102,0.141153567156122,0.145140166843477,0.145535692355863,0.143002928688077,0.135664092409965,0.12671171693524,0.121496327070494,0.114454226605716,0.109861649026188,0.105399741817659,0.102384398965155,0.0985488702564292,0.0957885164413249,0.0886976465527308,0.0812934096085227,0.0729405341098693,0.0730251162065799,0.0734957146676202,0.0734098777143998,0.0791483147938955,0.0854474949211086,0.0903632654168788,0.0955741446218086,0.104333715287171,0.117137357690595,0.13043132303055,0.146688127937648,0.162824826089619,0.173259538965564,0.191110284478251,0.212458260434544,0.228812012143704,0.234966685580748,0.232636381507766,0.227596084871048,0.221653780158973,0.214242888136769,0.206738959213702,0.200002626150743,0.201260725682453,0.203535561276328,0.213106403576605,0.225652892398193,0.237510129898897,0.248465644634661,0.258285072704266,0.259165105006513,0.243224928429333,0.230683862977424,0.224934441004506,0.219581114558277,0.200784489846092,0.181686297274833,0.177130054522491,0.173087292543804,0.166922455844445,0.147986280440081,0.128241415314661,0.107044489765096,0.0871856549610474,0.0688849151338841,0.0517705382316237,0.0337994989194317,0.0169012158705261,0,0,0,0,0,0,-0.0056143709819555,-0.0610502223592735,-0.0826214620334605,-0.105171611452726,-0.122342510941463,-0.14634648680693,-0.201395784776271,-0.219541034419536,-0.227645423506074,-0.230636481751552,-0.231687908900926,-0.231656777948669,-0.240050417827255,-0.253791144057776,-0.25979089235331,-0.262349027268488,-0.267076756733804,-0.278927711911487,-0.29302882359727,-0.309484886349629,-0.323923455882426,-0.337905862227547,-0.358273923683018
"x34",0,0,0,0,0,0,0,0,0,0,0,0,0,0,0,0,0,0,0,0,0,0,0,0,0,0,0,0,0,0,0,0,0,0,0,0,0,0,0,0,0,0,0,0,0,0,0,0,0,0,0,0,0,0,0,0,0,0,0,0,0,0,0,0,0,0,0,0,0,0,0,0,0,0,0,0,0,0,0,0,0,0,0,0,0,0,0,0,0,0,0,0,0,0,0,0,0,0,0,0,0,0,0,0,0,0,0,0,0,0,0,0,0,0,0,0,0,0,0,0,0,0,0,0,0,0,0,0,0,0,0,0,0,0,0,0,0,0,0,0,0,0,0,0,0,0,0,0,0.00478522211960048,0.0141873696285095,0.0230777630822905,0.038490332073429,0.0588311231823323,0.0779688271389379,0.0978084093815018,0.115914429385199,0.136127265975207,0.155175639393172,0.176350054495285,0.195233780623839,0.21678859471677,0.235438264447878,0.251315236383202,0.262148337622184,0.269587292208957,0.279442467962933,0.286407399160891,0.29529966491894,0.307163534780834,0.319566819017237,0.331365971952855,0.340502248965771,0.34766254622718,0.351440642158343,0.352384031663551,0.35422742329231,0.351024745069688,0.342959039083516,0.338244203067058,0.341320900292899,0.347936789039219,0.355835913244639,0.368586807632145,0.382718727424431,0.396462506358661,0.407780515716466,0.409556380320095,0.411863575356599,0.412508457994206,0.412408969147142,0.412072445710441,0.410170403156022,0.407388042066786,0.405806485829875,0.410922100756772,0.420453158365301,0.430453562883511,0.440462917996111,0.476063009812141,0.506813967875104,0.523009388613967,0.53647317344277,0.547287925258479,0.549112636216738,0.550679751837085,0.562891351708248,0.575728901146453,0.587879619610962,0.59995738230673,0.613510270460795,0.626321604833192,0.644110485904637,0.654677970532547,0.665362251082278,0.673434149333546,0.688871645518147,0.693867022419064,0.699339899487594,0.748114772793675,0.760719512154338,0.772969225974063,0.77943420841487,0.788977700961405,0.829743661104137,0.841924126528079,0.849734371370782,0.857268135183369,0.865461822977165,0.877071951014746,0.899468410618955,0.919419316245104,0.933793245517736,0.942030084649444,0.945934385576223,0.952258129307171,0.959356471308822,0.964353220696486,0.968946313617569,0.973664748871067,0.984946383853342
"x35",0,0,0,0,0,0,0,0,0,0,0,0,0,0,0,0,0,0,0,0,0,0,0,0,0,0,0,0,0,0,0,0,0,0,0,0,0,0,0,0,0,0,0,0,0,0,0,0,0,0,0,0,0,0,0,0.00798895168226903,0.0203009490922094,0.032040087117217,0.0433356053455914,0.053725347300503,0.0612700271397152,0.0682903404844746,0.0748919291441702,0.0812446965124951,0.0871747758560205,0.0925958503536487,0.0978131106842575,0.102833251937583,0.107663607487799,0.112639793186938,0.117202240850746,0.121000196681267,0.124632276839605,0.130415790241441,0.136499891111049,0.142949259899286,0.148871976361137,0.153930013686279,0.158615194230345,0.164878468001721,0.170987443592002,0.176417522648326,0.182106377532974,0.187263759971146,0.192634041170888,0.195888112033924,0.198263754990701,0.199491850310994,0.200087628754344,0.200924291900491,0.201937265390466,0.2044853105899,0.206921675520509,0.209407523420102,0.21179137878584,0.215695709678742,0.221521807714311,0.228202561329453,0.235599733417628,0.243136954173036,0.252268818136863,0.264059855768811,0.274968049130228,0.284858416472342,0.293669375029981,0.301510403194648,0.309044210776674,0.315937508102344,0.322390184075395,0.328485337785006,0.334370858421171,0.340343098995538,0.346037023508946,0.351313908061734,0.356288343867836,0.360186374674945,0.365412906612822,0.371483784411975,0.374731301690611,0.377608391589499,0.380024945953586,0.382060227823984,0.383746630798462,0.385805349231698,0.390045618209652,0.393506419324253,0.397539788529564,0.40395175666636,0.409640384063991,0.415247419829594,0.418865090799878,0.420858317330447,0.421631476373074,0.423596817239597,0.427362091601821,0.43182587868376,0.436069051951181,0.441395475579413,0.448868501072598,0.455279795760482,0.458802514052875,0.461818403385178,0.464278265663495,0.464046487632181,0.464307326366168,0.463895903298581,0.461476899285146,0.463529651402647,0.461490712008698,0.453965307304522,0.447366106409855,0.438549399344621,0.423332663491779,0.408580849517979,0.391118597602886,0.373026159032688,0.353858677035098,0.336182308653538,0.317826857477963,0.302587046411903,0.288251901094379,0.277400786236828,0.268077173750722,0.261681625372511,0.257476912858885,0.249455012328648,0.246787394772451,0.241166246965104,0.228317454677731,0.211201666033007,0.192407998883518,0.176499349770178,0.166677079907644,0.162322248452092,0.157958660980577,0.150617260043223,0.147044174395025,0.144443899784443,0.139332515725023,0.12926399000411,0.113155816863876,0.0919561371899185,0.0694393134288691,0.0445092975471791,0.0199330861471642,0,0,0,0,0,0,0,0,0,0,0,0,0,-0.0192345317789877,-0.0405172415161793,-0.0492146972209523,-0.0517905453833584,-0.0523362597610352,-0.0247543270336311,0,0,0,0,0,0,0,0,0,0,0.00367738350722051,0.0155130219324322,0.0222679864976956,0.0298748656998183,0,0,0,0,0,0,0,0,0,0,0,0,0.000129977683741281,0.0146401100465528,0.0298399371647352,0.0366182059006208,0.0356773055120839,0.0335202514804321,0.0346895359252185,0.0346752933591252,0.0340618642029825,0.0298151916836609
"x36",0,0,0,0,0,0,0,0,0,0,0,0,0,0,0,0,0,0,0,0,0,0,0,0,0,0,0,0,0,0,0,0,0,0,0,0,0,0,0,0,0,0,0,0,0,0,0,0,0,0,0,0,0,0,0,0,0,0,0,0,0,0,0,0,0,0,0,0,0,0,0,0,0,0,0,0,0,0,0,0,0,0,0,0,0,0,0,0,0,0,0,0,0,0,0,0,0,0,0,0,0,0,0,0,0,0,0,0,0,0,0,0,0,0,0,0,0,0,0,0,0,0,0,-0.0014150800077433,-0.00625283315917306,-0.0110014405625535,-0.0160162342645762,-0.021338347690202,-0.0280629679199501,-0.0354840066718941,-0.0390996499065438,-0.0384032348057815,-0.0378598962441508,-0.0389585006764817,-0.0400135940011994,-0.0411612842260368,-0.0427911375931029,-0.0472610588265431,-0.0533059735028504,-0.0572181079992443,-0.058437294769487,-0.0604835461656882,-0.062268252530975,-0.0645178101182399,-0.0696704277662255,-0.0732982602968062,-0.0755351244463153,-0.0791351932188986,-0.08153976058596,-0.0827177825660529,-0.0873548348341678,-0.0970675746250299,-0.101255855304243,-0.101463755517932,-0.100135095805649,-0.0959773464492715,-0.0921113876681776,-0.0893336863697585,-0.0886409533508142,-0.0901177918173379,-0.0944027906569674,-0.0992546860364265,-0.105344561632623,-0.108947673411438,-0.111328830108215,-0.110076182173311,-0.107938490342138,-0.106294610776563,-0.102467610380362,-0.0976521417867465,-0.0906924274537745,-0.0817065119322915,-0.0781543258908789,-0.0772494452227124,-0.0765680380961985,-0.0749951128687351,-0.0740957028783585,-0.0702926411630933,-0.0669314572198618,-0.0641668464565767,-0.0577369800109685,-0.0476057035849393,-0.0384799745965051,-0.0272420167945581,-0.0160041943529062,-0.00612202142643953,-0.00249760013345248,0,0,0,0,0,0,0,0,0,0,0,0,0,0,0,0,-0.018184689700412,-0.0426790769577112,-0.0560546115315848,-0.0708116477625187,-0.0843060127541814,-0.0972822775068096,-0.110263438470955,-0.121591890985231,-0.130785785325491,-0.13425277278833,-0.136381792049928,-0.132418436155328,-0.125405250975016,-0.116935366423793,-0.108226305940912,-0.0925498856071035,-0.090421424689246,-0.0939166262015633,-0.0956361779835175,-0.101324917938366,-0.113574342846618,-0.10868352770838,-0.10659095033692,-0.1024044470258,-0.0977837156269459,-0.0866493146257167,-0.0799067681924527,-0.0713723012819672,-0.0713498937165972,-0.0736047358328892,-0.0669892983872879,-0.0614187802359151,-0.0574326051777568,-0.0551772565603342,-0.0539540134610859,-0.052952488104866,-0.0549821219954761
"x37",0,0,0,0,0,0,0,0,0,0,0,0,0,0,0,0,0,0,0,0,0,0,0,0,0,0,0,0,0,0,0,0,0,0,0,0,0,0,0,0,0,0,0,0,0,0,0,0,0,0,0,0,0,0,0,0,0,0,0,0,0,0,0,0,0,0,0,0,0,0,0,0,0,0,0,0,0,0,0,0,0,0,0,0,0,0,0,0,0,0,0,0,0,0,0,0,0,0,0,0,0,0,0,0,0,0,0,0,0,0,0,0,0,0,0,0,0,0,0,0,0,0,0,0,0,0,0,0,0,0,0,0,0,0,0,0,0,0,0,0,0,0,0,0.00427980413102687,0.0117032673901044,0.0174784120779327,0.024040357339994,0.0321516930573162,0.0416242997787966,0.0516597622867719,0.0631313999291534,0.0752629277416468,0.0880095506331607,0.10124672128231,0.113157243351672,0.124271632955264,0.134396438040498,0.144519251771013,0.156069384653605,0.167652364806593,0.180717297454146,0.194920862084187,0.209356926651253,0.221659039011747,0.231435427252875,0.240810096138878,0.250387544824871,0.260946522425765,0.272301283125299,0.282767725315748,0.290295096183034,0.294608395884937,0.300806611062423,0.306516270930886,0.312284901363361,0.318554480514007,0.320124138679085,0.316280836459486,0.31550675309703,0.320498179184563,0.325304170199871,0.328696066381646,0.329698219642982,0.330072061311915,0.330536417470597,0.329870803276629,0.327526017692307,0.325018907280949,0.31969856102219,0.314005341736823,0.30657221455286,0.296809229301243,0.286302544324457,0.267492726422047,0.240184855280625,0.228588757424742,0.221359450016169,0.214674728462776,0.212101302473232,0.214124247856092,0.216861472082295,0.216255072589706,0.211507329660138,0.191828371834522,0.172221229518315,0.160505046711325,0.149413283342338,0.13902738113604,0.129662586391889,0.119113012086,0.105821186374211,0.0884660805007277,0.0755557931880383,0.0653102139302471,0.0543585452504173,0.0435222896047357,0.0250292706767822,0.005278872524043,0,0,0,0,0,-0.00394009713005296,-0.015020162116251,-0.0201074738203771,-0.0265309036694753,-0.0323162894612125,-0.04233280863945,-0.0573076976781586,-0.0734888388159049,-0.0893365095457108,-0.104310464934007,-0.115976563399939,-0.123488866202317,-0.130328878832508,-0.136455852579177,-0.139202485509096,-0.14147451670026,-0.142410305287445
"x38",0,0,0,0,0,0,0,0,0,0,0,0,0,0,0,0,0,0,0,0,0,0,0,0,0,0,0,0,0,0,0,0,0,0,0,0,0,0,0,0,0,0,0,0,0,0,0,0,0,0,0,0,0,0,0,0,0,0,0,0,0,0,0,0,0,0,0,0,0,0,0,0,0,0,0,0,0,0,0,0,0,0,0,0,0,0,0,0,0,0,0,0,0,0,0,0,0,0,0,0,0,0,0,0,0,0,0,0,0,0,0,0,0,0,0,0,0,0,0,0,0,0,0,0,0,0,0,0,0,0,0,0,0,0,0,0,0,0,0,0,0,0,0,0,0,0,0,0,0,0,0,0,0,0,0,0,0,0,0,0,0,0,0,0,0,0,0,0,8.29713617468116e-05,0.00219375057755981,0.00566872904302328,0.012176185804593,0.0205150448218466,0.0306286372968737,0.043394695856007,0.0530928469662126,0.0637246426192107,0.0803266589754657,0.0930208437828724,0.101991439014826,0.109992797332776,0.119358778052744,0.127209580197285,0.135520288783036,0.143577602809592,0.150759189750171,0.153009139147841,0.155655668988571,0.163054161406939,0.171062215645585,0.180423987307494,0.194810065489052,0.212367400373887,0.236208162597881,0.26176254145498,0.273900233573225,0.281662576358458,0.289057771714104,0.286772950251918,0.286253633126718,0.287745932026999,0.289900400403043,0.294442179221217,0.314021732934107,0.337346269969102,0.354493212140299,0.370250928273063,0.384871980364568,0.399346357923346,0.416335455559442,0.434506666158381,0.456267488458709,0.477061396426277,0.496219714746649,0.510693337368533,0.517180888661705,0.524821116077832,0.531494808169333,0.520297876450698,0.517490109897892,0.517947029732305,0.521408350635909,0.530542246157512,0.537056662274953,0.547134038652702,0.558375808247217,0.568436795680156,0.578484330570052,0.592074280347166,0.609899647561466,0.627316496357478,0.644682074950694,0.661715906950498,0.670902774385031,0.67847597400275,0.684251446251039,0.687747032496215,0.689620586874554,0.691383618572687,0.692806268931237
"x39",0,0,0,0,0,0,0,0,0,0,0,0,0,0,0,0,0,0,0,0,0,0,0,0,0,0,0,0,0,0,0,0,0,0,0,0,0,0,0,0,0,0,0,0,0,0,0,0,0,0,0,0,0,0,0,0,0,0,0,0,0,0,0,0,0,0,0,0,0,0,0,0,0,0,0,0,0,0,0,0,0,0,0,0,0,0,0,0,0,0,0,0,0,0,0,0,0,0,0,0,0,0,0,0,0,0,0,0,0,0,0,0,0,0,0,0,0,0,0,0,0,0,0,0,0,0,0,0,0,0,0,0,0,0,0,0,0,0,0,0,0,0,0,0.000556665293352439,0.00998924206162497,0.0169982132645043,0.0200123477065699,0.0248833094829351,0.0261005575612547,0.0288972912011373,0.0315823043813056,0.0421825776567144,0.053897551863378,0.0641873425081686,0.0736825888014748,0.0780771425219308,0.0823980738245868,0.0850071761369349,0.0863060817693894,0.0877139202080046,0.0912874937512935,0.0944026667364336,0.0983292614127912,0.102669076983697,0.106548560513469,0.110136231818,0.116248228045402,0.119032482200742,0.119338504305039,0.115861224378186,0.113447606431292,0.11153049066095,0.105219057168989,0.0996126233827758,0.0938613263494878,0.0899341432064526,0.0869782086070576,0.0837495750228907,0.0808995170903973,0.0748336079722008,0.0738137489223594,0.0739290285789865,0.0722603117581015,0.0670351755245115,0.061117354127707,0.0566986219302343,0.0594250056300801,0.0620535823111027,0.0648182621763782,0.0669224459833184,0.0714571117800193,0.0746957958162699,0.076520778251523,0.0871235446565325,0.103652658621641,0.109414016623457,0.110874066854263,0.111428951980097,0.124429356622665,0.136191260799817,0.149214173835622,0.170720290689605,0.197278028302342,0.254655429116735,0.306922710728329,0.339684575979008,0.370362048449795,0.39942416910671,0.42713699747079,0.453704157021636,0.478442483722286,0.509669714615446,0.534736844488131,0.553829832741773,0.572623577638756,0.607068802504056,0.629020991157359,0.652081595864696,0.677556317499678,0.693814335601512,0.710697847866373,0.722864490830578,0.740239273370399,0.785996715132473,0.80590401331,0.818891687625303,0.829605838270805,0.839178943047584,0.858665497792272,0.889675385541844,0.921002481728168,0.957517342458499,0.993592397027745,1.01163259271099,1.02299736377031,1.03337372147166,1.04716599223951,1.05894607251285,1.07034525624508,1.08424671587671
"x40",0,0,0,0,0,0,0,0,0,0,0,0,0,0,0,0,0,0,0,0,0,0,0,0,0,0,0,0,0,0,0,0,0,0,0,0,0,0,0,0,0,0,0,0,0,0,0,0,0,0,0,0,0,0,0,0,0,0,0,0,0,0,0,0,0,0,0,0,0,0,0,0,0,0,0,0,0,0,0,0,0,0,0,0,0,0,0,0,0,0,0,0,0,0,0,0,0,0,0,0,0,0,0,0,0,0,0,0,0,0,-0.000105182185282907,-0.00260571026182801,-0.00382612933894498,-0.00454447698016282,-0.00504020805347089,-0.00517801963745237,-0.00750855603725494,-0.0105307566205747,-0.0133989294349344,-0.0158891744457847,-0.0184334303866259,-0.0210563423623168,-0.0235814044424129,-0.0267318914098269,-0.0294706253305597,-0.0320763184110062,-0.034585341114298,-0.0372233414303748,-0.0451266566606646,-0.054189300040191,-0.0635671641559955,-0.0739335861928381,-0.0832759035780922,-0.0916709368432725,-0.101396682217089,-0.110963793932623,-0.120067963165015,-0.129934427027503,-0.1414466986845,-0.15215066580531,-0.164690032146494,-0.176990121957504,-0.192026453542206,-0.207556333909994,-0.227212679700416,-0.245768225342315,-0.261122562931627,-0.273435981804733,-0.282722681514861,-0.293045399291296,-0.301061833582754,-0.312028985575417,-0.324890437518025,-0.337549493093936,-0.350904814916887,-0.360139421587909,-0.367838584618632,-0.374476609608693,-0.380654871149919,-0.387569972718538,-0.394874048890389,-0.401549978117164,-0.407777960197909,-0.412874381636378,-0.416864598561332,-0.423538725401221,-0.433830251921052,-0.44331341314295,-0.454979816509041,-0.466465494804343,-0.482936700623026,-0.501595216908133,-0.511856835340203,-0.521536652778872,-0.528922739433334,-0.538862800231855,-0.550520682265028,-0.56384224088947,-0.574824735508989,-0.582640015015859,-0.591394336150614,-0.599978417828149,-0.60873152031763,-0.616564518138892,-0.623856937773638,-0.631401114978464,-0.640654137546711,-0.649831093350317,-0.660900311101012,-0.670831575767059,-0.68221121211633,-0.693734583300163,-0.705307414712576,-0.722370526224533,-0.74259029987383,-0.75473235035174,-0.762774122904224,-0.770207424559502,-0.786535476958108,-0.799456461635655,-0.809859885190016,-0.823303452531646,-0.839254524051058,-0.876306087828064,-0.910024276764661,-0.932155050713095,-0.952277272745542,-0.971340871634343,-0.989451310756656,-1.00898959183743,-1.02903519207919,-1.0542069668371,-1.07613548099415,-1.09656014107174,-1.11792368491343,-1.15251983980435,-1.1740702813793,-1.19578006900081,-1.22129288501543,-1.23387686135832,-1.24552340226726,-1.25235489041106,-1.26317285778245,-1.29878480470329,-1.32065825435632,-1.33737796757857,-1.35377535752145,-1.37077436098793,-1.39881060799036,-1.43169037892919,-1.46306825658633,-1.49589455694833,-1.52613050204412,-1.54393692100084,-1.5562040867024,-1.5660137978435,-1.57554414759035,-1.58252591645215,-1.58933599737457,-1.59945828726819
"x41",0,0,0,0,0,0,0,0,0,0,0,0,0,0,0,0,0,0,0,0,0,0,0,0,0,0,0,0,0,0,0,0,0,0,0,0,0,0,0,0,0,0,0,0,0,0,0,0,0,0,0,0,0,0,0,0,0,0,0,0,0,0,0,0,0,0,0,0,0,0,0,0,0,0,0,0,0,0,0,0,0.00288782197503113,0.00584425020522358,0.00779527327033071,0.00847563603839654,0.00765244075976179,0.00605007674525115,0.00415375336947309,0.000652804085118081,0,0,0,0,0,0,0,0,0,0,0,0,0,0,0,0,0,0,0,0,0,0,0,0,0,0,0,0,0,0,0,0,0,0,0,0,0,0,0,0,0.0116167683545266,0.0261353694560847,0.0401389673625445,0.0560021780945449,0.0718535592254058,0.0870088350002645,0.101867493329517,0.115962188354326,0.129635126326886,0.143754505740294,0.159467131839589,0.175033612823716,0.193276857012632,0.211361987073081,0.234023122638873,0.255677729370377,0.273158049874092,0.292291508648385,0.310084080742535,0.321147606621509,0.333350944846821,0.345443743891478,0.355347561535395,0.362003760327949,0.368639748639883,0.374404060806345,0.381676614737735,0.388542970948359,0.393723234569926,0.399038366517203,0.404213042961999,0.410356794881181,0.415838671146248,0.420165663360503,0.423945096544691,0.427465115496426,0.43142468077755,0.437467254963427,0.445132950657929,0.453996368033421,0.468756541991114,0.488468941184182,0.513070472302279,0.536540307858327,0.551817125830174,0.565892131785187,0.580578492515256,0.599655182750401,0.623002253318662,0.648408836785079,0.6715563192595,0.692920830485539,0.713631515573937,0.736143552135393,0.764050652183556,0.792324128079963,0.819754087003942,0.847292872307772,0.87014509861471,0.892235091245525,0.915561265063132,0.937082301964195,0.958994030394167,0.977841205371746,0.995886745324598,1.01283782743181,1.03087526078879,1.0456007901679,1.05902328020563,1.07229458974764,1.09910493419529,1.11803169570627,1.12875290514852,1.13680102961938,1.14260380462536,1.14434129121504,1.1460071420456,1.15005187691362,1.15232394696398,1.15451663402284,1.15651616872231,1.16075820369589,1.16720957982441,1.17580540586847,1.18209629962965,1.18955106976255,1.19797539388099,1.2135122188728,1.22705326297165,1.2400206187626,1.27246693491408,1.28411889854143,1.29340277654579,1.29910542002727,1.30486381713644,1.32643191496613,1.34075829264238,1.34986223874484,1.358868757864,1.36940424078384,1.38765529638818,1.40721595550741,1.42338619665014,1.43472829779697,1.44272883349093,1.45238170010188,1.46312604828962,1.47439033784253,1.48582867388297,1.49637374235783,1.50715855162262,1.52189962375649
"x42",0,0,0,0,0,0,0,0,0,0,0,0,0,0,0,0,0,0,0,0,0,0,0,0,0,0,0,0,0,0,0,0,0,0,0,0,0,0,0,0,0,0,0,0,0,0,0,0,0,0,0,0,0,0,0,0,0,0,0,0,0,0,0,0,0,0,0,0,0,0,0,0,0,0,0,0,0,0,0,0,0,0,0,0,0,0,0,0,0,0,0,0,0,0,0,0,0,0,0,0,0,0,0,0,0,0,0,0,0,0,0,-0.00833319692707309,-0.0204995870583507,-0.0345201987704079,-0.0518659600568594,-0.0706204781725747,-0.0868182115586582,-0.101874397614736,-0.116814610412786,-0.130935221524666,-0.144437945151788,-0.157287845999881,-0.169313690796761,-0.17902242187379,-0.187895416415496,-0.195528915591231,-0.203843249474611,-0.212713387313924,-0.224389787854403,-0.237508044069562,-0.248848028384442,-0.26083070913877,-0.273965912065023,-0.28742446795492,-0.300429287732708,-0.313249264717826,-0.325547347882123,-0.335728533106042,-0.342429973956523,-0.34957412100795,-0.357254636347423,-0.364846673690479,-0.374780970931783,-0.384365095228765,-0.393691377292501,-0.403640598010085,-0.413965622099907,-0.421730302466833,-0.431025480770573,-0.439618994032177,-0.449299476354178,-0.458735778319844,-0.468973804367661,-0.475952554339543,-0.483584363302908,-0.491852878997161,-0.499832768076713,-0.506809228194269,-0.512943560982577,-0.516986725514825,-0.520736162712383,-0.524561268355806,-0.52873073332661,-0.533530048545518,-0.539189581470034,-0.542286493504305,-0.547113823054755,-0.54966078981398,-0.557909741246303,-0.570246514884682,-0.586306063488775,-0.600940210331905,-0.605318379444261,-0.608395903289571,-0.616836134302548,-0.630227052145872,-0.64647208267449,-0.662715366955978,-0.679316820556975,-0.695507429150295,-0.715481735171167,-0.737776404350986,-0.75976403416141,-0.780589069332817,-0.800314761044882,-0.819913444938004,-0.834893776689925,-0.849618309967192,-0.866404734000402,-0.881975603831998,-0.899138246719936,-0.914489613816206,-0.933394049435642,-0.957231026389663,-0.979114816610864,-0.996115204073983,-1.00810130507301,-1.01990706858345,-1.04721903759941,-1.06810489418231,-1.08631940355578,-1.10537114539074,-1.11724132189924,-1.13211900093884,-1.1432260615264,-1.14838653637668,-1.14980914554237,-1.15098148777214,-1.15224469093065,-1.1515063745557,-1.14848976890252,-1.14937466916853,-1.154429627367,-1.15906432601448,-1.16300158690103,-1.1790345992084,-1.18681258955946,-1.19228493354276,-1.21416215116949,-1.22483022020841,-1.23365801016476,-1.23953622801399,-1.24755274898777,-1.26459979933631,-1.26769628203534,-1.27088598825923,-1.27275248217269,-1.27688829823316,-1.29678321352668,-1.32645575036993,-1.35030423843244,-1.37243052751813,-1.39313517324479,-1.40463395556573,-1.41513686185428,-1.42695816952602,-1.44001622417486,-1.4539871294137,-1.46857982212137,-1.48674569466364
"x43",0,0,0,0,0,0,0,0,0,0,0,0,0,0,0,0,0,0,0,0,0,0,0,0,0,0,0,0,0,0,0,0,0,0,0,0,0,0,0,0,0,0,0,0,0,0,0,0,0,0,0,0,0,0.0101593058913537,0.0218031645652536,0.0304630153489065,0.0391212896873321,0.0486851984800995,0.0578894738066228,0.0666725065908296,0.0747556099531766,0.0805008920181549,0.0858507010382932,0.0910006584107688,0.0959094769692324,0.100566566183265,0.105046544170521,0.109356961730386,0.113504429912379,0.117628569673147,0.121323100340878,0.123773974239448,0.125521689496373,0.125966852207835,0.126301191824534,0.126657706395581,0.126630762704319,0.12721640374911,0.127927378578762,0.127834942791125,0.125719229345977,0.123106945310932,0.119574134101642,0.117448027895754,0.117107820418527,0.116461846161656,0.115714789710016,0.114953998283834,0.113491136309763,0.111931643625126,0.110160156568706,0.108050280746067,0.10574053744868,0.103784291265683,0.101874879689661,0.0999124678784378,0.0973343583071484,0.0947148804474689,0.0920267690222374,0.0878003743233925,0.0833476663825092,0.0768363551342431,0.0702924448647236,0.0630618973305131,0.0549413193229287,0.0475222862161462,0.0412737370343194,0.0366753839647611,0.0325513256026261,0.0284301814185274,0.0231376104211058,0.0244564715459631,0.0286084966270057,0.0344766923756116,0.0443428695244822,0.0554524722252189,0.0659285034510922,0.0754332183410387,0.0846163084776767,0.0932300292611538,0.102163274850917,0.110152527134775,0.116940424059525,0.12241026578016,0.127162069121205,0.130183413675098,0.13359527959384,0.137048335187767,0.137918851411477,0.139516939104407,0.139737583480493,0.138530394714111,0.139371824874272,0.141954544385314,0.146534551007947,0.152427921597333,0.158285692256027,0.163438455282168,0.164542813155573,0.165255671268825,0.164080114119116,0.161968731280987,0.160092500511267,0.158268106469259,0.158412262651321,0.158180790386998,0.159259148883847,0.159457510912404,0.158446077310686,0.156403822127664,0.156610239379541,0.157342238108537,0.158889094306614,0.157017425179507,0.154765673402874,0.154088741264146,0.153113403582341,0.150916099544623,0.1481279229127,0.144285871742736,0.139775615997821,0.136808860137267,0.136301928219592,0.138544993520413,0.141775560112473,0.141636466486326,0.140454814358252,0.136090114374077,0.12513386168547,0.112175484423552,0.0965828251137684,0.0820656399400209,0.0724928400904713,0.063976451943696,0.057171059022588,0.0478042423018801,0.037456692178912,0.024187927965468,0.0125571422657848,0.00285206005474725,0,0,0,0,0,0,0,0,0,0,0,0,0,0,0,0,0,0,0,0,0,0,0,0,0,0,0,0,0,-0.00332439338748856,-0.00839714518608807,-0.0141061034005999,-0.0151713700915215,-0.0221043717461796,-0.0306449305833032,-0.0411080681075011,-0.0414878353049057,-0.0407732687441181,-0.0389874966129422,-0.0368206274697826,-0.0356707930618696,-0.0336495885478653,-0.031835650756744,-0.0421211049754342,-0.0527465555273717,-0.0629266780969356,-0.0733501519410502,-0.0857419533375287,-0.105180269104699,-0.122066448301118,-0.134373621091631,-0.144073023304335,-0.149794302652751,-0.155739024001135,-0.162654775132864,-0.169427512554168,-0.174809026260711,-0.178150338715796,-0.181771374360226,-0.188018393297296
"x44",0,0,0,0,0,0,0,0,0,0,0,0,0,0,0,0,0,0,0,0,0,0,0,0,0,0,0,0,0,0,0,0,0,0,0,0,0,0,0,0,0,0,0,0,0,0,0,0,0,0,0,0,0,0,0,0,0,0,0,0,0,0,0,0,0,0,0,0,0,0,0,0,0,0,0,0,0,0,0,0,0,0,0,0,0,0,0,0,0,0,0,0,0,0,0,0,0,0,0,0,0,0,0,0,0,0,0,0,0,0,0,0,0,0,0,0,0,0,0,0,0,0,0,0,0,0,0,0,0,0,0,0,0,0,0,0,0,0,0,0,0,0,0,0,0,0,0,0,0,0,0,0,0,0,0,0,0,0,0,0,0,0,0,0,0,0,0,0.000514212841003934,0.0156233692810291,0.0341495805549775,0.0577919471063034,0.0803117319696194,0.092363452672723,0.101100612416343,0.10810130378626,0.12085573142076,0.134709262187966,0.148970980075674,0.161797142788656,0.171214563835878,0.174630307966984,0.175075959570247,0.176207062283679,0.177919983643022,0.179760105284767,0.18128940639463,0.182875527051045,0.18486408068504,0.187372986463202,0.188879954558162,0.189653106606971,0.188796032726249,0.191601565253205,0.19823095203692,0.210162842368411,0.220047202003828,0.222962970843163,0.2259780311242,0.226226756385752,0.225274468216315,0.223481318094008,0.220202545299177,0.216160642994708,0.216601030838597,0.215000568240846,0.210938724026531,0.205192396578101,0.199601276510796,0.194334667376905,0.189867804578421,0.184982302856295,0.177484618412688,0.167979987115817,0.167857675319023,0.174446037090838,0.190870910860839,0.192678954833676,0.192127754342856,0.193258923595153,0.193434050534814,0.193360550451809,0.192461558114886,0.190881775611935,0.194187332943746,0.202594357081349,0.21115400866642,0.22014089689857,0.232093869822353,0.255990242139756,0.266765039502397,0.269981855093682,0.270315394892387,0.2692287477114,0.272511836602049,0.276622938895468,0.282587386037568,0.289725053026727,0.296699895156927,0.304388431856696,0.314696399699768
"x45",0,0,0,0,0,0,0,0,0,0,0,0,0,0,0,0,0,0,0,0,0,0,0,0,0,0,0,0,0,0,0,0,0,0,0,0,0,0,0,0,0,0,0,0,0,0,0,0,0,0,0,0,0,0,0,0,0,0,0,0,0,0,0,0,0,0,0,0,0,0,0,0,0,0,0,0,0,0,0,0,0,0,0,0,0,0,0,0,0,0,0,0,0,0,0,0,0,0,0,0,0,0,0,0,0,0,0,0,0,0,0,0,0,0,0,0,0,0,0,0,0,0,0,0,0,0,0,0,0,0,0,0,0,0,0,0,0,0,0,0,0,0,0,0,0,0,0,0,0,0,0,0,0,0,0,0,0,0,0,0,0,0,-0.00309626574211453,-0.0119093940596726,-0.022467468487502,-0.0327066211972971,-0.0394898575843574,-0.045026391101386,-0.0531866517572224,-0.060894939771889,-0.0685918703241432,-0.0773414357453127,-0.0873540280921417,-0.0981596271470291,-0.111424125285966,-0.124371597437588,-0.138165889477521,-0.155763627324095,-0.171142707985295,-0.18029175412854,-0.187557841792188,-0.196032036015033,-0.201389750038083,-0.205532116324581,-0.209539074971903,-0.213096381355404,-0.215263731123892,-0.217146393757302,-0.220773705203805,-0.225258885813769,-0.229279946046175,-0.23292346580747,-0.238010311564247,-0.24228442021061,-0.244502798844554,-0.238224355564087,-0.228531020814618,-0.218314254666633,-0.188204609697713,-0.168595449830179,-0.155986270973807,-0.139803641183273,-0.128597280351946,-0.116919587969565,-0.111594879431827,-0.111464490823565,-0.111612161725419,-0.111525022194541,-0.111213532909903,-0.109986900430779,-0.109605275322264,-0.104243562784918,-0.0992587711393396,-0.0940701805199912,-0.0902109358194455,-0.072335945910995,-0.0686998674544816,-0.065006795912909,-0.0386313563794805,-0.0286823763664258,-0.0210034799060208,-0.0213511085391621,-0.022463657698662,0,0,0,0,0,0.00293314718760328,0.0242088021732777,0.0454713774235092,0.0699521492656117,0.0884419091626035,0.0947893296013185,0.0979087955655734,0.0999443546418059,0.100951812291058,0.10339154009918,0.105872522581624,0.112651119685169
"x46",0,0,0,0,0,0,0,0,0,0,0,0,0,0,0,0,0,0,0,0,0,0,0,0,0,0,0,0,0,0,0,0,0,0,0,0,0,0,0,0,0,0,0,0,0,0,0,0,0,0,0,0,0,0,0,0,0,0,0,0,0,0,0,0,0,0,0,0,0,0,0,0,0,0,0,0,0,0,0,0,0,0,0,0,0,0,0,0,0,0,0,0,0,0,0,0,0,0,0,0,0,0,0,0,0,0,0,0,0,0,0,0,0,0,0,0,0,0,0,0,0,0.00294715525812755,0.00878167567538219,0.0131497772311308,0.0176957204323274,0.0206313430545964,0.0237198147482187,0.0248276919916845,0.0269956020926254,0.0288172465569623,0.0310065274441613,0.0349327012974579,0.038354618552702,0.0424975136805765,0.0467653372011752,0.0516347842917765,0.0568840686389548,0.0635914415631792,0.0731008760804781,0.0823512293119053,0.0904573075928567,0.0973953733263882,0.104317399532447,0.110882354142085,0.114657335980642,0.119625133569255,0.123460517073065,0.126907377752462,0.130474554452524,0.131965661053918,0.131669274137945,0.130500420130483,0.128809469756109,0.127574912427662,0.126882145760072,0.128517214027986,0.133609888152139,0.13901352215272,0.145031680060202,0.148266507735474,0.148140072769755,0.146580099830497,0.147599391452334,0.149057448079407,0.155605232813068,0.16538822939821,0.175021167114063,0.183305481317067,0.185776170912781,0.186510707557257,0.185581413776133,0.185450888298971,0.184523987812254,0.186594312479408,0.192861493791967,0.197576865418492,0.201438147423291,0.203733261969719,0.206543671449525,0.207857866769202,0.210538851188796,0.217209937286519,0.22334481824344,0.226502117137795,0.229030880899895,0.231289129648599,0.23037396324512,0.228330459760034,0.2253999537978,0.223358621942663,0.223876435618443,0.227282156116721,0.231809792211558,0.229428413847362,0.215385429305992,0.210940191017405,0.211083229601731,0.210753580866673,0.21200213562004,0.214506555827892,0.221736650067384,0.227707600998645,0.229332486152106,0.216238397420239,0.199743206777177,0.187309641184126,0.176527745076577,0.166643122698076,0.157020691642798,0.1446336914958,0.131626296089215,0.120244803266528,0.11803762673695,0.113144866440367,0.108064302419761,0.100686607365197,0.0949309042689444,0.0882490875660381,0.068705565630747,0.0608245436663895,0.0524397581636552,0.051772216010516,0.0490687072421707,0.0268592720633154,0.0166824006986133,0.0102270449840694,0.00341708290611508,0,0,0,0,0,0,0,0,0,-0.00133462288583305,-0.00548711986266669,-0.00975987826688234,-0.0192738300688196
"x47",0,0,0,0,0,0,0,0,0,0,0,0,0,0,0,0,0,0,0,0,0,0,0,0,0,0,0,0,0,0,0,0,0,0,0,0,0,0,0,0,0,0,0,0,0,0,0,0,0,0,0,0,0,0,0,0,0,0,0,0,0,0.00630223193171937,0.0134726859472912,0.0203709926002631,0.0269546104261783,0.0332007802593589,0.0392109205100539,0.0449942862874077,0.0505590000819294,0.0558910352063647,0.0613607418621218,0.0673098559860088,0.0754166963393485,0.0810995483818114,0.085856931028152,0.0896062031694897,0.0921684096678188,0.0943137505727112,0.0957855137193614,0.0967042692798843,0.0971671480795614,0.0980739437952061,0.0983889308592738,0.0988265759939024,0.0980167391707,0.0980446349142812,0.0986945518751991,0.100500637738018,0.100660631119218,0.0996277601956397,0.098732840482219,0.0979501242164317,0.0972044855243824,0.0955729685953003,0.0940420060445003,0.0947627510669263,0.096636105837482,0.0988407727770316,0.0980643939928996,0.0959581494012783,0.0927001044299602,0.0915348929328579,0.0916501735097643,0.091948868038191,0.0921646481252825,0.0922987440838022,0.0928737188771725,0.094060972547729,0.0946101618634513,0.0949318020039815,0.0957429320958905,0.0977976280069287,0.100011276764372,0.102593763207826,0.105539835273829,0.108774153924381,0.109868921856131,0.110083331714541,0.11103952012654,0.112055651789981,0.112749166813802,0.11090062233298,0.106553107028245,0.103191416283381,0.101527043487705,0.103009781694522,0.104680468127204,0.110033582051444,0.118791845366814,0.128288964958066,0.135280419155704,0.13936143724467,0.144726475084605,0.149446057526569,0.152784976573041,0.154701431940748,0.156131886798299,0.158350880849713,0.158595550181127,0.158737752545277,0.16032167645902,0.162479893819459,0.164828146015865,0.167299952856599,0.172522656901179,0.176312972982879,0.17991046257428,0.185149870212811,0.190943614749201,0.196300032838852,0.205093224834819,0.217523426425331,0.23162539743261,0.242322306990599,0.251385748522112,0.258633137651181,0.26446963707217,0.269969148535746,0.275333077296216,0.282658464563,0.289954376963784,0.29497859597732,0.299029431594991,0.301714943463436,0.300153369182695,0.293103458053899,0.286786240731018,0.281310976629395,0.281459909587502,0.28182425262641,0.282013363944138,0.281992205486925,0.277932515191964,0.269866251892291,0.262192493999961,0.257191365034189,0.252600522079487,0.253285226665755,0.254850749132118,0.25729796233837,0.259187110628931,0.259235983399136,0.259016609009814,0.25912536032838,0.259155282900835,0.259003822416999,0.261340656606234,0.264782620873972,0.26912938320429,0.273770958577851,0.276888729381512,0.275426550573351,0.273524942986984,0.281766400473873,0.29672033524209,0.295060627528421,0.284970251186302,0.274544166496986,0.263006976640747,0.254142884898957,0.242259387860532,0.230347267904163,0.222841249381459,0.23054634325024,0.244612672969286,0.253943112452912,0.261088706029588,0.26714603389456,0.272983295809028,0.279528673147851,0.284642826598455,0.287205261088278,0.281676502114323,0.279151248201717,0.276086268538856,0.273747313642782,0.274681429814999,0.274484122612299,0.278769227007955,0.27748557803422,0.277840422183276,0.274585380957988,0.274459152633796,0.285044421823431,0.286367849854618,0.286570276879853,0.28775474831815,0.288267352367317,0.293086007915239,0.291218458070184,0.283562759331543,0.275101423451812,0.269254712926625,0.266191859899145,0.266364104232993,0.26864028792976,0.27214436912133,0.276873704408898,0.282112627699684,0.293084258108485
"x48",0,0,0,0,0,0,0,0,0,0,0,0,0,0,0,0,0,0,0,0,0,0,0,0,0,0,0,0,0,0,0,0,0,0,0,0,0,0,0,0,0,0,0,0,0,0,0,0,0,0,0,0,0,0,0,0,0,0,0,0,0,0,0,0,0,0,0,0,0,0,0,0,0,0,0,0,0,0,0,0,0,0,0,0,0,0,0,0,0,0,0,0,0,0,0,0,0,0,0,0,0,0,0,0,0,0,0,0,0,0,0,0,0,0,0,0,0,0,0,0,0,0,0,0,0,0,0,-0.00513189135006199,-0.0229520571405387,-0.041346645820192,-0.0567047018108113,-0.0719155629441596,-0.0870167860325556,-0.100742278104606,-0.113435922286079,-0.124791578598575,-0.135618881056604,-0.148579770427559,-0.157948939688177,-0.166334658398279,-0.176887103333784,-0.188343525342828,-0.198449049802947,-0.208299015810226,-0.218492514755316,-0.228650801126195,-0.236912179558967,-0.245517221449584,-0.25561671781107,-0.265206416524292,-0.277583725411354,-0.2950313386265,-0.314722491210213,-0.329414917264612,-0.344233743769978,-0.358729513162915,-0.376464798275808,-0.393650105890846,-0.411866076461576,-0.429104272372789,-0.449038749602999,-0.465371922807016,-0.481265712136552,-0.492787487666986,-0.502986721283931,-0.511613451082442,-0.520403003368086,-0.526219460424413,-0.535342084025324,-0.544793007549098,-0.55407292924629,-0.562168267963424,-0.56474265455192,-0.565078142246802,-0.567487437391929,-0.573994612346798,-0.57909874968374,-0.585959702124227,-0.593169682649928,-0.597857467634794,-0.603080812103398,-0.60928957690196,-0.615153337559756,-0.619385097546684,-0.623066584372722,-0.626217956424627,-0.627845790747053,-0.629373274698304,-0.631432181447277,-0.633173664881547,-0.636256887145785,-0.638532196758242,-0.643556079447049,-0.660836529650143,-0.685122934818196,-0.697226456415231,-0.699499320890951,-0.700919300741388,-0.709139944931934,-0.717519545190778,-0.721700530696843,-0.725345496637447,-0.731151028102459,-0.752639231171396,-0.773578600668306,-0.7891805540907,-0.802622216522863,-0.814810303500049,-0.825870843645309,-0.834471134505956,-0.840590394993647,-0.85162411679474,-0.856906899831247,-0.863687653122696,-0.870861099379815,-0.887259318770682,-0.902056400809407,-0.915510103490803,-0.933813073007364,-0.941738279923696,-0.950163779026624,-0.956692124020323,-0.967643023833567,-0.987419304094515,-0.994720815434406,-0.999194112392555,-1.00388391210472,-1.01013621455762,-1.02989606948595,-1.04475222670697,-1.05513048175988,-1.06407615028957,-1.07447300692614,-1.08284939065768,-1.09166782989698,-1.10236246831179,-1.11409240971849,-1.12385446621836,-1.13375786495933,-1.14581950633768
"x49",0,0,0,0,0,0,0,0,0,0,0,0,0,0,0,0,0,0,0,0,0,0,0,0,0,0,0,0,0,0,0,0,0,0,0,0,0,0,0,0,0,0,0,0,0,0,0,0,0,0,0,0,0,0,0,0,0,0,0,0,0,0,0,0,0,0,0,0,0,0,0,0,0,0,0,0,0,0,0,0,0,0,0,0,0,0,0,0,0,0,0,0,0,0,0,0,0,0.00138572927494032,0.0161086433549585,0.0328174106449533,0.0500623593581869,0.0660533046777116,0.0792060787958794,0.0907815886956556,0.101531708382602,0.110953513597151,0.119597718182087,0.127457194317844,0.135820201798193,0.143890612372542,0.149174238648603,0.153641297418087,0.15856264456294,0.161582469904666,0.163805919592998,0.165594249199928,0.169424747369167,0.17240138299778,0.176154265098918,0.180681412318964,0.185200907246412,0.190399998080507,0.195612711689957,0.199005104197244,0.201436077278624,0.20091120020248,0.199485666894953,0.200891430845968,0.209760339966109,0.219995758170964,0.229850829390401,0.240965130560716,0.251397013514863,0.260271597065636,0.265662290527014,0.271660583556522,0.278195826102186,0.286170180176555,0.28988735540302,0.291143228781596,0.290614783587329,0.292211652335488,0.29393103548048,0.294958268112724,0.294411561574938,0.294519446362302,0.293815887969024,0.290368383174864,0.286386566338986,0.284320957249747,0.285314232524171,0.289811140592545,0.297602511070263,0.303048886988367,0.309256283992725,0.316553149641288,0.328711737924302,0.340957102496485,0.355271630822704,0.367461418629256,0.386283000139619,0.407731207704785,0.427862580774367,0.442136996886136,0.456045304929283,0.469602222592654,0.47836775192137,0.48420977137814,0.488821094456932,0.491988044201536,0.491117946643795,0.487358102668138,0.491985455922172,0.498497318990935,0.504693311666515,0.512922596178059,0.521060644127198,0.523912908268956,0.526441668242864,0.525600666309778,0.524605117754293,0.525179513688456,0.528756686473106,0.530398306088929,0.532228862069156,0.534605019174591,0.537044101308429,0.538919908026987,0.540945659879144,0.542039674986046,0.542620313503335,0.54207387650863,0.545653663038788,0.559447650297852,0.580508498832932,0.596570567199035,0.60994442684986,0.623807345439049,0.649912945792355,0.670414542126157,0.684045194992635,0.690075394670667,0.695526893694817,0.69983719598001,0.702527362202464,0.70918608059764,0.716832877281571,0.723778763762,0.729441663363832,0.731683992020069,0.732762430324248,0.742194089584306,0.74594262037679,0.748077644366099,0.75170719695845,0.764918383275075,0.781648613455168,0.800529091569455,0.838399129940465,0.854980670161247,0.869929003072583,0.880553608288861,0.891440815817995,0.909680359425275,0.915415967086235,0.915849942344005,0.915488063696349,0.915450497565264,0.913871418112177,0.903527554656663,0.895256403906947,0.886403878841756,0.88268963063551,0.88324190556118,0.885563615544622,0.888273853707312,0.891130681939392,0.893572293584844,0.895872249431101,0.897211326064495
"x50",0,0,0,0,0,0,0,0,0,0,0,0,0,0,0,0,0,0,0,0,0,0,0,0,0,0,0,0,0,0,0,0,0,0,0,0,0,0,0,0,0,0,0,0,0,0,0,0,0,0,0,0,0,0,0,0,0,0,0,0,0,0,0,0,0,0,0,0,0,0,0,0,0,0,0,0,0,0,0,0,0,0,0,0,0,0,0,0,0,0,0,0,0,0,0,-0.00622066471998859,-0.0181263890155736,-0.0321083873297004,-0.054213905239174,-0.0763073564773501,-0.0972148254924236,-0.11895866911983,-0.138892927948204,-0.155445305824886,-0.170507346785965,-0.185272756415244,-0.199583604832037,-0.213679437240018,-0.22731630914986,-0.240694740280403,-0.2527397004585,-0.262107344908412,-0.271198859272852,-0.279705685411128,-0.290317068681491,-0.300561413773578,-0.311658091384169,-0.322345528091188,-0.334210088352863,-0.34563777029929,-0.356756873309224,-0.367905477172491,-0.37860529283226,-0.387987323713664,-0.397201384556022,-0.403885090272069,-0.409303872756188,-0.415852697782753,-0.422588401455967,-0.429437408654387,-0.435068335199709,-0.440242212937052,-0.44555784824471,-0.450911310603378,-0.454525238868289,-0.458961797375313,-0.463721614265127,-0.468811832045149,-0.472084301468097,-0.473447253318138,-0.471371786988162,-0.469429747371614,-0.472448836642713,-0.475685976881716,-0.477605825261474,-0.479009071417712,-0.478891182765788,-0.477989213693296,-0.471293178359014,-0.461762706734325,-0.455645317095994,-0.450712553669081,-0.444631181840615,-0.436313629924684,-0.426202334495058,-0.418291342724893,-0.413609187234468,-0.410151399555269,-0.40725992036764,-0.404900344941392,-0.402065448290477,-0.404621603470896,-0.406245490486957,-0.401912980547511,-0.396527953767222,-0.386266949660101,-0.373373037370512,-0.359960768503611,-0.344229965832249,-0.326397199732318,-0.301841064608457,-0.275402865425939,-0.259790405629666,-0.248544515732721,-0.236260537380124,-0.222254912435325,-0.20524726155984,-0.182341559623187,-0.161718380715513,-0.145624957652547,-0.12952016199595,-0.111563213325952,-0.100314940491692,-0.0864330154643841,-0.0731002544363408,-0.0619249999519631,-0.0613634572067959,-0.0609567712235713,-0.0550774788089196,-0.0477251432819401,-0.0383484430397286,-0.0249606981320174,-0.00912885555486617,0,0,0,0,0,0,0,0,0,0,0,0,0,0,0,0,0,0,0.00038040322930549,0.0170031250137711,0.0301386184159621,0.0429579669076567,0.0535772813095244,0.0563197156999645,0.0570345535030752,0.0480885330040463,0.0440686275921611,0.0409016975607298,0.0396683955013156,0.0387506166805443,0.0273296594381762,0.0320735418725438,0.0408689125600927,0.0490096842536329,0.0582779897617406,0.0754794593062804,0.0926892785594581,0.106895607004846,0.118878633313874,0.131512745167659,0.138170400037399,0.14285010541946,0.144228419390439,0.14221528676293,0.141307102617835,0.141273363356646,0.141319858961441
"x51",0,0,0,0,0,0,0,0,0,0,0,0,0,0,0,0,0,0,0,0,0,0,0,0,0,0,0,0,0,0,0,0,0,0,0,0,0,0,0,0,0,0,0,0,0,0,0,0,0,0,0,0,0,0,0,0,0,0,0,0,0,0,0,0,0,0,0,0,0,0,0,0,0,0,0,0,0,0,0,0,0,0,0,0,0,0,0,0,0,0,0,0,0,0,0,0,0,0,0,0,0,0,0,0,0,0,0,0,0,0,0,0,0,0,0,0,0,0,0,0,0,0,0,0,0,0,0,0,0,0,0,0,0,0,0,0,0,0,0,0,0,0,0,0,0,0,0,0,-0.00838469922247395,-0.0212159122959703,-0.0303648930749398,-0.0387499192676754,-0.0513302145096285,-0.0648464821442855,-0.0786817895812604,-0.093034964748232,-0.10688593237365,-0.11925689827036,-0.130391431988918,-0.138079421137885,-0.144646181196016,-0.148286750730111,-0.151380757026586,-0.160737939126063,-0.170706580475717,-0.186052407707163,-0.206607860904494,-0.226515601407562,-0.247191450945709,-0.267621892176073,-0.295073679696924,-0.325104777365789,-0.346205394533862,-0.365533713879347,-0.383768036605662,-0.402583657540702,-0.425825779009902,-0.449991666649352,-0.471103495170255,-0.484175894886022,-0.497450122276654,-0.509302552854859,-0.516166051213471,-0.523248932945664,-0.529708122361375,-0.535090624663071,-0.537497593063995,-0.54072740374574,-0.551501515218852,-0.563807464041299,-0.577762528963384,-0.594219543216425,-0.611600616586888,-0.625316236005988,-0.630093520511652,-0.634269740441194,-0.638055935362594,-0.641987545951065,-0.650577664591005,-0.65585621251494,-0.665810598798992,-0.678305466085172,-0.691339162718653,-0.708142143358216,-0.719595975161138,-0.723895660739915,-0.727245157475,-0.730823727950356,-0.734613382205268,-0.737719161658278,-0.739966247677734,-0.740752341212318,-0.758515943840336,-0.771946371618573,-0.787382147985679,-0.809631425860219,-0.816183371488037,-0.819291706320308,-0.804838880100843,-0.80155468991115,-0.798517981819562,-0.795799257692182,-0.791078494635149,-0.775947382139046,-0.777597488962136,-0.786666681161969,-0.796261376601425,-0.807350329482768,-0.829642962754702,-0.854290052509937,-0.874550110296526,-0.897494715250251,-0.919628141654466,-0.928077199622619,-0.931411805531422,-0.931010868942321,-0.92766989048066,-0.925861464410096,-0.925092253812366,-0.924091029952344
"x52",0,0,0,0,0,0,0,0,0,0,0,0,0,0,0,0,0,0,0,0,0,0,0,0,0,0,0,0,0,0,0,0,0,0,0,0,0,0,0,0,0,0,0,0,0,0,0,0,0,0,0,0,0,0,0,0,0,0,0,0,0,0,0,0,0,0,0,0,0,0,0,0,0,0,0,0,0,0,0,0,0,0,0,0,0,0,0,0,0,0,0,0,0,0,0,0,0,0,0,0,0,0,0,0,0,0,0,0,0,0,0,0,0,0,0,0,0,0,0,0,0,0,0,0,0,0,0,0,0,0,0.00219041266888417,0.00993570840866903,0.0155239453087088,0.0185424081561575,0.0201840432646895,0.0230355096135275,0.0266287888228969,0.0318921549900654,0.0386240044533672,0.0434999240763359,0.0446167133007195,0.0445595246846243,0.0462670231398144,0.046939488711438,0.0480971790620622,0.0494950544941457,0.0495705848461877,0.0503477661898315,0.0542188109491976,0.0608391675164973,0.0668917461522161,0.0733056933169842,0.0833774586746755,0.0940701476077411,0.102710497319223,0.111270037837381,0.121175608474908,0.130388613539226,0.138654076037339,0.142687324696502,0.148518361696891,0.151678265588449,0.153809565988506,0.15532802251472,0.160534647088479,0.168301944431781,0.178245455071932,0.185897774996553,0.19131761218486,0.194915490473084,0.200860338972457,0.207211527442438,0.206540417095499,0.205801855414692,0.206423504114381,0.207349375027632,0.207788163376115,0.205598795382877,0.205473014925337,0.210475758620271,0.218954909504235,0.22719853644558,0.232081672116751,0.234774144561607,0.236638792515737,0.239069859059463,0.241301341055134,0.243101623045982,0.240542747956316,0.236318650630961,0.234496654016734,0.236878949536,0.241968410239881,0.258886883051004,0.284826941283208,0.306177934106634,0.321245533210168,0.33603751262506,0.370417162725432,0.395466950402789,0.413411178644398,0.436199273070573,0.456609497095989,0.496041980123205,0.522012916399264,0.534724897085817,0.545918881760081,0.556722283408857,0.567261286801702,0.578076930301238,0.589721254417651,0.622241509338165,0.65472798610314,0.683541274946323,0.712305473829558,0.763058967829599,0.787532709857074,0.813361910230887,0.85759313839639,0.880269221131798,0.900230132291565,0.912933667663446,0.930660496335998,0.978623080863694,1.00079623568958,1.0179486685467,1.03293682800164,1.04867699097112,1.08676971138965,1.14492193128517,1.20153854504401,1.25982396620889,1.31177880752383,1.33758830993165,1.35386430778429,1.36834675387055,1.38310440034776,1.39541707190633,1.40745341630289,1.42275485308455
"x53",0,0,0,0,0,0,0,0,0,0,0,0,0,0,0,0,0,0,0,0,0,0,0,0,0,0,0,0,0,0,0,0,0,0,0,0,0,0,0,0,0,0,0,0,0,0,0,0,0,0,0,0,0,0,0,0,0,0,0,0,0,0,0,0,0,0,0,0,0,0,0,0,0,0,0,0,0,0,0,0,0,0,0,0,0,0,0,0,0,0,0,0,0,0,0,0,7.12450271337279e-05,0.00663281146371223,0.0149574437278371,0.0228585156137071,0.028567546663428,0.0357103342256608,0.0422483399669063,0.0470642519842065,0.0499544900520706,0.0528805133276368,0.0560200765574748,0.0595160334841311,0.0626942645024522,0.0658448982124921,0.0697862640279028,0.0729969754226525,0.0760947786931853,0.0825526129723886,0.0934833312537216,0.10489220048301,0.114608690339386,0.122857614097195,0.129859610073371,0.136386049930846,0.143111582009591,0.150047532848211,0.156702824800059,0.162015630278167,0.166972412799429,0.170346757774294,0.173388368057937,0.176640393439703,0.178552875072807,0.179707828874447,0.178874725052416,0.172458380496848,0.168957734471543,0.170979282805294,0.174614555475128,0.176065864865414,0.177085009577053,0.174944917596068,0.168993238696798,0.164519300241932,0.165131680927648,0.168070499564068,0.17262797077526,0.178791452498407,0.184103722257033,0.188872992413071,0.192420040134628,0.193383622102748,0.195502573324284,0.198844854754329,0.200593257768261,0.202518489373781,0.203358862148724,0.201675885363504,0.203070214938134,0.203185078541062,0.200238770826917,0.197343846708275,0.194599227551563,0.194986059976147,0.190828418473131,0.187602280535322,0.185507927938247,0.188030704311983,0.18850872403417,0.188515107623333,0.187038849573099,0.187134153759916,0.18870726487487,0.193716815759554,0.20167472962376,0.209559143904448,0.218189702918242,0.227593484983524,0.236645435447163,0.24681222360481,0.259252649447107,0.273833793178812,0.285456324688159,0.2874926988618,0.291485059722477,0.294630325945383,0.29313671094505,0.292895967888938,0.292846723361901,0.290935557267388,0.286833935011854,0.283860262973178,0.289112471998761,0.296446036195936,0.303096292378923,0.309322576395096,0.311450698647496,0.299939429615545,0.27154808053283,0.240780372745591,0.213188313840925,0.185077824016804,0.130883260117572,0.0949681697356469,0.0756777942623746,0.0530315934150779,0.0361248021274932,0.00905080529624815,0,0,0,0,0,0,-0.000380723486232082,-0.0295464676731465,-0.0541137163439901,-0.0819666308811899,-0.112989532865384,-0.175734649349998,-0.207823857481338,-0.243046534994082,-0.318701029117052,-0.353460748114254,-0.382668107213212,-0.400052274468423,-0.420279343771094,-0.483427137386465,-0.51124196805345,-0.528701124712454,-0.543186512939498,-0.560919437167587,-0.601935126884933,-0.660013858134687,-0.71640449647625,-0.773073825596776,-0.822857044208305,-0.853298531718039,-0.876007081533489,-0.896290628458202,-0.914271446779938,-0.930154011851713,-0.945253866663266,-0.964378820510734
"x54",0,0,0,0,0,0,0,0,0,0,0,0,0,0,0,0,0,0,0,0,0,0,0,0,0,0,0,0,0,0,0,0,0,0,0,0,0,0,0,0,0,0,0,0,0,0,0,0,0,0,0,0,0,0,0,0,0,0,0,0,0,0,0,0,0,0,0,0,0,0,0,0,0,0,0,0,0,0,0,0,0,0,0.00654115251853685,0.0137636114532465,0.0214942648020153,0.0295425967806444,0.0372235901492629,0.0471836308325963,0.0554461214381915,0.0627525697008743,0.0700048017693453,0.0773080286134464,0.0842324201458628,0.090248600447242,0.0960948764900311,0.103693666075337,0.113322005357601,0.116164195318805,0.115243353499492,0.114442890795752,0.11588607539079,0.119209876492909,0.123557305475088,0.134267409186538,0.148189786274174,0.162739788541054,0.176728462110596,0.189576706850062,0.201741589759592,0.212432545527239,0.220832444371337,0.22951360422044,0.237565509351263,0.24433205373673,0.244538411437533,0.242332031505793,0.240950815801002,0.239526478701291,0.239366471340563,0.24001323760257,0.239784665658135,0.238542007619719,0.237684847926195,0.239162648537583,0.239751714746586,0.242526057319453,0.24530513688856,0.247738292204114,0.250535716138918,0.25237285757987,0.25639433580291,0.263849173407145,0.270462189966592,0.273415351742283,0.272434098263033,0.268786762837165,0.264236657343939,0.258804739103211,0.252728530731122,0.247514747623768,0.242390119776882,0.234468210987976,0.229923778103097,0.227241835767002,0.22426864513376,0.221161262272679,0.219758738960591,0.218875179506883,0.220138910570885,0.219399486918468,0.215173066319795,0.20926339018483,0.206145023720218,0.207386226058316,0.20643578690703,0.205428954232447,0.20320981054117,0.201353561640029,0.199221726163122,0.19716302032034,0.195699589310825,0.190907023699192,0.183717064941677,0.179343043541579,0.175975296719331,0.175950134490098,0.18096721247073,0.18877979534965,0.192991400168158,0.192486131779628,0.193387771427031,0.198315894536866,0.203395086570684,0.207108098859832,0.210014061773997,0.20705686811157,0.201175513378056,0.198989423443936,0.195736397193694,0.195590858040804,0.195384714628548,0.198648167114243,0.205973520868099,0.213948392006791,0.221551373756228,0.229459544103865,0.235983354425678,0.242111545162939,0.246557870300879,0.251323145108995,0.255551385230897,0.258802646367766,0.260809461435447,0.261319448617887,0.264060028300995,0.271475827351171,0.282579451269213,0.294703329590169,0.32951509583547,0.348813596824169,0.35392420943947,0.359703811278734,0.365952348798539,0.363406294306204,0.349014134650762,0.335203167120402,0.322669263237849,0.311335172144859,0.301676675007075,0.295933576735634,0.293223302082238,0.309847922205593,0.337714245203006,0.36511876934242,0.394574886288317,0.443615653852386,0.467664046085168,0.491507528748511,0.535114826427011,0.551819179753637,0.561678450661115,0.565621079502387,0.56722891566671,0.587080032111025,0.605535564363467,0.620397561812712,0.633570684163143,0.648919305659426,0.676263623156141,0.708076493581105,0.739013477339606,0.76984159130131,0.796611378490588,0.809705988781724,0.816757537263622,0.819433425361438,0.816682814987546,0.814992274075159,0.81305491936036,0.812794770572607
"x55",0,0,0,0,0,0,0,0,0,0,0,0,0,0,0,0,0,0,0,0,0,0,0,0,0,0,0,0,0,0,0,0,0,0,0,0,0,0,0,0,0,0,0,0,0,0,0,0,0,0,0,0,0,0,0,0,0,0,0,0,0,0,0,0,0,0,0,0,0,0,0,0,0,0,0,0,0,0,0,0,0,0,0,0,0,0,0,0,0,0,0,0,0,0,0,0,0,0,0,0,0,0,0,-0.010964716912991,-0.0233481688363512,-0.0345143985035072,-0.0453831999625131,-0.0561510110460172,-0.0665877317039197,-0.0759613443848064,-0.0845369459026315,-0.092958344828081,-0.100970714016097,-0.107913415755643,-0.110508646345201,-0.110976875835657,-0.110478255454999,-0.109174490384658,-0.107499683845559,-0.106416771044705,-0.105009578183091,-0.102822959231408,-0.0999774074777853,-0.0974894231502763,-0.0951973393075684,-0.0928429460518355,-0.0895286446574543,-0.0839740424138859,-0.0806691066966388,-0.0782394289375954,-0.0808582755134436,-0.0882994554210763,-0.0957581336475028,-0.102664408075789,-0.106605536823846,-0.107966761445695,-0.109638808378692,-0.110269634957963,-0.110613702743266,-0.11107804155132,-0.112354602345339,-0.113824646022916,-0.120405452268605,-0.12787270921313,-0.132031058907701,-0.136764545244481,-0.140667151769369,-0.141763739868367,-0.145147778278199,-0.149677952105123,-0.150671717154786,-0.147548217116186,-0.14819111715392,-0.150674096250628,-0.152293582544889,-0.152261532286862,-0.149838039693527,-0.148149479245415,-0.147326055626262,-0.149314936732684,-0.155065658222045,-0.159333958481152,-0.161539020801846,-0.1676230198932,-0.176722397876139,-0.187388547057417,-0.19939356176047,-0.211357283852485,-0.21938144063307,-0.224487265902393,-0.229330084051687,-0.234835747512847,-0.244519849944018,-0.25401486572428,-0.262998199056789,-0.270467888932394,-0.279226720597571,-0.292115234005285,-0.30325954439789,-0.315287191646562,-0.328324935563718,-0.343008287823809,-0.357325321320426,-0.373918493732634,-0.39038733864289,-0.407323358447118,-0.422802227923958,-0.437312885772964,-0.450675703130138,-0.463218356823339,-0.474348520179195,-0.483745952629739,-0.492535279857727,-0.502396894090918,-0.51452956825784,-0.518682329971588,-0.524818866370894,-0.532073327564367,-0.552901279138242,-0.562639140776053,-0.556523780052488,-0.542526131270582,-0.531304855001328,-0.50959904496292,-0.489478451658781,-0.478383584454481,-0.469573300663114,-0.46124230077255,-0.452622034514304,-0.445700650519014,-0.443459399851168,-0.452588820297297,-0.46603191614569,-0.475104432421486,-0.486075557069602,-0.503638310860467,-0.52674378996871,-0.554299673194584,-0.605286733014915,-0.622644922170225,-0.632779704261257,-0.63490816817564,-0.634745554353491,-0.644985302856381,-0.657411515178469,-0.661119163828645,-0.664937971687224,-0.667536538998996,-0.665102170588625,-0.652723816305392,-0.644008250746268,-0.631168974487848,-0.623336791149102,-0.621846902772748,-0.620561511177825,-0.617693833848441,-0.6132138186251,-0.608948733536811,-0.604486744813807,-0.601118001857347
"x56",0,0,0,0,0,0,0,0,0,0,0,0,0,0,0,0,0,0,0,0,0,0,0,0,0,0,0,0,0,0,0,0,0,0,0,0,0,0,0,0,0,0,0,0,0,0,0,0,0,0,0,0,0,0,0,0,0,0,0,0,0,0,0,0,0,0,0,0,0,0,0,0,-0.00898118908138964,-0.0193358655701172,-0.0290231571131666,-0.0380094979606279,-0.0460813168560904,-0.0529049889764471,-0.059180874923132,-0.0658086039078324,-0.0721230789584323,-0.0773208513239741,-0.0863421054261291,-0.0953444328070022,-0.105118607006186,-0.113559302540039,-0.121040722095303,-0.130357364879399,-0.138728292605335,-0.146731407224647,-0.154377783030217,-0.162995603437487,-0.170997490814322,-0.177955185203927,-0.184675874149311,-0.191205371687454,-0.197622028531584,-0.20255927580766,-0.205806433982952,-0.210375974762444,-0.216629781201062,-0.223358764103155,-0.230693135685666,-0.238774993186651,-0.25666048108831,-0.275232524613948,-0.293644854493838,-0.311610294556335,-0.328237278553405,-0.343985071967278,-0.357366139110097,-0.369451930190654,-0.380986553831523,-0.394066566174977,-0.40875499715868,-0.424652269648045,-0.442949316169312,-0.462221568800706,-0.480783369689578,-0.49854369940083,-0.515199710574281,-0.530828380684256,-0.546143851124872,-0.562838175007991,-0.577930597090665,-0.594188510931343,-0.610815587527719,-0.628911250853302,-0.646315179462112,-0.663056213765674,-0.674819317538147,-0.6826320058431,-0.688951909852138,-0.693393892380907,-0.698070030903772,-0.702500732119332,-0.705259040000041,-0.707476662113193,-0.711875448271416,-0.715934955769812,-0.720965396950261,-0.725452759728567,-0.730565632116931,-0.73703030040981,-0.745988232829325,-0.753399942026408,-0.759651441513482,-0.766405066293371,-0.770030220267797,-0.772226884891629,-0.776529567542047,-0.788319405247567,-0.794377129751952,-0.79998607049572,-0.807592705101338,-0.808270097025045,-0.805579019376012,-0.802819472154588,-0.799427052015565,-0.797409014600707,-0.793923462225773,-0.789863362855314,-0.786070995289051,-0.7830007898014,-0.777311914767821,-0.769316084678243,-0.759918368050585,-0.75388757660491,-0.74810620384987,-0.744349393249623,-0.743124184013534,-0.74115720218564,-0.738165387949114,-0.736088046258374,-0.736429670783908,-0.735841510658775,-0.736829673892341,-0.741430931200454,-0.745756284030903,-0.7515152752201,-0.757935457943357,-0.766591419034139,-0.776175611780719,-0.784507818012622,-0.792217530691798,-0.799255400193101,-0.801583801095709,-0.804174959117384,-0.809376036493364,-0.815090844456005,-0.823585103069231,-0.833563914057197,-0.841015292025012,-0.847819981455951,-0.856182725905406,-0.856648863325857,-0.855884650084758,-0.854308649088169,-0.857994136094652,-0.865081892283787,-0.875573281657311,-0.890662685908325,-0.907427040293988,-0.94623191178173,-0.989127721668954,-1.0211459220592,-1.05203448624216,-1.08123405507717,-1.11022761554123,-1.14371391405908,-1.17749533086488,-1.21544578621851,-1.24457613238444,-1.26781030500313,-1.28062229993573,-1.28570247909832,-1.28763636409595,-1.28927863079123,-1.29446271809772,-1.30071963626512,-1.31314078193051,-1.32682943834921,-1.34976308913876,-1.39502397041599,-1.41308532784648,-1.42859215056823,-1.43996655021416,-1.44921581340604,-1.46132485816042,-1.49771714043676,-1.53215351454393,-1.56973607687172,-1.60130954592185,-1.61487214276535,-1.62383546454847,-1.63328296404335,-1.64523564966367,-1.65672226118302,-1.66807046255928,-1.68289045330153
"x57",0,0,0,0,0,0,0,0,0,0,0,0,0,0,0,0,0,0,0,0,0,0,0,0,0,0,0,0,0,0,0,0,0,0,0,0,0,0,0,0,0,0,0,0,0,0,0,0,0,0,0,0,0,0,0,0,0,0,0,0,0,0,0,0,0,0,0,0,0,0,0,0,0,0,0,0,0,0,0,0,0,0,0,0,0,0,0,0,0,0,0,0,0,0,0,0,0,0,0,0,0,0,0,0.00789587698785922,0.0275654805222162,0.0460591707257268,0.0640358175099829,0.0814994685924155,0.097932613303054,0.113622160845783,0.127675513495762,0.140623521521461,0.152874652658973,0.165603036237458,0.178455285663792,0.191191154136103,0.204376671678276,0.217312499291622,0.229143246541653,0.239362114151698,0.248452753807036,0.256615966518726,0.263888690954654,0.272000131222911,0.279718120058317,0.288901423122155,0.298139959748385,0.306951327855288,0.317234853862816,0.328169321168567,0.337505910091762,0.346510017264872,0.35308377547741,0.357066704336765,0.366812197533008,0.37841953616226,0.389488857219008,0.402611852559423,0.417551009374246,0.43102319702219,0.444149360827326,0.45726124776156,0.473624582506774,0.489397537884451,0.50454776317269,0.519020109339356,0.532905799301696,0.543864733864965,0.551959180308121,0.559344458925632,0.567128997180661,0.577725879438298,0.584510204306933,0.592423550986814,0.601875384011058,0.605287889135312,0.606989692397858,0.608996862167746,0.612016055745669,0.617653943311569,0.62928150696592,0.640959164236389,0.651977863595283,0.665764455435551,0.677439402513751,0.688775187445072,0.701036629319219,0.714617263954125,0.727001474998237,0.740094628455304,0.757125130934855,0.772742963734492,0.787506445509547,0.804380231733911,0.820743680161265,0.836631410740675,0.857164777116172,0.878653810269776,0.896389382246267,0.908910493263697,0.919024423230736,0.931018485092259,0.951748114017535,0.972150989743767,0.991734641386137,1.01163548799642,1.02879400100989,1.04595266376625,1.07044638068609,1.09528473783223,1.12138165107989,1.14318253669026,1.16468851871911,1.19339163181718,1.22743801354357,1.25541899926412,1.28386362441066,1.3126795091959,1.36499925969736,1.40323656438232,1.4333292143087,1.46669062403207,1.49871902701167,1.54902291062104,1.60051527633531,1.63986991573254,1.68006913634752,1.71796255544349,1.75500530801256,1.79556092086278,1.83645317649499,1.88849383839777,1.93502263615074,1.97568663785053,2.01052048631262,2.05971167205955,2.08906789211351,2.11797320604394,2.16122031784258,2.18538224129046,2.21342598335876,2.23366282370483,2.26044838846788,2.32367635936,2.35420360294115,2.37914443457728,2.39907186255868,2.41969860179268,2.45023957180552,2.50101517842903,2.54722825122112,2.5989577051457,2.64509981359752,2.66817009789321,2.68488776019094,2.70024638489011,2.71456640486865,2.72894717268149,2.74354772978543,2.76199858514392
"x58",0,0,0,0,0,0,0,0,0,0,0,0,0,0,0,0,0,0,0,0,0,0,0,0,0,0,0,0,0,0,0,0,0,0,0,0,0,0,0,0,0,0,0,0,0,0,0,0,0,0,0,0,0,0,0,0,0,0,0,0,0,0,0,0,0,0,0,0,0,0,0,0,0,0,0,0,0,0,0,0,0,0,0,0,0,0,0,0,0,0,0,0,0,0,0,0,0,0,0,0,0,0,0,0,0,0,0,0,0,0,0,0,0,0,0,0,0,0,0,0,0,0,0,0,0,0,0,0,0,0,0,0,0,0,0,0,0,0,0,0,0,0,0,0,0,0,0,0,0,0,0,0,0,0,0,0,0,0,0,0,0,0,0,0,0,-3.26625173190275e-05,-0.00603856291362834,-0.0174764479666396,-0.0320158027697312,-0.0472848961879856,-0.0683078466482253,-0.0896150407671166,-0.104026455336147,-0.118738285430114,-0.12949030762982,-0.1403541946449,-0.151974762935449,-0.160049132176606,-0.164201098436698,-0.158689595184583,-0.149203400324037,-0.137967401715613,-0.135366938132079,-0.131204432560527,-0.126540572673663,-0.122943347410494,-0.125741827318927,-0.130246680386609,-0.144846239574942,-0.161011131904085,-0.177692195619765,-0.188610731680764,-0.199705036552981,-0.22003339668382,-0.243789312328888,-0.266953745946024,-0.285892961967066,-0.305601463152684,-0.344486340146386,-0.370541228478121,-0.393873633290051,-0.426335901980886,-0.45934039949823,-0.511601163622545,-0.55880074473597,-0.58678729306267,-0.613839913857278,-0.639490797279606,-0.665221532266724,-0.691731337685518,-0.714588112771875,-0.737731968335196,-0.762753916783711,-0.788590437327778,-0.814169258766674,-0.860406693852953,-0.873203888487604,-0.88032484501658,-0.875021254514643,-0.877720137734886,-0.885156171018733,-0.88671700757509,-0.887966538263959,-0.904927846426255,-0.913953597697078,-0.928523628843559,-0.941574626524601,-0.959471124079632,-0.990809998121131,-1.02909102233005,-1.05961667261271,-1.09877342413695,-1.13346522564205,-1.14514970427914,-1.15116907578075,-1.15623485643608,-1.1578333265948,-1.16077897371876,-1.16455459847798,-1.17008232061171
"x59",0,0,0,0,0,0,0,0,0,0,0,0,0,0,0,0,0,0,0,0,0,0,0,0,0,0,0,0,0,0,0,0,0,0,0,0,0,0,0,0,0,0,0,0,0,0,0,0,0,0,0,0,0,0,0,0,0,0,0,0,0,0,0,0,0,0,0,0,0,0,0,0,0,0,0,0,0,0,0,0,0,0,0,0,0,0,0,0,0,0,0,0,0,0,0,0,0,0,0,0,0,0,0,0,0,0,0,0,0,0,0,0,0,0,0,0,0,0,0,0,0,0,0,0,0,0,0,0,0,0,0,0,0,0,-0.0139853175390513,-0.0317323962153396,-0.0491496631676907,-0.0682307019778232,-0.0864207500530722,-0.103078715576086,-0.117364473317048,-0.130522684950451,-0.145330951252094,-0.158942808426738,-0.171908534814591,-0.184713745107503,-0.19718448308836,-0.206435825021849,-0.21405208398223,-0.220671128362229,-0.225539014407765,-0.227260233793673,-0.22885389809432,-0.229647200828088,-0.229531096080545,-0.230477203216097,-0.232515900402589,-0.234517985180029,-0.235662553389,-0.236500423883884,-0.240524933815191,-0.246360274573946,-0.253453341478473,-0.265279017535203,-0.276869034847687,-0.290930270573292,-0.306045579779995,-0.313653701928522,-0.317850125538688,-0.320845542389938,-0.321078823442775,-0.322137865160202,-0.324909580310365,-0.330130758962333,-0.339035510157931,-0.348396461662243,-0.361467332142036,-0.376156787065771,-0.391099325339059,-0.40891406787735,-0.430154627318173,-0.454314551360578,-0.474338207563975,-0.493914702088817,-0.513132253632808,-0.531559173628077,-0.543714278206215,-0.553462980136101,-0.558162852379631,-0.561261875916964,-0.564117538898391,-0.569482327366063,-0.576806629075161,-0.577666003211077,-0.568416769974906,-0.56562468758248,-0.568949936596662,-0.572176154893422,-0.57770014712757,-0.581453281329029,-0.585720006307458,-0.583270616504196,-0.572623483768176,-0.542455341490106,-0.508423785611033,-0.482513281212558,-0.456529474523445,-0.432173398061571,-0.40844511295668,-0.383687565383644,-0.361607105338805,-0.344306800159813,-0.339449408357304,-0.33148256287583,-0.325748059649457,-0.32182517798583,-0.324387641205449,-0.329609800580079,-0.349370103859133,-0.359825605714159,-0.364112032029057,-0.36903561540161,-0.370709176967499,-0.366329307200275,-0.366603942428935,-0.363805871132149,-0.358466818559038,-0.352445907639844,-0.349955927729128,-0.348800624934066,-0.350788191806615,-0.349264197912327,-0.350297239569313,-0.355272871828266,-0.36111884117994,-0.364345317017075,-0.368560406923903,-0.373324951095915,-0.378108817690294,-0.382751056471661
"x60",0,0,0,0,0,0,0,0,0,0,0,0,0,0,0,0,0,0,0,0,0,0,0,0,0,0,0,0,0,0,0,0,0,0,0,0,0,0,0,0,0,0,0,0,0,0,0,0,0,0,0,0,0,0,0,0,0,0,0,0,0,0,0,0,0,0,0,0,0,0,0,0,0,0,0,0,0,0,0,0,0,0,0,0,0,0,0,0,0,0.00323820600347064,0.00673864355449237,0.0102478280494343,0.0141322853594795,0.0175033761223737,0.0207847192637834,0.0244020285041033,0.0268714473449809,0.0285802442823752,0.0329620158879496,0.0404316902816574,0.044790591911315,0.0480206918461313,0.051964454467812,0.0535745346771433,0.0521194669860419,0.0494562581700675,0.0472101568143201,0.0446643210338747,0.0421588396364414,0.0398621942947583,0.036608104299372,0.033719099381099,0.0318147131665771,0.0310840801938677,0.0277257885752844,0.0244890971512114,0.0182338820652587,0.0102218072148144,0.00121312361065141,0,0,0,0,0,0,0,0,0,0,0,0,0,0,0,0,0,0,0,0,0,0,0,0,0,0,0,0,0,0,0,-0.00284854724422269,-0.0136046663868877,-0.0242472577551201,-0.0348573704273408,-0.0453238386728303,-0.0543341362682433,-0.0632166839162959,-0.0714083730685833,-0.0812483665761294,-0.0924401539665818,-0.105248172676294,-0.116460913958403,-0.12713104084572,-0.138487520064777,-0.145090622801819,-0.150800630592885,-0.158759740797659,-0.166550530640957,-0.180430511249685,-0.198940575095043,-0.222443128903736,-0.245069675403932,-0.265222070380173,-0.282352441437464,-0.298668216361628,-0.314272992853749,-0.332240354730457,-0.351167702891241,-0.367367260296597,-0.376313872871921,-0.379818970194264,-0.377245372660841,-0.37563151018871,-0.375672495670136,-0.375844512019121,-0.376525463163575,-0.379620222927297,-0.383582497349807,-0.394965931410527,-0.40823833255975,-0.423551097064684,-0.438235714495415,-0.453255053181812,-0.469896386006513,-0.490031575307749,-0.508227667101752,-0.525994861263402,-0.543586025748936,-0.552196799414088,-0.560323057063577,-0.571675315052048,-0.58398808186365,-0.601550839629139,-0.637578098797474,-0.677556437573735,-0.710901104579013,-0.743836396547805,-0.774749265283773,-0.804565050129391,-0.833750037682271,-0.860205177569749,-0.888063800655468,-0.903798452260249,-0.921739947090287,-0.938832566387241,-0.956693125621317,-0.967318981772388,-0.977108407517484,-0.976628186751202,-0.978905343752862,-0.987902803300339,-0.998217467211303,-1.01559029438071,-1.04362351903653,-1.05757944186642,-1.07005835181426,-1.08379025412516,-1.0975089496911,-1.10693431188674,-1.11426235170888,-1.1131162595733,-1.11490518827916,-1.11330753845273,-1.11657105145496,-1.1214854519596,-1.12787365419618,-1.13729826023062,-1.1458449423731,-1.15488241004746,-1.16699683054438
"x61",0,0,0,0,0,0,0,0,0,0,0,0,0,0,0,0,0,0,0,0,0,0,0,0,0,0,0,0,0,0,0,0,0,0,0,0,0,0,0,0,0,0,0,0,0,0,0,0,0,0,0,0,0,0,0,0,0,0,0,0,0,0,0,0,0,0,0,0,0,0,0,0,0,0,0,0,0,0,0,0,0,0,0,0,0.00572929128024451,0.0113570349999596,0.0159570010809497,0.0192074393224967,0.0222200062797713,0.0224449080137574,0.0220406048024256,0.019822177899887,0.0167967475299983,0.0143222156544365,0.0118828677159758,0.00904746552419117,0.00716628880765365,0.00587644566682769,0.00330417537800668,2.68059689493309e-05,0,0,0,0,0,0,0,0,0,0,0,0,0,0.000386135916802529,0.00803951457700136,0.0156682901570038,0.0291577812361564,0.0429688224441147,0.0558873228617844,0.0636713695303597,0.0705626580170109,0.0772083965207427,0.0834175858565939,0.0871629598884168,0.0890966418700994,0.0890145866875328,0.0894377903119072,0.0918298101209611,0.0935685594029026,0.0940914900038985,0.0918871770124525,0.08732528774396,0.0836168914160402,0.0813041309182019,0.0855381722615446,0.0907800914023339,0.0948834152228308,0.0975778587931918,0.0977028472417004,0.0991647336180421,0.101726581871826,0.103580970181021,0.105147066086438,0.106926038938052,0.110458191092824,0.113018748984744,0.114722213653219,0.120704426526083,0.126338102792722,0.131755438505146,0.139794572105986,0.154115783035698,0.169914312226223,0.182093178543394,0.194263124664306,0.207952680670024,0.223214840659493,0.237002451477042,0.252918014534165,0.271210956894726,0.292484074284343,0.31279793053769,0.332586674143712,0.35166611090957,0.368725533950668,0.384788772267277,0.39822013817031,0.406919403411176,0.416899777732873,0.427506970511884,0.439868885400313,0.45262444871993,0.468596260907003,0.48379854098169,0.502313256351474,0.518698178615795,0.531450329583213,0.543738847604561,0.553314897690478,0.555676758389996,0.556856985865635,0.559521772066121,0.56008414904902,0.563484622719016,0.567058801590923,0.570340956442782,0.571093834268584,0.571967860569279,0.578344352679264,0.585435553518017,0.594013418352705,0.603836110909529,0.613658177747205,0.616544655746258,0.617494101388427,0.623495444278821,0.63276107914938,0.6414816511769,0.629958001219696,0.624128192591543,0.626801811519547,0.628635720634797,0.633889451206778,0.637193266402851,0.646832298916897,0.660106953524748,0.674323618285615,0.687750779094617,0.701421155646961,0.713989758360731,0.723805152544639,0.728403359315263,0.730915286328167,0.736493757865678,0.742323492839734,0.740021714826196,0.74060936867979,0.739739856067378,0.722541152331108,0.717919595565113,0.717929615440194,0.728935810516918,0.745172721049557,0.74536412953975,0.747352808345649,0.750511271264525,0.753114201230293,0.754017041269398,0.745965483028529,0.732040983128144,0.715920428086298,0.700460242863729,0.684364969433927,0.679045090533896,0.676904247810831,0.676921518317042,0.68107909813997,0.68578361802711,0.690465632639902,0.692215437893954
"x62",0,0,0,0,0,0,0,0,0,0,0,0,0,0,0,0,0,0,0,0,0,0,0,0,0,0,0,0,0,0,0,0,0,0,0,0,0,0,0,0,0,0,0,0,0,0,0,0,0,0,0,0,0,0,0,0,0,0,0,0,0,0,0,0,0,0,0,0,0,0,0,0,0.000669711969599373,0.0117343273902002,0.022523476345928,0.0331711834059136,0.0436272958399481,0.0545741062423152,0.0655312285784434,0.0760008256634583,0.0864146813445811,0.0959263549522218,0.104752800499246,0.11249564125069,0.115046752841336,0.11742661087237,0.120265392790528,0.123654314714209,0.128147646707225,0.13346529466958,0.138972355342887,0.145380618925208,0.151719504751342,0.157853001645374,0.163738694652592,0.169524382423176,0.175504925045549,0.183270369877039,0.188737659935672,0.191901304185504,0.192729736332608,0.192476799666758,0.190572365609927,0.188667405448975,0.187778473421048,0.187717814272746,0.187402171873047,0.186711000173043,0.185040487164586,0.183645116892482,0.18399338747465,0.184174150941969,0.183775268812589,0.183154981629147,0.177519956188519,0.171498609960713,0.164153819817504,0.159753064650058,0.156474858504554,0.15223503979559,0.147940827242114,0.143643358780458,0.13955841599506,0.137303634500698,0.136742251266515,0.137145139102832,0.136605753220268,0.133435751552333,0.13455799093565,0.136509261667058,0.140084652854617,0.145027577297594,0.14899860734159,0.151875736134344,0.155941984738932,0.161120774018721,0.167158206214185,0.175395389988128,0.187965829195637,0.199392539948003,0.210499210028169,0.22285286029902,0.237295815463681,0.250682512846619,0.25889930732913,0.268745266731181,0.277899031155299,0.281835882813531,0.287847004129978,0.293261260502834,0.297240157615834,0.296596761594593,0.294809324685535,0.295810812859936,0.29744917768173,0.297818191934653,0.297287088746003,0.29848740929856,0.298567571308296,0.297238433687764,0.295120334401852,0.293701157759775,0.292967828231947,0.296318705520978,0.297634188614286,0.299957030281032,0.308751327649193,0.319946399946051,0.335849365759596,0.357377435600268,0.38025862308596,0.400341949855491,0.413786727602209,0.426156259091773,0.435978380253889,0.447673223082172,0.466513686241879,0.487302958166188,0.508112281352514,0.530124631297553,0.549605405673136,0.561576849704949,0.571757093291173,0.57948038168986,0.586747788888104,0.594404983363406,0.604477805883912,0.614104128514566,0.623104623442919,0.632282074051345,0.641829516831604,0.65197220191894,0.663179232236996,0.679245329372347,0.695821080488195,0.706327003633038,0.714750152365577,0.723297636178984,0.739079040321661,0.752230115386143,0.770135211440899,0.792664189525219,0.810664341022402,0.846232018234182,0.876579789554028,0.893941369770795,0.908036845343232,0.921442450874887,0.933266064402878,0.945666173560297,0.959465878441071,0.974455283661333,0.984107133600338,0.991704686572854,0.995094615787934,0.994616668523465,0.992931293700172,0.992115041773254,0.990922910671613,0.995960120099322,1.00312139231032,1.00093357463693,0.996344764907461,1.01343464798446,1.02423615208053,1.03336935106734,1.04146889708236,1.05067602857369,1.06384581203193,1.09451214373709,1.12429778726478,1.15436777461628,1.17939668700229,1.19455336156802,1.20951135256654,1.22232692696417,1.23433974655823,1.24499991626882,1.25605577303456,1.27342281228865
"x63",0,0,0,0,0,0,0,0,0,0,0,0,0,0,0,0,0,0,0,0,0,0,0,0,0,0,0,0,0,0,0,0,0,0,0,0,0,0,0,0,0,0,0,0,0,0,0,0,0,0,0,0,0,0,0,0,0,0,0,0,0,0,0,0,0,0,0,0,0,0,0,0,0,0,0,0,0,0,0,0,0,0,0,0,0,0,0,0,0,0,0,0,0,0,0,0,0,0,0,0,0,0,0,0,0,0,0,0,0,0,0,0,0,0,0,0,0,0,0,0,0,0,0,0,0,0,0,0,0,0,0,0,0,0,0,0,0,0,0,0,0,0,0,0,0,0,0,0,0,0,0,0,0,0,0,0,0,0,0,0,0,0,0,0,0,0,0,0,0,0,0,0,0,0,0,0,0,0,0,0,0,0,0,0,0,0,0,0,0,0,0,0,0,0,0,0,0,0,0,0,-0.00950082655949854,-0.0274142050953757,-0.0442908011674323,-0.0733831269500217,-0.095779374466441,-0.104813879101832,-0.111316170241569,-0.117817761429082,-0.124344230644216,-0.132495866577983,-0.140596577146263,-0.141373962125879,-0.14488014674131,-0.149311002092241,-0.152276391069203,-0.148942658080141,-0.144232586765133,-0.138082624231493,-0.12341984612796,-0.124633903826018,-0.126421503630768,-0.126601348005451,-0.122815093499908,-0.120333168157465,-0.124923541436409,-0.131360984524761,-0.132993041376811,-0.135073011387742,-0.138194659070569,-0.15596526879164,-0.180617192627001,-0.207638449341337,-0.230651242938647,-0.242836504009495,-0.252634989346294,-0.259707925821774,-0.265224012739021,-0.27213605553796,-0.278943501524018,-0.286608516752569
"x64",0,0,0,0,0,0,0,0,0,0,0,0,0,0,0,0,0,0,0,0,0,0,0,0,0,0,0,0,0,0,0,0,0,0,0,0,0,0,0,0,0,0,0,0,0,0,0,0,0,0,0,0,0,0,0,0,0,0,0,0,0,0,0,0,0,0,0,0,0,0,0,0,0,0,0,0,0,0,0,0,0,0,0,0,0,0,0,0,0,0,0,0,0,0,0,0,0,0,0,0,0,0,0,0,0,0,0,0,0,0,0,0,0,0,0,0,-0.00382892301738755,-0.0136346724650741,-0.0236816893587696,-0.0328408301159696,-0.0423307266806633,-0.0513356512940956,-0.0597026921643567,-0.0678770970394771,-0.0755312220540883,-0.0829511871256278,-0.0907676479085911,-0.0995024080556866,-0.10921562717513,-0.117191644344548,-0.125969197461925,-0.133844348086055,-0.140147845083398,-0.145336168403603,-0.149226195673805,-0.152489496653483,-0.155347330787221,-0.15799293543786,-0.162938815548676,-0.167470418152083,-0.172560297434256,-0.179763079399541,-0.188697862225779,-0.198199990580604,-0.204407302251012,-0.211016542938024,-0.218695285035876,-0.226084860541665,-0.235475017720299,-0.242159483993356,-0.249105062111303,-0.25298788335568,-0.25749296884114,-0.263722460792144,-0.269274532322824,-0.277242778537436,-0.286571369911481,-0.29640935362479,-0.305892735293921,-0.313293319937261,-0.320195111282328,-0.330842271717766,-0.339637716065887,-0.348407366385747,-0.353604092633035,-0.357342834579549,-0.364106169779941,-0.368525619473434,-0.375583156161504,-0.382924291895882,-0.38703848392229,-0.392220303014083,-0.40000455224683,-0.406705903984711,-0.41196090385568,-0.417000831368383,-0.422621195301072,-0.428530613525818,-0.435203796389141,-0.444101888051636,-0.447530732517725,-0.443294710029027,-0.437818727462497,-0.433523209152348,-0.42983088498216,-0.425670003810321,-0.426769481516574,-0.428797703362903,-0.428777979085475,-0.429061568013021,-0.427164876678565,-0.425310985584703,-0.424564626335658,-0.422615209951216,-0.419531203367355,-0.418059426571781,-0.416051962642136,-0.41398118215819,-0.395283860398065,-0.381420970291271,-0.36860120425874,-0.351397952295845,-0.332843795189894,-0.303451196332846,-0.276857677718389,-0.260924233248397,-0.245323905836758,-0.23037649794564,-0.215009164918087,-0.196380791043239,-0.176864500475348,-0.154161244368501,-0.128274339532835,-0.108130291116459,-0.0947641469051127,-0.0841644577577159,-0.0845241817700413,-0.0850801082008827,-0.0796084988150745,-0.0746335520925573,-0.0661801902348048,-0.0561213426056026,-0.0434911754126507,-0.0222256993540694,-0.0101814622003764,0,0,0,0,0.0186224232792185,0.0434776936788875,0.0704767861956009,0.0955264479160338,0.10235709941423,0.1083217772172,0.113369706427264,0.119167724479371,0.126895642099325,0.134656316250171,0.1451566230377
"x65",0,0,0,0,0,0,0,0,0,0,0,0,0,0,0,0,0,0,0,0,0,0,0,0,0,0,0,0,0,0,0,0,0,0,0,0,0,0,0,0,0,0,0,0,0,0,0,0,0,0,0,0,0,0,0,0,0,0,0,0,0,0,0,0,0,0,0,0,0,0,0,0,0,0,0,0,0,0,0,0,0,0,0,0,0,0,0,0,0,0,0,0,0,0,0,0,0,0,0,0,0,0,0,0,0,0,0,0.0014461662709621,0.0040967914084171,0.00644804902753106,0.00916295030776951,0.0119138036606015,0.0144612779244847,0.0143445430491322,0.0153502792384228,0.0172775385697896,0.0234515769074159,0.0357883992145418,0.047869870913105,0.0582025084111351,0.0689798833371,0.0797890273536669,0.0902094305139503,0.100033025167688,0.109127686909117,0.117657327636781,0.126544213078464,0.13517421216733,0.143124597168451,0.150902393529137,0.167485358087001,0.180316670431755,0.192696648422047,0.206538799782792,0.220194011948746,0.233292461721709,0.246087785365051,0.257551297244966,0.271347506037005,0.283913270967826,0.29544140277446,0.308333847030317,0.320750575628232,0.334274161524988,0.342739495396009,0.35206227296596,0.363557047998217,0.374325901735503,0.384410505200068,0.389859013834585,0.398014148907773,0.402452491704493,0.405738955797495,0.409641145129909,0.412077993496609,0.418568730308513,0.429718272432966,0.440862433796762,0.451129715704041,0.459111653776845,0.467679533396454,0.481023845518046,0.492187233723784,0.504109973660988,0.510430792865995,0.515739561160525,0.524152234973248,0.527776004498765,0.535723349082769,0.544593216399373,0.544209516891333,0.5410736574171,0.547410665580745,0.554097907504093,0.558501587301191,0.563204461941296,0.572476380919845,0.579887782477588,0.588400293958418,0.597838418322745,0.601659365802609,0.596630732055577,0.588573807159744,0.583698898269461,0.579952051538236,0.57585377010431,0.578074612098188,0.580976794228077,0.583361626115506,0.586554239462853,0.586631695536023,0.584219448906062,0.582476934269708,0.579095900841272,0.576003760650813,0.576942637201986,0.580647631387092,0.58482060728923,0.569814203757443,0.558687679706165,0.556362868098539,0.551080192479865,0.540815622208429,0.519954219693834,0.499786488297998,0.485535954804168,0.47030108443395,0.455842631056982,0.440346791352245,0.419550986061111,0.39673902341766,0.361845156125889,0.323433212566567,0.292103843844107,0.267518692791585,0.239784457429176,0.237296017091283,0.236777811659414,0.232372394839004,0.233966885133876,0.232078446308867,0.225951174216783,0.211028497549524,0.181460514138401,0.165817574978443,0.150569987552506,0.141643509816161,0.133634575483153,0.11682702006924,0.0861553889174164,0.0567137721926968,0.0261103426206953,0,0,0,0,0,0,0,-0.00262956445448721
"x66",0,0,0,0,0,0,0,0,0,0,0,0,0,0,0,0,0,0,0,0,0,0,0,0,0,0,0,0,0,0,0,0,0,0,0,0,0,0,0,0,0,0,0,0,0,0,0,0,0,0,0,0,0,0,0,0,0,0,0,0,0,0,0,0,0,0,0,0,0,0,0,0,0,0,0,0,0,0,0,0,0,0,0,0,0,0,0,0,0,0,0,0,0,0,0,0,0,0,0,0,0,0,0,0,0,0,0,0,0,0,0,0,0,0,0,0,0,0,0,0,0,0,0,0,0,0,0,0,0,-0.00102134649255531,-0.0142941993397949,-0.0241860303215122,-0.0343338774948984,-0.047285656204141,-0.0587771289409378,-0.0698666833953805,-0.0812100690868259,-0.0910148885558074,-0.104386383927138,-0.117875627753484,-0.131178074224205,-0.144226135555366,-0.155789669053175,-0.167873148080633,-0.177746170200023,-0.188014735062991,-0.197419385204657,-0.207051616092491,-0.215240456488883,-0.221076901285744,-0.228673638802379,-0.235715329334539,-0.241978687766754,-0.248772257734569,-0.253775928875654,-0.260562781797944,-0.271065388960659,-0.280976838023739,-0.292178093982654,-0.305923537618031,-0.319894967872248,-0.333944666156566,-0.347233722428294,-0.362099738724427,-0.372766617165935,-0.382373029297488,-0.39211341126898,-0.400411458980913,-0.40765342675135,-0.413413788683105,-0.409520566464536,-0.40178111530183,-0.406970073083799,-0.413592954491527,-0.418723098003155,-0.421292418606385,-0.427313490061996,-0.437708994282894,-0.447196654591978,-0.456188671914729,-0.464389788627633,-0.470864718226327,-0.47274626626616,-0.476420697875643,-0.480436460452971,-0.485418110219739,-0.495473885838765,-0.504776177064192,-0.514018905531736,-0.523837105093526,-0.532894000983029,-0.539946060470777,-0.545295238311789,-0.550741566247973,-0.561028652658715,-0.564108690979201,-0.572121592057055,-0.580774680487324,-0.588619948745923,-0.593708063580684,-0.599982757787817,-0.605462261015349,-0.610132356757922,-0.611052020304749,-0.615813353944701,-0.620714718182262,-0.627635742468003,-0.634219900455835,-0.639670920001853,-0.643170366157259,-0.646678749525529,-0.651085191369768,-0.650894166469216,-0.647982905399179,-0.642781593139169,-0.63114672408139,-0.638620449065411,-0.650289109138515,-0.670868021461,-0.681552461966469,-0.691733655645123,-0.696720946929497,-0.695845516013802,-0.704182210840407,-0.709333528369965,-0.70500862673301,-0.698716465228722,-0.690012290658462,-0.664109861825983,-0.641148784135816,-0.622904338012857,-0.60366850320475,-0.592006750804485,-0.590328367790354,-0.59081118385918,-0.593217548643565,-0.599127360108226,-0.606129080012121,-0.612829120255506,-0.618772448206249
"x67",0,0,0,0,0,0,0,0,0,0,0,0,0,0,0,0,0,0,0,0,0,0,0,0,0,0,0,0,0,0,0,0,0,0,0,0,0,0,0,0,0,0,0,0,0,0,0,0,0,0,0,0,0,0,0,0,0,0,0,0,0,0,0,0,0,0,0,0,0,0,0,0,0,0,0,0,0,0,0,0,0,0,0,0,0,0,0,0,0,0,0,0,0,0,0,0,0,0,0,0,0,0,0,0,0,0,0,0,0,0,0,0,0,0,0,0,0,0,0,0,0,0,0,0,0,0,0,0,0,0,0,0,0,0,0,0,0,0,0,0,0,0,0,0,0,0,0,0,0,0,0,0,0,0,0,0,0,0,0.00354101997758114,0.0138757125820881,0.0248541436931599,0.0334459055648757,0.0429532826033753,0.0489512819148035,0.0513608887097596,0.0536250869463449,0.0570643651173889,0.0611349104648485,0.0619227877503289,0.0602970423198733,0.0560614566263147,0.0531066884659481,0.0557312552702456,0.0587337797059804,0.0592601866958553,0.0573988367246734,0.053991207348709,0.0547479748075352,0.0540088316206817,0.0506046245332833,0.0439715781721619,0.0347060476616688,0.0273193303776184,0.0214307587373737,0.0156998711915363,0.0109652333664327,0.0143188699872205,0.0169235765836549,0.0182361317332381,0.020215783540052,0.0217582921028201,0.0219850841490246,0.0215793581888829,0.0191830536107801,0.0197843805903087,0.0193674634380347,0.0237512441480935,0.0284479918989373,0.0343354117605851,0.0347742012765329,0.0293557702810013,0.0275439646422093,0.0267138950077312,0.013535952758725,0.0049867136985294,0,0,0,0,0,0,0,0,0,0,0,0,0,0,-0.0065573537059298,-0.0125612444648803,-0.0182239864142216,-0.0264385412569717,-0.0363104192651592,-0.0425714275799735,-0.0498175645765096,-0.0566138097236648,-0.0653295226332733,-0.0864488791693563,-0.109875830701694,-0.134030922709016,-0.158867883191689,-0.179996056433451,-0.197849555647513,-0.209798702490132,-0.217339267248412,-0.222610004764867,-0.227511914298979,-0.232401196822381,-0.240154837456366
"x68",0,0,0,0,0,0,0,0,0,0,0,0,0,0,0,0,0,0,0,0,0,0,0,0,0,0,0,0,0,0,0,0,0,0,0,0,0,0,0,0,0,0,0,0,0,0,0,0,0,0,0,0,0,0,0,0,0,0,0,0,0,0,0,0,0,0,0,0,0,0,0,0,0,0,0,0,0,0,0,0,0,0,0,0,0,0,0,0,0,0,0,0,0,0,0,0,-0.0021349046836557,-0.0136433135514642,-0.0266807093528981,-0.0382775083700626,-0.04758730089025,-0.0551166841161112,-0.0621368470951881,-0.0686448862377441,-0.0743936920502738,-0.0791512901216681,-0.0838539190618197,-0.089299409330883,-0.0948980472900341,-0.100061462329465,-0.104343555391813,-0.10801037880991,-0.111887891780516,-0.113724961527893,-0.11666382266429,-0.120385017347143,-0.126217571922021,-0.132848380727099,-0.138388458136791,-0.142883843257694,-0.147072710332171,-0.151324208853568,-0.155820456624464,-0.159601469246104,-0.162838421675359,-0.160834266552453,-0.158617942710641,-0.157025508297575,-0.156047946305282,-0.154004157094267,-0.149069572071892,-0.14742632810396,-0.14538074181645,-0.14113694793384,-0.139281843481199,-0.138593593652115,-0.137676998779512,-0.139023297843815,-0.139071755468656,-0.137972492818305,-0.134536570720148,-0.130317594746832,-0.129205712486944,-0.128084146553307,-0.124857198270075,-0.122312335418178,-0.120628818483535,-0.117881721465497,-0.116590789394035,-0.117547749416675,-0.117829378077944,-0.118046897379001,-0.119617701730845,-0.119560863078616,-0.120095455069863,-0.121090021937094,-0.122761564652706,-0.123535213290664,-0.125636136813184,-0.130500894184786,-0.138162383055555,-0.144600655259457,-0.151372549517316,-0.154986314569628,-0.15742062290185,-0.162622893509049,-0.171469759246804,-0.178556109602044,-0.187814729840527,-0.197466444639942,-0.211471647485348,-0.227129768417737,-0.236268173023373,-0.245264339293825,-0.255417183155165,-0.267712313461974,-0.279416002573239,-0.289425503156186,-0.296486511014459,-0.294953722866594,-0.289146305665578,-0.280657195001028,-0.274326726236359,-0.269040456569627,-0.263838972661243,-0.257668661343998,-0.251371568760086,-0.24539473884469,-0.244949317018052,-0.244942661640046,-0.245841275638236,-0.245680629260719,-0.248021552800084,-0.250202239158531,-0.250810162290593,-0.254804052561652,-0.258541724610187,-0.262318546615218,-0.262146447294649,-0.261388513767412,-0.260378207173104,-0.259591772914979,-0.255373121037856,-0.235602917635018,-0.220492694683801,-0.213508792036364,-0.208703556608637,-0.203899236011669,-0.199848050282776,-0.194835092516657,-0.188017467855326,-0.178061142007462,-0.171198252830783,-0.168886158336244,-0.169485388222239,-0.175931293626042,-0.170040167149784,-0.161677101169141,-0.146863167274366,-0.135042519826117,-0.126266410760891,-0.124152737059333,-0.124359887841722,-0.110034289552478,-0.0995930311023096,-0.0953942302618135,-0.0929409020152038,-0.0923664920818701,-0.101227434812636,-0.102874767461465,-0.0953332509873525,-0.0849673151988687,-0.0730836433165857,-0.0657087698246928,-0.0616209041083959,-0.061190109901192,-0.0617150423930115,-0.06095255443553,-0.0610828734300986,-0.0595495339358359
"x69",0,0,0,0,0,0,0,0,0,0,0,0,0,0,0,0,0,0,0,0,0,0,0,0,0,0,0,0,0,0,0,0,0,0,0,0,0,0,0,0,0,0,0,0,0,0,0,0,0,0,0,0,0,0,0,0,0,0,0,0,0,0,0,0,0,0,0,0,0,0,0,0,0,0,0,0,0,0,0,0,0,0,0,0,0,0,0,0,0,0,0,0,0,0,0,0,0,0,0,0,0,0,0,0,0,0,0,0,0,0,0,0,0,0,0,0,0,0,0,0,0,0,0,0,0,-0.00964072336136261,-0.0196714312658074,-0.0266563741901613,-0.0341458169858022,-0.0421355996069055,-0.0500551401799332,-0.0580360949994623,-0.0656020912647701,-0.0744655674950832,-0.0803111222980753,-0.0840072470254094,-0.0881571082584299,-0.0930918602528074,-0.0977298559862485,-0.102726778560997,-0.109484318406285,-0.115870631783988,-0.115927138882729,-0.114616339730743,-0.115782811489132,-0.116201350746476,-0.11830444246252,-0.126176502488793,-0.136106354554208,-0.142305455782048,-0.150148195720054,-0.155116891044196,-0.15989019832172,-0.166705535391754,-0.172735774403903,-0.179277744313768,-0.185581851794641,-0.192372271609359,-0.199152519621249,-0.204338313994014,-0.207162107009833,-0.208831093863517,-0.209838433208751,-0.207672458453154,-0.20467246039447,-0.200921776007913,-0.196041195815617,-0.187614138663623,-0.177971151672392,-0.166991492056277,-0.151809739106375,-0.137291864024248,-0.121886773632335,-0.102316085450253,-0.0840024049426228,-0.0643252623985208,-0.039308321179314,-0.0156658450827829,0,0,0,0,0,0,0,0,0,0.00064814149020988,0.0157615001882994,0.0316252784065418,0.0494236412509532,0.0664182696584221,0.0851066395248664,0.110417027339266,0.138279899321428,0.150537567778052,0.158913055497496,0.168163577827921,0.183652159202467,0.196088303655614,0.21159157144197,0.22311525263128,0.234276699004504,0.257440419672669,0.288651298572632,0.315001595091018,0.342761721003545,0.368795678965526,0.394011287416315,0.41957647440011,0.444825701436488,0.475522488200497,0.503243597171707,0.521492479736164,0.53505504304051,0.553478926511011,0.566477668773018,0.581389272120042,0.594296445938203,0.601141331057819,0.614534057777049,0.62697870013835,0.644443818398737,0.676860702970831,0.694061461910625,0.707136706308199,0.717024302337296,0.725406286910279,0.733019478209255,0.743215678970607,0.74848956660636,0.756327182886984,0.767587817991009,0.771697033070866,0.773121067124505,0.77617788509596,0.782809280395686,0.788576104313368,0.795254518473746,0.802195760561085
"x70",0,0,0,0,0,0,0,0,0,0,0,0,0,0,0,0,0,0,0,0,0,0,0,0,0,0,0,0,0,0,0,0,0,0,0,0,0,0,0,0,0,0,0,0,0,0,0,0,0,0,0,0,0,0,0,0,0,0,0,0,0,0,0,0,0,0,0,0,0,0,0,0,0,0,0,0,0,0,0,0,0,0,0,0,0,0,0,0,0,0,0,0,0,0,0,0,0,0.00813766169709429,0.0265614844503042,0.0439654744375616,0.0586808092413389,0.0711605556400023,0.0834694186057089,0.0967047160037997,0.110428626089463,0.123874242708777,0.135954502222738,0.146890356844521,0.157363446294257,0.16722080643644,0.175181710204445,0.183373440244456,0.192141645864778,0.199092523580236,0.206695643287777,0.213575894552082,0.222627987234809,0.231272017015885,0.239517553017426,0.246888265284023,0.253537824878118,0.260188946735294,0.266120674283415,0.269151582452554,0.271340392646022,0.277068230539383,0.283234550219559,0.287823619555674,0.292822308769154,0.298629331617539,0.307559758193067,0.320055112610757,0.330761520894589,0.342443587854309,0.351948278670921,0.359952426678764,0.368369635698901,0.377134246724428,0.383883349403343,0.391373616703309,0.400229261816142,0.409867811035868,0.417571629869924,0.424385081412837,0.430775068942205,0.437128328244299,0.445278488806195,0.457282951004779,0.47191826057884,0.48256786866349,0.491735538642283,0.497526386854442,0.502474667008406,0.50975453629495,0.516585494710855,0.527582945848612,0.540340314409052,0.552173075495303,0.563544042447429,0.571460896652759,0.580563705204055,0.592078314969363,0.600878029469111,0.608266405474231,0.613787420880397,0.617233660712853,0.621659030748623,0.618806061079082,0.616676099652163,0.610792151140697,0.603581457001475,0.600440933376674,0.59739761183805,0.59168255860772,0.587362312023559,0.584563558924986,0.577905908757492,0.570622640583127,0.565749142373894,0.565090359574096,0.561930586315532,0.558659669212341,0.554186090483682,0.55204463857965,0.550520901974585,0.548793653032682,0.546921689840141,0.544981767706993,0.537177520503144,0.528644283198411,0.518142058550404,0.507527073827031,0.50022545634892,0.488971745405447,0.472611503463676,0.471688331508657,0.475488931087188,0.479608401084162,0.472362849121298,0.461927524632559,0.449369048421855,0.43596269920232,0.418396652147659,0.379464658714278,0.333206604768438,0.295391956231595,0.257620859945369,0.221923157514612,0.186951740352657,0.148689357963956,0.109496995064066,0.0649978418967762,0.0304261858688351,0.00789638864837234,0,0,0,0,0,0,-0.0103627914167921,-0.0202720705231004,-0.0383946689847187,-0.0800694002019638,-0.0957569734483294,-0.10753737314433,-0.115338219665792,-0.119779800187615,-0.118495298885733,-0.13439142384672,-0.148499028809497,-0.166249302646379,-0.184131065043314,-0.188261394476788,-0.189033569141033,-0.191807998440023,-0.199491151896898,-0.207031412312344,-0.215048412155047,-0.227205738550227
"x71",0,0,0,0,0,0,0,0,0,0,0,0,0,0,0,0,0,0,0,0,0,0,0,0,0,0,0,0,0,0,0,0,0,0,0,0,0,0,0,0,0,0,0,0,0,0,0,0,0,0,0,0,0,0,0,0,0,0,0,0,0,0,0,0,0,0,0,0,0,0,0,-0.00316772921865541,-0.00622378017556938,-0.00985599782869831,-0.0136959164263124,-0.0181412067175674,-0.0225114354119479,-0.0260082569852421,-0.0293418881429191,-0.0322606067279644,-0.0352004030244514,-0.0382061654956076,-0.0416880702828414,-0.046715634179955,-0.0516916725420999,-0.0577096551953389,-0.0644000157966488,-0.0703677476495706,-0.0761589463867276,-0.0816360257045251,-0.0868020362723479,-0.0906562541048486,-0.0949215517143688,-0.101342255066221,-0.107479044903296,-0.112724687523699,-0.115751780153216,-0.120521794328828,-0.133194622552051,-0.145536638975118,-0.157477527964431,-0.168119774672593,-0.177825445075335,-0.188100509056714,-0.199783266622831,-0.212256809032467,-0.222846259620754,-0.231599278002737,-0.239786028476606,-0.248047843823746,-0.257622650658866,-0.268552393480982,-0.279739143486977,-0.291249573222818,-0.302806733532847,-0.312841598946931,-0.323225654688094,-0.333325934158219,-0.344129917316146,-0.35407743305429,-0.363538944605329,-0.373361033166752,-0.383018315961692,-0.391155815752238,-0.39801645275777,-0.402895552404054,-0.406910354094819,-0.410114430096731,-0.412755472392604,-0.415931395316492,-0.422440940303672,-0.429014970212236,-0.434629794111099,-0.440582112578262,-0.447040178140354,-0.452922569997137,-0.458692702668484,-0.463332338148798,-0.467820463931467,-0.472772918637372,-0.477151780299404,-0.482900172822023,-0.487798628049273,-0.493446043727775,-0.495959622165499,-0.499090301915734,-0.500510349094172,-0.503478083790082,-0.508249678938175,-0.51183713213944,-0.514167743906534,-0.517366467716676,-0.520019624468636,-0.522824873819944,-0.52570070320817,-0.531800510640779,-0.53917163704135,-0.546266861420283,-0.553380999816299,-0.558604974096855,-0.566094836295805,-0.577233721628177,-0.586957577359682,-0.597152378694282,-0.606925193620327,-0.614330798081116,-0.62072342139497,-0.625512339108856,-0.630458564011738,-0.632746239265423,-0.634217754924532,-0.638985358662293,-0.647913800374855,-0.657917564419458,-0.667360812450409,-0.678049353451907,-0.688736396651543,-0.697185156707988,-0.702986855050459,-0.702241836050443,-0.700799356394732,-0.699218371664103,-0.697165007110573,-0.696976063510788,-0.697425056135599,-0.698296460476936,-0.699904250208806,-0.701200656433029,-0.704291435435128,-0.707137991432713,-0.71334879423762,-0.722340378308613,-0.7343403334642,-0.750032950392572,-0.768643730557057,-0.78956321132901,-0.809026957359964,-0.829173782009659,-0.852389947256203,-0.867090826498667,-0.879864597008979,-0.889684379807683,-0.898497857239777,-0.913791441605541,-0.924125131688743,-0.928628396136242,-0.93356263862219,-0.938439370622958,-0.942430633999952,-0.943917665885228,-0.943927699470188,-0.948621912079476,-0.953758625205208,-0.958816364706861,-0.974217591962077,-1.00726969686053,-1.03127988841796,-1.05821156875725,-1.09050158358332,-1.11084897514243,-1.12623195945268,-1.13736021221192,-1.14598021656173,-1.16478280962318,-1.18165876209134,-1.19239982831884,-1.2023464508555,-1.21358451426124,-1.22438183664686,-1.22452357079095,-1.22552628089478,-1.22867637040738,-1.23369240833548,-1.24205139091202,-1.24820220895851,-1.25274647292109,-1.25797349458442,-1.26169001352348,-1.26540701250347,-1.26590174297549
"x72",0,0,0,0,0,0,0,0,0,0,0,0,0,0,0,0,0,0,0,0,0,0,0,0,0,0,0,0,0,0,0,0,0,0,0,0,0,0,0,0,0,0,0,0,0,0,0,0,0,0,0,0,0,0,0,0,0,0,0,0,0,0,0,0,0,0,0,0,0,0,0,0,0,0,0,0,0,0,0,0,0,0,0,0,0,0,0,0,0,0,0,0,0,0,0,0,0,0,0,0,0,0,0,0,0,0,0,0,0,0,0.00264195257507397,0.00737171913466364,0.012297286808294,0.017719687755837,0.0205200390967675,0.0215169974093609,0.0220081963273016,0.0226554090415415,0.0244313368472925,0.0267040172531325,0.0290488794739283,0.0315952109199437,0.034620047384751,0.0389836393779352,0.042990672627393,0.0458059366706792,0.0480980026583748,0.0506382002279802,0.0534437911871825,0.0555385258847745,0.0586271869917763,0.0614649461678031,0.0642081117043383,0.0658664355421652,0.0664325138891318,0.0646391214019658,0.0622991112028125,0.0583789413079757,0.0544891105431022,0.0509821755010486,0.0472570546095683,0.0437844881548894,0.0362592652163596,0.0296903759867195,0.021885974636289,0.014487953925055,0.00528023806408479,0.00070138333899413,0,0,0,0,0,0,0,0,0,0,0,0,0,0,0,0,0,0,0,0,0,0,0,0,0,0,0,0,0,0,0,0,0,0,0,0,0,0,0,0,0,0,0.00559759394664343,0.014112831362458,0.0218510350165456,0.0369345299971948,0.0612828611062253,0.0822639497542822,0.0966700212066142,0.110975252132444,0.140941871531444,0.162989599506454,0.18250126175734,0.207123157780189,0.233734239563869,0.284659785682846,0.328430121945273,0.353877782509357,0.377614912700008,0.400436722951113,0.422534976009714,0.444565803919766,0.464686232247138,0.493646635610977,0.519035194214867,0.541691565394116,0.565227589895799,0.605921718269599,0.629993542810863,0.653838898153708,0.683693189234635,0.705432783721456,0.726512692311447,0.741590678444563,0.758739602364462,0.802233254413453,0.825476139275356,0.842705029226269,0.857449157686795,0.873059961644011,0.89523739351134,0.925988958272446,0.956762729865774,0.992694293470986,1.02653989071947,1.04827168153357,1.0612180792895,1.07266802528068,1.08659012279175,1.09977740238168,1.1130040748344,1.12616045633649
"x73",0,0,0,0,0,0,0,0,0,0,0,0,0,0,0,0,0,0,0,0,0,0,0,0,0,0,0,0,0,0,0,0,0,0,0,0,0,0,0,0,0,0,0,0,0,0,0,0,0,0,0,0,0,0,0,0,0,0,0,0,0,0,0,0,0,0,0,0,0,0,0,0,0,0,0,0,0,0,0,0,0,0,0,0,0,0,0,0,0,0,0,0,0,0,0,0,0,0,0,0,0,0,0,0,0,0,0,0,0,0,0,0,0,0,0,0,0,0,0,0,0,0,0,0,0,0,0,0,0,0,0,0,0,0,0,0,0,0,0,0,0,0,0,0,0,0,0,0,0,0,0,0,0,0,0,0,0,0,0,0,0,0,0,0,0,0,0,0,0,0,0,0,0,0,0,0,0,0,-0.00147509118041447,-0.0120859089984564,-0.0231952995385356,-0.033929170967915,-0.0465603296390797,-0.0579174595801628,-0.0686545441292492,-0.0780704112189246,-0.0843167435637558,-0.0907084424404791,-0.0943336758371145,-0.0970228246340274,-0.0999193146096127,-0.101538897193791,-0.101786647157628,-0.106290812485626,-0.115093148047316,-0.117598209970595,-0.11732961448876,-0.117019374517135,-0.124209085753678,-0.12972735395124,-0.129840492013563,-0.130851267675775,-0.130773206697962,-0.137694118112305,-0.147181964709215,-0.153779352453563,-0.160878857956604,-0.167504023213101,-0.17457919822228,-0.184752188002345,-0.196859106301256,-0.215865013640359,-0.229858550621699,-0.241305956127766,-0.248555196059238,-0.257333059777151,-0.262223364650094,-0.268313298956356,-0.287927234347835,-0.296259008777091,-0.304667285197337,-0.308875235368248,-0.316502523710262,-0.346777291882682,-0.35814008316766,-0.365291959554583,-0.371940302156452,-0.376927867736454,-0.387027793407723,-0.409419884550706,-0.430260729355144,-0.450767773485562,-0.46797801712395,-0.474992743192113,-0.478954080019478,-0.48366527640031,-0.489274037582354,-0.494126157428671,-0.498783298784705,-0.505120623400175
"x74",0,0,0,0,0,0,0,0,0,0,0,0,0,0,0,0,0,0,0,0,0,0,0,0,0,0,0,0,0,0,0,0,0,0,0,0,0,0,0,0,0,0,0,0,0,0,0,0,0,0,0,0,0,0,0,0,0,0,0,0,0,0,0,0,0,0,0,0,0,0,0,0,0,0,0,0,0,0,0,0,0,0,0,0,0,0,0,0,0,0,0,0,0.00171027846199725,0.00917073970137438,0.016273131487798,0.0238255288423383,0.031984425297242,0.0406663632221845,0.050125446209746,0.0595805662890591,0.0691946249210075,0.0798835529417713,0.0903948866364779,0.0996179925288292,0.106863128764875,0.112364019317822,0.117514026011073,0.122146880849578,0.126391792070455,0.130694422723872,0.134311613053673,0.136005414387601,0.137326170322269,0.143726790410162,0.153477748458177,0.164418871847568,0.17329746016921,0.180235003882191,0.185768832801149,0.191154803902896,0.196530031719657,0.201709463783098,0.206628677951272,0.21035837390515,0.212979583463662,0.213903702812737,0.214496927262144,0.215588670733209,0.213066477148834,0.210039087488159,0.206543669742025,0.202469309734528,0.201044894280024,0.201654225364862,0.204248052942538,0.20743852034104,0.210575425837933,0.21336091582405,0.215130579364306,0.217145215929292,0.218390360564329,0.217621300374679,0.218116227747658,0.217829626711856,0.218348770656039,0.218505646186591,0.220159443842207,0.220900355664581,0.219348782855685,0.218203053415839,0.216146589182565,0.212895066036428,0.21152272580466,0.20993064145561,0.207887688739785,0.209095181775289,0.209641666494071,0.209239546683692,0.207792938557192,0.20562359046107,0.201332696803026,0.195901842972096,0.191713072919763,0.191324730974927,0.192832670718845,0.194376033781398,0.194241053974789,0.194985346715936,0.192573127956519,0.188381484077241,0.184143791800449,0.18358924280197,0.18392557330984,0.184991665672568,0.185790819653328,0.183727496682092,0.182265114394559,0.181530801680352,0.180284590077043,0.184748015760551,0.19355944678553,0.204877322730357,0.216195590520087,0.227678973234286,0.238675185262077,0.247890554823003,0.251592372090577,0.25539100684448,0.258403696185776,0.260775516465671,0.2613385022153,0.26156359208561,0.259500382964578,0.256758388206337,0.255396704869648,0.247421660657523,0.237241004958695,0.226688546752676,0.204082898628106,0.189291621587545,0.176183524228512,0.162046835178927,0.15125761591022,0.143339906798233,0.141950060598698,0.145303693095941,0.148557324911377,0.151635030537162,0.156050162600623,0.16506377662865,0.177621651434638,0.18984396803907,0.200654906455201,0.208230865364194,0.211390033815539,0.203202723358353,0.201148332237484,0.200305799700582,0.194990276030809,0.192043445933165,0.190119230506356,0.192092156281269,0.199321757665134,0.204765282769142,0.210367529332431,0.214921680383353,0.218863425169853,0.219927342052984,0.222476105165019,0.229872091004595,0.239982015137956,0.248133406210056,0.254735897203103,0.257228707963972,0.256108804051603,0.254784350879442,0.253717993274552,0.251666414738557,0.249025151871255,0.245811417384985
"x75",0,0,0,0,0,0,0,0,0,0,0,0,0,0,0,0,0,0,0,0,0,0,0,0,0,0,0,0,0,0,0,0,0,0,0,0,0,0,0,0,0,0,0,0,0,0,0,0,0,0,0,0,0,0,0,0,0,0,0,0,0,0,0,0,0,0,0,0,0,0,0,0,0,0,0,0,0,0,0,0,0,0,0,0,0,0,0,0,0,0,0,0,0,0,0,0,0,0,0,0,0,0,0,0,0,0,0,0,0,0,0,0,0,-0.00779592945785582,-0.0174435741577767,-0.028268336057281,-0.0379030205047961,-0.0458376285888176,-0.0517691619745658,-0.0573899540211451,-0.0628234895349374,-0.0679267253017608,-0.0738598671259569,-0.0801391353249956,-0.083368547693841,-0.0854610156209236,-0.0875999845253694,-0.0905287502109437,-0.0899356812670066,-0.0889928908860491,-0.0898373764943328,-0.0914710434671717,-0.0956893180246418,-0.101070074204398,-0.108469077202132,-0.115287245668591,-0.121510679954436,-0.128746077350763,-0.136743690212851,-0.14500726874238,-0.151529502894121,-0.154210107611775,-0.155100539345167,-0.155457582322014,-0.158095956409414,-0.160081210925826,-0.162182728405808,-0.16647631468773,-0.168791961427973,-0.171929560416387,-0.173973314912499,-0.178257279495428,-0.183768881242963,-0.187204296269563,-0.190882569580021,-0.195901113874222,-0.199591212774694,-0.201881644113884,-0.202763613949563,-0.202654914759367,-0.198796698655169,-0.191102559326023,-0.18469436520903,-0.180125126897632,-0.178376229339276,-0.177789777272789,-0.177185550797773,-0.177599975070583,-0.174286120724721,-0.168034276865694,-0.163370472360165,-0.161883637092693,-0.15512918881805,-0.149523124878552,-0.147638749066165,-0.143594682445532,-0.137444534877591,-0.131201270670306,-0.12568751474699,-0.124718942555311,-0.130609417553071,-0.142213289879382,-0.153939541918486,-0.162400825961615,-0.169721816128907,-0.175870117771121,-0.176674805689735,-0.177036275421463,-0.175087231415681,-0.17248650311273,-0.172195195975556,-0.173854862206232,-0.172264176722521,-0.172476863752152,-0.174495932157374,-0.172363228940985,-0.164587565178188,-0.155667166577389,-0.149878655064985,-0.149745267218173,-0.151664304644565,-0.159771108288376,-0.17211125169897,-0.202564835122753,-0.229536693753676,-0.247368074334452,-0.262698547093927,-0.277545678596458,-0.293558751835916,-0.313368807833987,-0.33427405903581,-0.361256083337093,-0.389018556579115,-0.412083916738727,-0.429826842575915,-0.448444955495603,-0.453928982546048,-0.45835936067882,-0.458401172194022,-0.462337984449447,-0.467583834478425,-0.476994733067048,-0.493782674436452,-0.522378575952595,-0.538319976749982,-0.552350939189253,-0.56255803892072,-0.571865866894447,-0.595702859931951,-0.636106733982541,-0.678437213617993,-0.722217161284316,-0.761114796933689,-0.77933847247303,-0.788567360776832,-0.796170420676828,-0.80519532137255,-0.812628688443767,-0.81940851230255,-0.826443331333908
"x76",0,0,0,0,0,0,0,0,0,0,0,0,0,0,0,0,0,0,0,0,0,0,0,0,0,0,0,0,0,0,0,0,0,0,0,0,0,0,0,0,0,0,0,0,0,0,0,0,0,0,0,0,0,0,0,0,0,0,0,0,0,0,0,0,0,0,0,0,0,0,0,0,0,0,0,0,0,0,0,0,0,0,0,0,0,0,0,0,0,0,0,0,0,0,0,0,0,0,0,0,0,-0.00428750348564371,-0.010160616266826,-0.0157993003083634,-0.0203968142311744,-0.0238032587521566,-0.0270575983454635,-0.0300622540434803,-0.032806687527159,-0.0352182546805836,-0.0389027746970406,-0.042882064636921,-0.0464732879225208,-0.0454943602641827,-0.0416394291801329,-0.0355309010542389,-0.0278448181987325,-0.0205906770268054,-0.0158139577416856,-0.0122342046298263,-0.00940784759677089,-0.00724068171214211,-0.00419600026533192,0,0,0,0,0,0,0,0,0,0,0,0,0,0,0,0,0,0,0,0,0,0,0,0,0,0,0,0,0,0,0,0,0,0,0,0,0,0,0,0,0,0,0,0,0,0,0,0,0,0,0.00226002815181766,0.00895821039475922,0.0132939160298129,0.0161618874262617,0.0148363679538791,0.0152009949544171,0.0217894081442383,0.0288621781640036,0.0360753051742459,0.0419924642475627,0.0426769923772296,0.0424831062963379,0.0422009066633857,0.0415565109436229,0.0400781446987901,0.033972841863197,0.0274116476187794,0.0239293159448227,0.0232356061921802,0.0195505985732767,0.0105842968715397,0.000113279925358563,0,0.000279294988367845,0,0.00599304548283045,0.0153296804991641,0.0286718612677611,0.0472672995397819,0.0670573830575012,0.0949224392353162,0.113528527782702,0.124929776807651,0.135376667827166,0.146056639554019,0.157088134208567,0.169409117980548,0.182559840259882,0.204324161394659,0.225928768732958,0.245814781322713,0.261579185167334,0.28016948959115,0.283621630968394,0.285968540674759,0.285472262122973,0.29318548392304,0.300488493089424,0.308800979556318,0.320475599452519,0.343672770164708,0.357934245936433,0.370896053119791,0.381277734704961,0.39126584219765,0.41076261014732,0.445077588659736,0.480187516213903,0.518366204722665,0.550655831683347,0.566380242327207,0.573504130955137,0.579283463259031,0.587574154964203,0.594476082972942,0.60070796972321,0.605279123426608
"x77",0,0,0,0,0,0,0,0,0,0,0,0,0,0,0,0,0,0,0,0,0,0,0,0,0,0,0,0,0,0,0,0,0,0,0,0,0,0,0,0,0,0,0,0,0,0,0,0,0,0,0,0,0,0,0,0,0,0,0,0,0,0,0,0,0,0,0,0,0,0,0,0,0,0,0,0,0,0,0,0,0,0,0,0,0,0,0,0,0,0,0,0,0,0,0,0,0,0,0,0,0,0,0,0,0,0,0,0,0,0,0,0,0,0,0,0,0,0,0,0,0,0,0,0,0,0,0,0,0,0.00143136514441689,0.00825491422572989,0.0144206558952461,0.021593670012777,0.028975878854113,0.0394997903960052,0.0506789293465437,0.0609534741862226,0.0720481231705853,0.0861508531473849,0.0997193792367849,0.10975682210486,0.116824138893231,0.118665278808978,0.118699439244,0.122018032687348,0.123994372334317,0.124423584663674,0.12954911852506,0.13201073660915,0.136541699407731,0.142327829689743,0.154603857766185,0.168956558830876,0.181049928081925,0.194001545582594,0.203152827336472,0.209238992067872,0.213398102754362,0.216923822166232,0.22310218941765,0.228170909479046,0.233404897153904,0.239856629427291,0.245430095548981,0.249650269006564,0.253703458183238,0.256937139477249,0.262192844648096,0.264230664312783,0.262978493145899,0.258281359760273,0.253293108094891,0.247241717419301,0.240297192850282,0.234785281800561,0.231477332302855,0.225418481577203,0.22361930551171,0.221944267912097,0.218659207135092,0.219496359841318,0.223510837486949,0.226346338558499,0.230067655326283,0.233775418484446,0.236475164094049,0.236107727410246,0.23567578048083,0.236893802094068,0.238756874142775,0.240471732929576,0.240343912491288,0.239704132891585,0.240930215096487,0.240408719002486,0.226298852678899,0.210023943552532,0.193169179326297,0.166541979749595,0.149673945775643,0.137805833477303,0.124554884235174,0.114096666558522,0.109662873434647,0.117378086650114,0.126686761564136,0.136419725273789,0.144980125157507,0.153884649767829,0.164304351274707,0.172347066747627,0.1743837596198,0.169921100506435,0.161618646149499,0.149760382755629,0.12513398609028,0.11005216198668,0.0972676388774621,0.0884365942313236,0.0794212241232918,0.076381491462191,0.0794357991068938,0.0871565932874094,0.104435303422135,0.105671527158644,0.103319823162332,0.0985976131063242,0.0914537967904851,0.0793659157930312,0.071237132615659,0.0606738166725761,0.0474990560334053,0.0346319645818288,0.026490101316254,0.0255566959115565,0.0269047913608355,0.0309913016040992,0.0347436160955188,0.0387582999142808,0.0439297496742894
"x78",0,0,0,0,0,0,0,0,0,0,0,0,0,0,0,0,0,0,0,0,0,0,0,0,0,0,0,0,0,0,0,0,0,0,0,0,0,0,0,0,0,0,0,0,0,0,0,0,0,0,0,0,0,0,0,0,0,0,0,0,0,0,0,0,0,0,0,0,0,0,0,0,0,0,0,0,0,0,0,0,0,0,0,0,0,0,0,0,0,0,0,0,0,0,0,0,0,0,0,0,0,0,0,0,0,0,0,0,0,0,0,0,0,0,0,0,0,0,0,0,0,0,0,0,0,0,0,0,0,0,0,0,0,0,-0.0049788402334069,-0.0114791135192565,-0.0176624982107638,-0.0237390993783748,-0.0268746244301263,-0.0295886991645724,-0.0320503724658408,-0.0354965144334628,-0.0351481427312113,-0.0351742741566454,-0.0372083048524721,-0.0381793278352081,-0.0385574597056965,-0.041728759165154,-0.0442537747288453,-0.0485962741439885,-0.0553049987231452,-0.0678075786713632,-0.0814040380843449,-0.0930792357232672,-0.105372928589385,-0.116129789289574,-0.125895716930141,-0.133910674573838,-0.142316567665572,-0.149836097442782,-0.152429934492035,-0.158561835492862,-0.165075742316742,-0.166292223298291,-0.162419783993466,-0.154186342353976,-0.145739573224695,-0.139771680760269,-0.135290018608177,-0.130114889699505,-0.119710116229586,-0.109462723839543,-0.100605486798337,-0.0898410019397663,-0.077327630996413,-0.0682468299714351,-0.0543175882852254,-0.0407946961005782,-0.0288247147980012,-0.0212857056296847,-0.0152689042741007,-0.00862438630003701,-0.00493274603882958,-0.00298995438018482,-0.00170519720018778,-0.000454843508663359,-0.000520642240723838,-0.000732062979299544,0,0,0,0,0,0,0,0,0,0,0,0,0,0,0,0,0,0,0,0,0,0.000799762475737985,0.00667057518360857,0.0160121387473452,0.0329704473447926,0.047351117438304,0.0578517108838864,0.0622046018354818,0.0662984159076008,0.0685405283339946,0.0457043152649389,0.0400508857333509,0.0356160456400463,0.033471663281958,0.0306182767981097,0.00814016919550278,0.00534073882893394,0.00644856228084449,0.00687479759236537,0.0081521109545398,0.0105601575906763,0.00934750433378926,0.0118795266295612,0.0170435491597879,0.0264610080604356,0.0300216381964673,0.0273933606398331,0.0228815749098622,0.0164547573007533,0.0106871646533298,0.00496371505678134,0
"x79",0,0,0,0,0,0,0,0,0,0,0,0,0,0,0,0,0,0,0,0,0,0,0,0,0,0,0,0,0,0,0,0,0,0,0,0,0,0,0,0,0,0,0,0,0,0,0,0,0,0,0,0,0,0,0,0,0,0,0,0,0,0,0,0,0,0,0,0,0,0,0,0,0,0,0,0,0,0,0,0,0,0,0,0,0,0,0,0,0,0,0,0,0,0,0,0,0,0,0,0,0,0,0,0,0,0,0,0,0,0,0.00221283667333713,0.00412780283354286,0.00600827818148076,0.00732204716132358,0.00760418813693127,0.00667867750996784,0.00486394420038414,0.00236469953740489,0.000670285787032383,0,0,0,0,0,0,0,0,0,0,0,0,0,0,0,0,0,0,0,0,0,0,0,0,0,0,0,0,0,0,0,0,0,0,0,0,0,0,0,0,-0.00602810904157274,-0.0197413985775903,-0.0340453463426249,-0.0497293546516833,-0.0651021928603718,-0.0818878196266637,-0.101190875379464,-0.118409617377395,-0.13451284421234,-0.14974369157165,-0.165396527835067,-0.182422869825948,-0.196967297773783,-0.211766745223825,-0.22934257930246,-0.253108514224667,-0.276512741034633,-0.3000526775444,-0.325252007761277,-0.34831116246605,-0.366861736845412,-0.385753366295095,-0.407386929248908,-0.426883501363246,-0.444095791678404,-0.460531505144642,-0.475508903596362,-0.483268408333978,-0.490094538401457,-0.498893560211953,-0.506967690435035,-0.516454229284268,-0.524473382915496,-0.532721828458436,-0.540091414894784,-0.546403620531475,-0.543881658006822,-0.539097814159488,-0.533599927887971,-0.514485440898566,-0.50743323974543,-0.507545771139717,-0.506351787500155,-0.506860757240217,-0.510693376553375,-0.526043107241104,-0.543346043218378,-0.560470627760009,-0.576237944471162,-0.592305364690033,-0.610905266513803,-0.631186575586108,-0.647350194883652,-0.659570997205848,-0.669228424634531,-0.670469881747138,-0.650211234515138,-0.6386314724321,-0.626433286049486,-0.598193303230067,-0.591602102402777,-0.593084585813312,-0.603428030356439,-0.61908760367442,-0.62254453772519,-0.625758366208523,-0.629995539768425,-0.629276496575394,-0.626631027999365,-0.620610950137562,-0.615125374570583,-0.610639516153289,-0.603651747631227,-0.599561424095967,-0.596852815153588,-0.59837657146765,-0.602224671329463,-0.609498270972935,-0.616834108002672,-0.624406241976006,-0.631853415987659
"x80",0,0,0,0,0,0,0,0,0,0,0,0,0,0,0,0,0,0,0,0,0,0,0,0,0,0,0,0,0,0,0,0,0,0,0,0,0,0,0,0,0,0,0,0,0,0,0,0,0,0,0,0,0,0,0,0,0,0,0,0,0,0,0,0,0,0,0,0,0,0,0,0,0,0,0,0,0,0,0,0,0,0,0,0,0,0,0,0,0,0,0,0,0,0,0,0,0,0,0,0,0,0,0,0,0,0,0,0,0,0,0,0,0,0,0,0,0,0,0,0,0,0,0,0,0,0,0,0,0,0,0,0,0,0,0,0,0,-0.000936634161298267,-0.0143005542943973,-0.0270240501556539,-0.0378302069612029,-0.0485050355366028,-0.0605415267260708,-0.0725778381675341,-0.0818495813186521,-0.0918973563909899,-0.100466580341915,-0.10727127471297,-0.111308536144057,-0.116966780869838,-0.121581242689023,-0.127322540072839,-0.130913800614178,-0.133590876964569,-0.137428942822205,-0.139439716494813,-0.140710144059343,-0.142537152366699,-0.144435314877516,-0.144858081367205,-0.142746435204481,-0.141312502251896,-0.139668651587892,-0.139455430061109,-0.13928535674422,-0.139141508024774,-0.136783442492928,-0.137674389196997,-0.13638694611905,-0.134021223030564,-0.128645085477667,-0.12229323183002,-0.120876806106532,-0.119872000246717,-0.114656989412055,-0.110088503834337,-0.109384542443334,-0.109030765641206,-0.108913478695756,-0.111025878952632,-0.113594197208423,-0.115165621946374,-0.117258796356841,-0.12091362599641,-0.124727595904886,-0.129558419520207,-0.137365988532862,-0.144994504451348,-0.151248023601025,-0.156576601120882,-0.160297377747614,-0.162450531303435,-0.162467745859748,-0.163659854742476,-0.170743260726186,-0.170418200591543,-0.170074306998937,-0.170208005322855,-0.175951119849198,-0.178538266102477,-0.173639123457775,-0.163575026305013,-0.152015003991093,-0.142162258392798,-0.138500611937069,-0.139719355489388,-0.142109708414401,-0.144057541629639,-0.144795138189389,-0.145979381351043,-0.149321583903234,-0.156272674317205,-0.154355149048356,-0.147589757358799,-0.140259353481461,-0.133171324240699,-0.139919530852937,-0.1522786392932,-0.186148118440842,-0.195068817620688,-0.202736737574888,-0.203521954201641,-0.20406605982658,-0.227784112665814,-0.233556869501877,-0.23049439173408,-0.229137026227011,-0.226781587359929,-0.215473293574642,-0.206660945434886,-0.199597789984379,-0.191723244029775,-0.185908938637115,-0.185586805830159,-0.18513357740491,-0.184628618903932,-0.18375139578859,-0.181577405265683,-0.179075810687146,-0.180220307590014
"x81",0,0,0,0,0,0,0,0,0,0,0,0,0,0,0,0,0,0,0,0,0,0,0,0,0,0,0,0,0,0,0,0,0,0,0,0,0,0,0,0,0,0,0,0,0,0,0,0,0,0,0,0,0,0,0,0,0,0,0,0,0,0,0,0,-0.00203629601556841,-0.00715121442363645,-0.0120611779232821,-0.0167867874579209,-0.0213337488770986,-0.0258708395076961,-0.0300135953292644,-0.034408542642802,-0.0407008606865497,-0.0477746478347117,-0.055298208572554,-0.0630229620037488,-0.0696115082666701,-0.0753065333611639,-0.0807994092424899,-0.0858190062210829,-0.0893085205009085,-0.093284536866818,-0.0974291775031208,-0.101196782012975,-0.105221597471938,-0.109365167050708,-0.113662486647759,-0.11843428742399,-0.122478305805785,-0.125333016523129,-0.127886481483565,-0.128381702048489,-0.128943226313152,-0.131435143943571,-0.133728388679728,-0.136286969591083,-0.139749161714018,-0.143307310340656,-0.14622675431622,-0.149930993478966,-0.152161250267567,-0.151598469477896,-0.150826875446561,-0.150508451020572,-0.15086750830903,-0.150685737652191,-0.14989699477617,-0.148132866627051,-0.147382066141227,-0.147177615755167,-0.148393937899674,-0.150206695422362,-0.152272520464753,-0.155782900856133,-0.160309606523983,-0.164695594791136,-0.168137050001954,-0.170840463625146,-0.173089657973875,-0.175236025347873,-0.177726425175848,-0.180510864949164,-0.183309700550326,-0.18570785522762,-0.186569264692671,-0.18689351772959,-0.187412932884642,-0.187582689664201,-0.189879264550959,-0.192399841144147,-0.195369274485802,-0.19619819264993,-0.198293369391279,-0.200846046358427,-0.201578379883835,-0.202001282775721,-0.202322645790151,-0.200979962645676,-0.192224985032169,-0.183808031711565,-0.176482879600532,-0.170303566178765,-0.162934557246397,-0.153419801777274,-0.146692233942644,-0.140110834563756,-0.133642814747447,-0.131226172881323,-0.135298261397078,-0.136848882120203,-0.139405749113859,-0.138629686409999,-0.139503793372263,-0.141868200572364,-0.144347378964515,-0.147037696236277,-0.151302127539875,-0.155295514277497,-0.159486370717811,-0.161188936421658,-0.16145689308721,-0.15977175719349,-0.157899724541903,-0.15591864837298,-0.153594697542769,-0.151088346277989,-0.150467928052366,-0.145537153792221,-0.146865220208452,-0.153592578554255,-0.163552838954137,-0.175584106578241,-0.183083291990971,-0.188214894015395,-0.200582104763272,-0.211541719569293,-0.221651098601428,-0.234797149658957,-0.247297025798471,-0.258043928473265,-0.266515005450989,-0.273637623448202,-0.273120444319787,-0.27062509176493,-0.267480507354659,-0.263593668842715,-0.256461674330544,-0.249196677375204,-0.244826329826354,-0.242874696632777,-0.242735251495471,-0.247032449349094,-0.253517385937983,-0.254197229371269,-0.237525597944105,-0.231372621703222,-0.230848545610102,-0.229730452698412,-0.218842827035609,-0.213399520352964,-0.219465124148565,-0.2334234960399,-0.249265727794977,-0.259414239844944,-0.261765378201006,-0.259902623004748,-0.256645493946993,-0.254030966224856,-0.251222569250727,-0.245107926495559,-0.237403907990892,-0.225655784654905,-0.226815529580601,-0.231582479103294,-0.232856247080973,-0.218487451709158,-0.203506485595042,-0.182467289341198,-0.12330192170224,-0.103928092051354,-0.0861336132818985,-0.0759489891450028,-0.0648889998779432,-0.0123027450447304,0,0,0,0,0,0,0,0,0,0.00407192871470338,0.00708238733966573,0.0109149875132368,0.0159283556755914,0.0194193856282839,0.022845140377833,0.03178248421899
"x82",0,0,0,0,0,0,0,0,0,0,0,0,0,0,0,0,0,0,0,0,0,0,0,0,0,0,0,0,0,0,0,0,0,0,0,0,0,0,0,0,0,0,0,0,0,0,0,0,0,0,0,0,0,0,0,0,0,0,0,0,0,0,0,0,0,0,0,0,0,0,0,0,0,0,0,0,0,0,0,0,0,0,0,0,0,0,0,0,0,0,0,0,0,0,0,0,0,0,0,0,0,0,0,0,0,0,0,0,0,0,0,0,0,0,0,0,0,0,0,0,0,0,0,0,0,0,0,0,0,0,0,0,0,0,0,0,0,0,0,0,0,0,0,0,0,0,0.000140339993638524,0.00740602187056918,0.0186142431084014,0.0255903421867657,0.0319596136005266,0.0395581956413315,0.0454293667066018,0.0517105759660025,0.0571788224870809,0.0632339645555485,0.0693477415972259,0.0754121448877996,0.0801425111340254,0.0835019512395958,0.081912538605439,0.0831781071084273,0.083138653700376,0.0788574656417561,0.0742158016895307,0.0668506401339911,0.0622488649175403,0.0583773992329364,0.0564234622790911,0.054996743089556,0.052158960524341,0.051821988728328,0.0551350815484026,0.0596990350327139,0.0698052074872818,0.0780646956953982,0.0819462112161063,0.090619863264658,0.0988307809746344,0.112300293749452,0.126697712820218,0.137370400351667,0.14187024821231,0.146811409441837,0.151501346637604,0.157227244705664,0.165723899192368,0.173711603347628,0.180355253094763,0.187322754278785,0.195707609254512,0.20620669875752,0.217229918749073,0.232901422174541,0.245025652290273,0.2537797718714,0.263411578532477,0.273097011670781,0.279964315489504,0.285054013319027,0.287255089869773,0.296408468025265,0.306587632837483,0.326366631125492,0.343626445170453,0.351199431014664,0.356312519744171,0.361128073287154,0.364815673229373,0.368465162165515,0.372284362313194,0.378392526878095,0.379402407041174,0.382169090663903,0.382298845537837,0.372234587907485,0.36867592443565,0.367675733374219,0.366244773841127,0.369768717899069,0.372655432289321,0.371882981025788,0.372999188185949,0.37203356554257,0.376355116951667,0.381190304774003,0.384426635202287,0.38725229811087,0.382738096982128,0.38461272902993,0.390244234963939,0.392456804968418,0.394132982612705,0.393297865097741,0.398402952773283,0.40355297551186,0.407244701001189,0.408749471636894,0.409605782304532,0.410347998337535
"x83",0,0,0,0,0,0,0,0,0,0,0,0,0,0,0,0,0,0,0,0,0,0,0,0,0,0,0,0,0,0,0,0,0,0,0,0,0,0,0,0,0,0,0,0,0,0,0,0,0,0,0,0,-0.0116108505775348,-0.0235369486459789,-0.0346481071276254,-0.0451427754353293,-0.054555787636204,-0.0632432077598209,-0.0715983549833858,-0.0796448292716364,-0.0874309743172973,-0.0947391761047912,-0.101688719351859,-0.108373426193717,-0.113428187934794,-0.116148912767405,-0.118778540474448,-0.12130632456366,-0.12373855569734,-0.125729256759143,-0.128126370815966,-0.130241353578344,-0.131575204760833,-0.132310743640456,-0.132840254126506,-0.133483677665359,-0.134620280089968,-0.136795967028598,-0.139390316659079,-0.142646817943113,-0.146071571048333,-0.149280848283753,-0.15351408604298,-0.158164791066946,-0.162019447724458,-0.165962380425934,-0.170034484854749,-0.174433939798935,-0.178883894114819,-0.18418877222729,-0.189456647516542,-0.196292259348512,-0.203472052084759,-0.210032161434042,-0.216423429731865,-0.223033785780242,-0.230023526428719,-0.235888903408415,-0.241581478699662,-0.247615315878134,-0.256736182304429,-0.265915664897438,-0.273326671780928,-0.279588743136561,-0.284745754957206,-0.291432103560826,-0.299425596417537,-0.309738602289711,-0.3192515065549,-0.328353100823936,-0.336970325085337,-0.342584395100602,-0.347721331370727,-0.351943461386998,-0.355501206889988,-0.358908647637613,-0.361643757755065,-0.364424945916359,-0.368589833997373,-0.372954646844264,-0.377719242842078,-0.382128661124925,-0.386762063919072,-0.39289515043523,-0.398877523530789,-0.40396919401544,-0.408502491980375,-0.413606892584306,-0.41699048409779,-0.420227729671981,-0.427181542613759,-0.435069851322776,-0.441389412265096,-0.446801262499228,-0.451053514054949,-0.45519754930721,-0.458684543527011,-0.461602116613146,-0.467502472563687,-0.473416603427126,-0.477683542609666,-0.478965792561113,-0.481139672119971,-0.484490184508906,-0.487112486620179,-0.488996965261475,-0.49198629516896,-0.499225575794614,-0.506184108583345,-0.510510995823537,-0.512595670442125,-0.517716936318545,-0.529277865864132,-0.542839543428598,-0.552487086155779,-0.564033655299528,-0.575639769039479,-0.586262112403007,-0.593841217418089,-0.600334150777299,-0.600112050944868,-0.602105419653887,-0.602325545108306,-0.599449845522316,-0.60027461861289,-0.601498167538906,-0.606751059414822,-0.614617321057954,-0.619257272342463,-0.619401147430344,-0.617066157880858,-0.617544828999574,-0.617765500586051,-0.619842547269127,-0.622535352570092,-0.620798522195582,-0.615362023532759,-0.609823267985923,-0.605622446710865,-0.608229989481034,-0.614447229184932,-0.618773226500488,-0.623133182645731,-0.627915372319107,-0.632454480535613,-0.637325659599145,-0.647326113807307,-0.65700672986766,-0.66126414966955,-0.664817173135699,-0.66987183301405,-0.675177803006772,-0.676806731749628,-0.68189034504742,-0.690290540855811,-0.698566404944102,-0.704519158094583,-0.710404679522528,-0.727878578235908,-0.741001938246762,-0.750271563546101,-0.764525731814956,-0.781063027461548,-0.809492200759253,-0.827563392481902,-0.834055727523491,-0.837408787610794,-0.841265711488427,-0.845602424910998,-0.852136626169705,-0.859537069656367,-0.872258518345181,-0.883849868549533,-0.894297678032186,-0.906320630442501,-0.930023870656747,-0.94475928653836,-0.960684380116227,-0.986799155284739,-1.00314956475861,-1.01398729313722,-1.01754886054049,-1.01854476873484,-1.03981648564015,-1.05439665036595,-1.06482470708154,-1.07462782395138,-1.08546986999541,-1.09933345298761,-1.11735850758749,-1.13950341316677,-1.16311189598718,-1.18398109414732,-1.19784589633377,-1.20613422098488,-1.21188009071031,-1.21661545070457,-1.21914892430969,-1.22120818294587,-1.22528964643718
"x84",0,0,0,0,0,0,0,0,0,0,0,0,0,0,0,0,0,0,0,0,0,0,0,0,0,0,0,0,0,0,0,0,0,0,0,0,0,0,0,0,0,0,0,0,0,0,0,0,0,0,0,0,0,0,0,0,0,0,0,0,0,0,0,0,0,0,0,0,0,0,0,0,0,0,0,0,0,0,0,0,0,0,0,0,0,0,0,0,0,0,0,0,0,0,0,0,0,0,0,0,0,0,0,0,0,0,0,0,0,0,0,0,0,0,0,0,0,0,0,0,0,0,0,0,0,0,0,0,0,0,0,0,0,0,0,0,0,0,0,0,0,0,0,0,0,0,0,0,0,0,0,0.00715278567121689,0.0214562097776928,0.0307563595734143,0.0396593213497285,0.0474647549784745,0.056227375057899,0.0647232801919341,0.0733714410469553,0.0806486780861676,0.0867571348231685,0.0933669655618125,0.0996892937324877,0.103812060237774,0.109288553075385,0.115756661714508,0.120507948819431,0.124414419653616,0.12692068711522,0.128469906175279,0.129081159493645,0.130594483537004,0.130185661822213,0.128352554840219,0.125432516740833,0.12158169396985,0.115729221037141,0.107928497273989,0.10156028608957,0.0965606619714355,0.102100789828127,0.113748361698846,0.133825202410713,0.153969027903282,0.173425380649807,0.191379129823798,0.203196962587035,0.214636819497699,0.223794974822526,0.231813078609421,0.241847102917294,0.252909888952652,0.260091205734807,0.26814560241436,0.282574604775119,0.29342508275227,0.301241691813857,0.308231073336029,0.337811492416721,0.362378407432143,0.377574238974968,0.392700058438233,0.413193944497868,0.441780171197772,0.465245878940864,0.486466085563425,0.505438828573389,0.523900815667812,0.54209017045043,0.561514220469385,0.581178014809098,0.602333900592823,0.620797323832179,0.632858109504159,0.64503420172616,0.666072210169354,0.68726597180239,0.707677274782822,0.749621904822615,0.768576119015223,0.783700627446475,0.794707371328566,0.805646599843794,0.834749772161305,0.851008917720546,0.860761546705167,0.869296239695434,0.876179090693458,0.882797065915417,0.892791169315037,0.906908502813126,0.920855231054116,0.933394235372757,0.942830236485093,0.94981249189814,0.956113910255041,0.963803639975923,0.971125492181273,0.97828310955999,0.988235246532181
"x85",0,0,0,0,0,0,0,0,0,0,0,0,0,0,0,0,0,0,0,0,0,0,0,0,0,0,0,0,0,0,0,0,0,0,0,0,0,0,0,0,0,0,0,0,0,0,0,0,0,0,0,0,0,0,0,0,0,0,0,0,0,0,0,0,0,0,0,0,0,0,0,0,0,0,0,0,0,0,0,0,0,0,0,0,0,0,0,0,0,0,0,0,0,0,0,0,0,0,0,0,0,0,0,0,0,0,0,0,0,0,0,0,0,0,0,0,0,0,0,0,0,0,0,0,0,0,0,0,0,0,0.0029075089974139,0.0100619432633852,0.0134776606815399,0.0152208691357111,0.0134366089649985,0.00983505321110662,0.00620391496243635,0.00250424130092453,0.00360152846906157,0.00531006830254975,0.00710966292085268,0.00965289988180884,0.00948767926655177,0.00890128778745777,0.00785547519449357,0.0074001252851979,0.00849145919343039,0.0120056278386722,0.0145982705043141,0.016237155620975,0.0171079301274152,0.0110309781387692,0.000230934300305545,0,0,0,0,0,0,0,0,0,0,0,0,0,0,0,0,0,0,0,0,0,0,0,0,0,0,0,-0.0141021399933858,-0.0335221703879655,-0.0598081329233809,-0.0851254669609013,-0.109256362938102,-0.132251169512516,-0.149633512127207,-0.166957762929925,-0.185528257986977,-0.2028196427141,-0.221603893105437,-0.239627790305797,-0.257571936780532,-0.277910666644426,-0.304000218485478,-0.317950230792507,-0.329860072078558,-0.341361607011206,-0.385707541852101,-0.419298123917037,-0.438267247806047,-0.457058598200242,-0.479683018788911,-0.509179727469022,-0.536996701780146,-0.561073523373127,-0.583632798698638,-0.605247199245867,-0.62667764688461,-0.650473402383171,-0.675017648461584,-0.704041393928315,-0.730023426786971,-0.746828711377879,-0.758718379931337,-0.776881298873183,-0.791166316587855,-0.805244445806244,-0.854345857169988,-0.871806714595026,-0.888934613627449,-0.900959843841383,-0.916409599058422,-0.954447310882219,-0.969046906714207,-0.978919516248083,-0.985246447345414,-0.988639464550374,-0.991934007604176,-1.01002180260704,-1.02762202504016,-1.04244114653145,-1.0550765601646,-1.05648012235748,-1.06085426529584,-1.06793056327897,-1.07840879711861,-1.08960851823638,-1.10129149908234,-1.11906976467811
"x86",0,0,0,0,0,0,0,0,0,0,0,0,0,0,0,0,0,0,0,0,0,0,0,0,0,0,0,0,0,0,0,0,0,0,0,0,0,0,0,0,0,0,0,0,0,0,0,0,0,0,0,0,0,0,0,0,0,0,0,0,0,0,0,0,0,0,0,0,0,0,0,0,0,0,0,0,0,0,0,0,0,0,0,0,0,0,0,0,0,0,0,0,0,0,0,0,0,0,0,0,0,0,0,0,0,0,0,0,0,0,0,0,0,0,0,0,0,0,0,0,0,0,0,0,0,0,0,0,0,0,0,0,0,0,0,0,0,0,0,0,0,0,0,0,0,0,0,0,0,0,0,0,0,0,0,0,0,0,0,0,0,0,0,0,0,0,0,0,0,0,0,0,0,0,0,0,0,0,0,0,0,0,0,0,0,0,0,0,0,0,0,0.00111827537276063,0.010466016054316,0.0165665555556113,0.0214653694796369,0.0307429934926809,0.042695170455236,0.0548399660370357,0.0815745466043231,0.101024822739437,0.11625500912577,0.131250408372827,0.143251238412048,0.153040627528595,0.156717860452951,0.157340535298671,0.158260900978743,0.159342435694911,0.16033882659953,0.161065041342732,0.160551196118627,0.160609575047152,0.164260656536112,0.168509632383345,0.173083110755933,0.183849813732966,0.182199075574,0.179407614185264,0.192039691555532,0.195952696563699,0.19974431157638,0.200653701018605,0.199281608718859,0.205281032329324,0.206214915628257,0.209310464056847,0.21084012178147,0.214699690333998,0.21995654309662,0.229300068274731,0.236504234897319,0.243520604761223,0.247505244665258,0.24642723438952,0.247552157717011,0.249886657141058,0.251899368624166,0.254536773890326,0.257871032512197,0.263735067110254
"x87",0,0,0,0,0,0,0,0,0,0,0,0,0,0,0,0,0,0,0,0,0,0,0,0,0,0,0,0,0,0,0,0,0,0,0,0,0,0,0,0,0,0,0,0,0,0,0,0,0,0,0,0,0,0,0,0,0,0,0,0,0,0,0,0,0,0,0,0,0,0,0,0,0,0,0,0,0,0,0,0,0,0.00155866263848321,0.00636995600433436,0.0122602683457095,0.0186480619254264,0.0243319581080529,0.0295603080146341,0.0350076099318897,0.0401567526576197,0.0449977158182141,0.0493535146185359,0.0543291843444052,0.0592561019533092,0.0638849460521722,0.0683659656533189,0.0765255327883113,0.0900253604898212,0.103366076078781,0.117769583137196,0.133100021237672,0.147131812857422,0.158469035200604,0.169288482213329,0.179458196456946,0.188747243452299,0.198476105431663,0.207775262544375,0.216235339679451,0.224208668447215,0.231696988436292,0.239323819436086,0.24733921986389,0.255524390621951,0.264080597475387,0.273246165056771,0.282217642578423,0.29139576752789,0.301800398328713,0.312919807210069,0.3245320051662,0.336315505769764,0.348367342389367,0.360664856745702,0.372628629729944,0.383538155177577,0.393409686338513,0.403469755823606,0.412815280112201,0.422257574872226,0.431107910408341,0.441648855948375,0.451001761789948,0.460516879591269,0.470116720200915,0.481604195977552,0.494994333122454,0.507929954481307,0.519217256561354,0.52453020104782,0.528765066337155,0.531427599513055,0.532648622543349,0.535814152073094,0.539885781375015,0.54404061335819,0.547645975852127,0.551859529968482,0.554092364607546,0.557022680505038,0.558720006685149,0.560420333274122,0.56231503182761,0.565590931799516,0.564838465701715,0.563676378273219,0.564849558591624,0.567533629938762,0.570172085445691,0.571414460626101,0.571650438992382,0.572621490812906,0.576614843340403,0.579985056347509,0.583137289543073,0.587043755683635,0.591212710723232,0.598154333958043,0.602293065339876,0.607252486561764,0.611172897148312,0.614698141479937,0.619376581026899,0.625128102610024,0.63174361822512,0.639194343814748,0.647752535074771,0.661623133485999,0.673767051792718,0.684364650083379,0.693485477724959,0.706956688470989,0.722623150965804,0.74094380642276,0.758022305897146,0.774483385474346,0.790939886722419,0.805523028394253,0.819447771331808,0.835051017276175,0.850309032168624,0.866486852100349,0.881091087629597,0.89287703127457,0.90721892991246,0.920612102741237,0.930272966878647,0.940551399109276,0.951513383959111,0.979200621058399,0.994298500895011,1.0000683357416,1.00444031701286,1.00653394845866,1.00021394604678,0.990378974355509,0.980127621703767,0.969814289189629,0.960313554228262,0.95100008042539,0.940847808832411,0.932720882577089,0.931496464805088,0.938720813511411,0.941963028688542,0.947287804551631,0.963421735890931,0.981125862006644,1.0005886287768,1.03407912293247,1.04960922808845,1.05918940427672,1.06280688411655,1.06054415561614,1.06023195447194,1.06605915059348,1.0667762182503,1.06621406684416,1.06486434214857,1.06719988184309,1.07097283945574,1.076943589977,1.08111627052922,1.09032010379915,1.09558570323663,1.0984649023925,1.09972333732164,1.10068089665019,1.10260091915782,1.10453063870915,1.1049776240789
"x88",0,0,0,0,0,0,0,0,0,0,0,0,0,0,0,0,0,0,0,0,0,0,0,0,0,0,0,0,0,0,0,0,0,0,0,0,0,0,0,0,0,0,0,0,0,0,0,0,0,0,0,0,0,0,0,0,0,0,0,0,0,0,0,0,0,0,0,0,0,0,0,0,0,0,0,0,0,0,0,0,0,0,0,0,0,0,0,0,0,0,0,0,0,0,0,0,0,0,0,0,0,0,0,0,0,0,0,0,0,0,0,0,0,0,0,0,0,0,0,0,0,0,0,0,0,0,0,0,0,0,0,0,0,0,0,0,0,0,0,0,0,0,0,0,0,0,0,0,0,0,0,0,0,0,0,0,0,0,0,0,0,0,0,0,0,0,0,0,0,0,0,0,0,0,0,-0.000738159062639407,-0.01143893387677,-0.0200320298653976,-0.0270612030675403,-0.0332595260516163,-0.0391541361586512,-0.0469620289676102,-0.0543897828721892,-0.0618089255160981,-0.0689695660562019,-0.0763626289131004,-0.081356508288527,-0.0854115355229761,-0.0893699351433559,-0.0927413284213766,-0.100822621406362,-0.115511140379494,-0.132742522400433,-0.148052714220051,-0.16963798215806,-0.191779737405068,-0.2152117564219,-0.239269967471252,-0.287258151159161,-0.317232722131719,-0.335733066839788,-0.352197121166136,-0.365649034178065,-0.381530894338662,-0.390554411040053,-0.393123602969208,-0.397855486205679,-0.402986791806237,-0.407550707697592,-0.412448630708415,-0.42013485586359,-0.442557968089903,-0.470274270170751,-0.49180150164221,-0.515475904954538,-0.557925827109879,-0.586922062915513,-0.619561244323331,-0.674769657944557,-0.700532155193932,-0.721032333106224,-0.73392138793373,-0.744649642709982,-0.77635016388778,-0.799726133001233,-0.813875608299837,-0.824822754728029,-0.835700396296178,-0.849686417014577,-0.871866219526546,-0.895168752405721,-0.919855338350689,-0.94612374886279,-0.960575797030002,-0.967029076010336,-0.972760097954779,-0.981216514845971,-0.988677902913493,-0.996338549124652,-1.00454651105868
"x89",0,0,0,0,0,0,0,0,0,0,0,0,0,0,0,0,0,0,0,0,0,0,0,0,0,0,0,0,0,0,0,0,0,0,0,0,0,0,0,0,0,0,0,0,0,0,0,0,0,0,0,0,0,0,0,0,0,0,0,0,0,0,0,0,0,0,0,0,0,0,0,0,0,0,0,0,0,0,0,0,0,0,0,0,0,0,0,0,0,0,0,0,0,0,0,-0.00452873629045516,-0.0130365315114676,-0.0190918809744258,-0.0256952906883189,-0.0330346207200377,-0.0413879539779255,-0.0488989898659469,-0.0550509080491817,-0.0614494117098545,-0.0683334630527489,-0.0757415578297515,-0.0831289379485837,-0.0903349490467414,-0.0969060554930284,-0.102714767093389,-0.107167230767297,-0.109450521053232,-0.111737233506565,-0.117527420725378,-0.121593277847559,-0.124206093492827,-0.123231205099423,-0.122197490720361,-0.121839677564627,-0.123596747059989,-0.125640144607826,-0.12724257106136,-0.128034410657366,-0.128844515536158,-0.129627855506709,-0.1306808177881,-0.131854736576404,-0.132980228955813,-0.1331536029817,-0.133711579494041,-0.136543295828585,-0.138641695606114,-0.140224423700615,-0.14121793807633,-0.140085758975044,-0.138056502941112,-0.136044210440988,-0.134117807167143,-0.132026118725318,-0.129312641489087,-0.122789782527311,-0.116080700723973,-0.112956959319102,-0.108321217449683,-0.103319505856222,-0.0987849864611642,-0.0972880752809946,-0.0919352250755117,-0.0859577108771481,-0.080920761103559,-0.0747974540574752,-0.063576114952957,-0.0544276085997519,-0.0480164804183951,-0.0411367137759594,-0.0365045363628932,-0.0324954022962981,-0.0288914182314992,-0.0245633201289635,-0.0191449410586748,-0.0149012418117555,-0.00758571840786959,0,0,0,0,0,0,0,0,0,0,-1.74317135269666e-07,-0.000428541768883407,0,0,0,0,0,0,0,0,0,0,0,0,0,0,0,0,0.00811408965404313,0.0238980922888287,0.039781639766258,0.0602192057009344,0.0920642900439349,0.116140045926543,0.134501126912376,0.152171628657345,0.177435676776265,0.195803558813636,0.206980018549548,0.222926010746939,0.24570290080523,0.295850359741635,0.343781382073661,0.376361288585768,0.408581548382289,0.439318992116679,0.468041235601156,0.496091644980652,0.523596195377147,0.557445104744568,0.580458618628924,0.600085376610631,0.620987515302506,0.649642031501113,0.674537945282234,0.702811290344889,0.7364014090884,0.757082673845177,0.778017705147597,0.795428735899318,0.818345855718148,0.85450970732518,0.874864617250094,0.888327202398483,0.900516362789221,0.912345162397473,0.923817854765486,0.940401350514067,0.958855937129843,0.978986386149491,0.998978622574245,1.01214989073936,1.02145376167689,1.03216801369551,1.0468974316011,1.05743742840711,1.06756648835175,1.07731750677199
"x90",0,0,0,0,0,0,0,0,0,0,0,0,0,0,0,0,0,0,0,0,0,0,0,0,0,0,0,0,0,0,0,0,0,0,0,0,0,0,0,0,0,0,0,0,0,0,0,0,0,0,0,0,0,0,0,0,0,0,0,0,0,0,0,0,0,0,0,0,0,0,0,0,0,0,0,0,0,0,0,0,0,0,0,0,0,0,0,0,0,0,0,0,0,0,0,0,-0.00402883908236977,-0.0111870877841632,-0.0186121997881879,-0.0316636207765931,-0.0415679352284667,-0.0497637716659336,-0.0581034383305736,-0.0660920246372053,-0.0734865462086357,-0.0807082978327678,-0.0872051611438684,-0.0929362166367701,-0.0995140454971415,-0.107825160909327,-0.118037691950159,-0.130026914963113,-0.141699507227388,-0.152182622313154,-0.16335309599262,-0.175191560805955,-0.18911864961947,-0.204145293500508,-0.217794562159863,-0.22918565974975,-0.240239569223915,-0.251049744178794,-0.261960714855674,-0.272425161045644,-0.282005027663584,-0.29054670657627,-0.298871508009158,-0.305739853086414,-0.317303852486893,-0.329677241110649,-0.342770524587405,-0.356746630214522,-0.368683534519822,-0.379598034479889,-0.390056206389207,-0.402170493367069,-0.41437198424464,-0.427114721545951,-0.440861891845087,-0.453299024653504,-0.468023553597764,-0.483740002744498,-0.495822834845618,-0.508170381795788,-0.51891580341256,-0.530600790694274,-0.540708748941976,-0.552279746390057,-0.565644665733238,-0.576948927848516,-0.588868477263825,-0.600311413995311,-0.608734488567047,-0.615382226884915,-0.624036741949622,-0.632873433904246,-0.643895369032119,-0.655955943626378,-0.66901164443516,-0.680730210039139,-0.692694223000961,-0.708188306470771,-0.723572661831918,-0.733262608464769,-0.743159644582168,-0.754675445831953,-0.764631586753651,-0.772385338576602,-0.782026215448762,-0.7932101512433,-0.805637774398804,-0.817323834149956,-0.82698716306499,-0.834392191040738,-0.838095982534624,-0.840865694438909,-0.840633118608497,-0.837761232102556,-0.836234746746529,-0.836905471426259,-0.835013703584517,-0.827946916151149,-0.823591766170501,-0.817340372806482,-0.811142547018882,-0.804542951772917,-0.800338361553801,-0.796698765242148,-0.792250349014889,-0.789005517512532,-0.788590321182448,-0.790897773850356,-0.79058125065365,-0.794000097200161,-0.802883021866563,-0.813226201429965,-0.818809138057112,-0.823202058221304,-0.817139911177466,-0.814916140179187,-0.814085242391964,-0.819257161450802,-0.832067464389922,-0.863731031363023,-0.891600098713841,-0.911552196651808,-0.930914770203305,-0.949348658079832,-0.965316612756942,-0.977972881204928,-0.989818733383185,-0.995699324357833,-0.99142999848308,-0.990741826987873,-0.991059333856366,-0.982570057074343,-0.985264808824677,-0.987267409175952,-0.964531576342537,-0.960393549424671,-0.957696817896896,-0.953942143400395,-0.949913480049644,-0.929327864637684,-0.923511816984361,-0.920312288037806,-0.921520248210746,-0.922719045921973,-0.919367318280484,-0.91282083463913,-0.910731114973384,-0.910716543124834,-0.910165828643819,-0.912065440425505,-0.912710108886971,-0.913198291749628,-0.912511143311662,-0.908802789349268,-0.904276165703164,-0.895545104314235
"x91",0,0,0,0,0,0,0,0,0,0,0,0,0,0,0,0,0,0,0,0,0,0,0,0,0,0,0,0,0,0,0,0,0,0,0,0,0,0,0,0,0,0,0,0,0,0,0,0,0,0,0,0,0,0,0,0,0,0,0,0,0,0,0,0,0,0,0,0,0,0,0,0,0,0,0,0,0,0,0,0,0,0,0,0,0,0,0,0,0,0,0,0,0,0,0,0,0,0,0,0,0,0,0,0,0,0,0,0,0,0.00381859469236854,0.0132732311113113,0.0234332781088869,0.0333198735319273,0.045336289450029,0.0567661995256764,0.0682002491784416,0.0778430021824887,0.0884111362033547,0.0987172127314832,0.107514733381344,0.11613835261181,0.123666638158732,0.130060362333856,0.13690975907462,0.144480236494633,0.151477468611221,0.1577951126972,0.162426838921769,0.169050931057284,0.1782976097218,0.192341849196251,0.207528510017835,0.218864389847654,0.225543437575602,0.231340405855106,0.238472376948035,0.245889507886125,0.256090452047832,0.273966328790249,0.290084251245386,0.300635955164198,0.310051277627153,0.320456940789684,0.327689569505856,0.333289301724167,0.340650104435577,0.347759140407749,0.355251969739836,0.360078404764489,0.365504558357016,0.371858264700341,0.379903524353645,0.389099159349261,0.400820579757053,0.411599074727087,0.423607001189497,0.439936306274084,0.456987364709194,0.475548588652449,0.493204194362377,0.518335330910083,0.544225159419825,0.567960821357024,0.591871723801173,0.614062127254954,0.635469215406438,0.651147441463795,0.667004405790384,0.682574959156816,0.696806179940774,0.708347901590455,0.718236383645724,0.729260107082676,0.739980834549154,0.749135800859858,0.756235966125807,0.763349832593169,0.767961257079809,0.772847369400708,0.78102142494041,0.786412214903532,0.790801435084044,0.800017887477748,0.807589921867292,0.814854662261517,0.821431285641703,0.825435086195509,0.829403455319528,0.832429553327847,0.835877576425555,0.838621004758663,0.839959347036822,0.841033968583677,0.855962479857495,0.880870385636231,0.899935935335587,0.912914907208944,0.925414790107303,0.937195235829736,0.949816795865989,0.963927619723788,0.975706949133124,0.984774985778865,1.01102038815913,1.03751249448711,1.06022822131462,1.08333039209889,1.10477680865777,1.12510243844967,1.14580543629701,1.16726028741754,1.20105886267709,1.22242608102304,1.24321597339619,1.26134480612329,1.28427755111699,1.30325116799598,1.32310950392556,1.34278060842689,1.35473813910575,1.36879451167867,1.377748627223,1.39091178653013,1.43496573102226,1.45780019092138,1.47266028319859,1.48721686119572,1.50128509099978,1.52249906431244,1.55244205752685,1.58058551315242,1.61208998572185,1.64167636874481,1.66240675275231,1.67667126991128,1.68808210166356,1.69768625688319,1.70513539866032,1.71203281746432,1.72049704458247
"x92",0,0,0,0,0,0,0,0,0,0,0,0,0,0,0,0,0,0,0,0,0,0,0,0,0,0,0,0,0,0,0,0,0,0,0,0,0,0,0,0,0,0,0,0,0,0,0,0,0,0,0,0,0,0,0,0,0,0,0,0,0,0,0,0,0,0,0,0,0,0,0,0,0,0,0,0,0,0,0,0,0,0,0,0,0,0,0,0,0,0,0,0,0,0,0,0,0,0,0.000865782556360859,0.013698578758446,0.0270168432537576,0.038987329049149,0.0493716318621472,0.0588786203000437,0.0686640886337305,0.0791101062432834,0.0896984806394951,0.100547556145653,0.112141989557659,0.121483235384032,0.124857647852923,0.126930924062886,0.129363140763879,0.130148544314047,0.130436071995145,0.130666048801488,0.13197011718268,0.132846146893961,0.132461271498233,0.133777111755407,0.135322143987421,0.137393602082526,0.140571374676497,0.143937106998841,0.144794137985632,0.146621189764219,0.14871501758861,0.15246373378072,0.158478298226661,0.162050772614509,0.158233865661697,0.151580145349989,0.147309927366384,0.146981740433261,0.146005455754163,0.1441207255565,0.141714233601797,0.136131013993063,0.125029536697895,0.115394404140611,0.112850031666875,0.113551039335186,0.113093994605994,0.116175038884417,0.118789111559502,0.120495235715084,0.121551087344526,0.121984189965801,0.12761064050702,0.132753159766247,0.136899225597743,0.135965874031024,0.133016647168013,0.127067168906234,0.124682633922404,0.122379500535905,0.117917869862018,0.113819269633911,0.108573743938885,0.103979375875914,0.0892159096650441,0.0749521954302386,0.0628834856310333,0.0456481389133277,0.0327947833814249,0.0257459997776542,0.0180950381260811,0.0115156638375465,0.00425915771091989,0,0,0,0,0,0,0,0,0,0,0,0,0,0,0,0,0,0,0,0,0,0,0,-0.00435085025295653,-0.0345102904451246,-0.0791574871840887,-0.107831034213799,-0.125571411499274,-0.143962566470366,-0.173416999805241,-0.195152846697573,-0.215542451721618,-0.230795538201618,-0.240228184997583,-0.282360678916947,-0.322235582781248,-0.348435183288038,-0.373808232672451,-0.397047742840653,-0.419709887528033,-0.441999107291663,-0.462810027298089,-0.510263456067233,-0.547919205156254,-0.581614773009341,-0.617165090936916,-0.68398560139831,-0.726049221752015,-0.771606307069764,-0.836953020024846,-0.869731232733843,-0.901875833911648,-0.923163719873319,-0.953220218158102,-1.0455127677372,-1.08788071079766,-1.11504459130258,-1.13901098681678,-1.16372909275253,-1.20801123873421,-1.26113378834251,-1.3056316387383,-1.35651285851399,-1.40599254782733,-1.43919867591223,-1.46250279810051,-1.48209231634058,-1.50258075787202,-1.5204379944419,-1.5383619340268,-1.56280728943891
"x93",0,0,0,0,0,0,0,0,0,0,0,0,0,0,0,0,0,0,0,0,0,0,0,0,0,0,0,0,0,0,0,0,0,0,0,0,0,0,0,0,0,0,0,0,0,0,0,0,0,0,0,0,0,0,0,0,0,0,0,0,0,0,0,0,0,0,0,0,0,0,0,0,0,0,0,0,0,0,0,0,0,0,0,0,0,0,0,0,0,0,0,0,0,0,0,0,0,0,0,0,0,0,0,0,0,0,0,0,0,0,0,0,0,0,0,0,0,0,0,0,0,0,0,0,0,0,0,0,0,0,0,0,0,0,0,0,0,0,0,0,0,0,0,0,0,0,0,0,0,0,0,0,0,0,0,0,0,0,0,0,0,0,0,0,-0.000542820242642212,-0.00863363750255451,-0.0137453940077126,-0.0189441422488983,-0.0181505976585538,-0.016094473989856,-0.0116526972563607,-0.00662060495925651,-0.00847114855130866,-0.0111404287811407,-0.0154168407862279,-0.0155203099537323,-0.0157910326767946,-0.0153228520705361,-0.0152840381105313,-0.0158324363986303,-0.0173813615471945,-0.023313317505812,-0.0304032720287342,-0.038596213428839,-0.0467382621286597,-0.0550229735812617,-0.0588146772475419,-0.0616120186187823,-0.0636364866184654,-0.0663643857721766,-0.0687922728584833,-0.0705085614530675,-0.0674090755067751,-0.0464480883495462,-0.0150425498762787,0,0,0,0,0,0,0,0.00206936414045816,0.0420843228503051,0.0795601055922595,0.0995455554192912,0.115795280634819,0.130611951457178,0.144376702140249,0.157219064209455,0.168104328667712,0.184578929753028,0.192636318396539,0.203626650390031,0.216291173901017,0.243379696144643,0.25918428014876,0.274257839921627,0.285030118568214,0.29356109446664,0.301878213467916,0.303153169230425,0.310893433651203,0.338922452493962,0.350460829105427,0.360656229266915,0.37254165906834,0.386498665194907,0.413470242059587,0.436081502269531,0.453478085180801,0.474653768129604,0.494931622549925,0.507589418698602,0.515618822881317,0.523622989813615,0.532213193156736,0.537933887703121,0.543814890371362,0.553129964529378
"x94",0,0,0,0,0,0,0,0,0,0,0,0,0,0,0,0,0,0,0,0,0,0,0,0,0,0,0,0,0,0,0,0,0,0,0,0,0,0,0,0,0,0,0,0,0,0,0,0,0,0,0,0,0,0,0,0,0,0,0,0,0,0,0,0,0,0,0,0,0,0,0,0,0,0,0,0,0,0,0,0,0,0,0,0,0,0,0,0,0,0,0,0,0,0,0,0,0,0,0,0,0,0,0,0,0,0,0,0,0,0,0,0,0,0,0,0,0,0,0,0,0,0,0,0,0,0,0,0,0,0,0,0,0,0,0,0,0,0,0,0,0,0,0,0,0,0,0,0,0,0,0,0,0,0,0,0,0,0,0,0.00138211730555725,0.0140071119291018,0.0264917776827414,0.038659602834956,0.0571057309919316,0.0728498563385734,0.0901388318663705,0.105939886888014,0.11932062983786,0.126828093358882,0.132061772814301,0.130739331257675,0.126719757792622,0.135796534431859,0.145952883626279,0.157916295568142,0.166219844534992,0.177100731889059,0.189566932184209,0.202441733809572,0.217039803478285,0.233111148950808,0.251232512915605,0.260508078641764,0.272021668036658,0.283588155771598,0.295112405858758,0.302411368041197,0.307808462730766,0.310454832902495,0.313197670520511,0.31492955504515,0.319508893315751,0.323921242136417,0.321561079160672,0.315517723070582,0.310638956176386,0.316354109519202,0.323116035491766,0.331164070785244,0.33563065654103,0.337528297674633,0.331018812397743,0.319661751100271,0.284322358778068,0.252489235169304,0.234943154392945,0.221445199540823,0.208775247216592,0.195950352349421,0.181665172904615,0.170471988159057,0.169737763741803,0.176650571633098,0.174801628571052,0.170560549248706,0.157540406727423,0.162044009141455,0.173401796999941,0.205146104731648,0.217498081361383,0.226917312848906,0.234882899589201,0.239209737853007,0.243031657756754,0.247324300495026,0.24336329377945,0.236130082488866,0.225088023363424,0.196572666043578,0.171076564549581,0.152154779999316,0.129617950251789,0.114209373375915,0.107328282752089,0.104268705746046,0.0995370538843234,0.0964659685477258,0.0957456841765191,0.0948235109228417,0.0934416205703873
"x95",0,0,0,0,0,0,0,0,0,0,0,0,0,0,0,0,0,0,0,0,0,0,0,0,0,0,0,0,0,0,0,0,0,0,0,0,0,0,0,0,0,0,0,0,0,0,0,0,0,0,0,0,0,0,0,0,0,0,0,0,0,0,0,0,0,0,0,0,0,0,0,0,0,0,0,0,0,0,0,0,0,0,0,0,0,0,0,0,0,0.00572268492551326,0.0144481003290388,0.0247933692186946,0.0350269170482133,0.0447465730763251,0.0541952472063904,0.0642411260961248,0.0758741663869131,0.087477591335782,0.0968220012084155,0.0995492827829521,0.102025570735138,0.102997995544636,0.10401433212724,0.105513941176931,0.10436812911007,0.0999688557164665,0.0965533515351654,0.094024296562588,0.091201299988039,0.0875856002257076,0.0868738080289986,0.0882760488322742,0.0890761708569471,0.087169960417024,0.0819947046997024,0.0751349171105239,0.0650718161710627,0.0552804679419565,0.0464092909871712,0.0372340471221867,0.0279035852148298,0.0186476749629702,0.00927651934889166,0.00179904627310012,0,0,0,0,0,0,0,0,0,0,0,0,0,0,0,0,0,0,0,0,0,0,0,0,0,0,0,0,0,0,-0.00885929727049233,-0.019117161251509,-0.0302252534864911,-0.0406160668828428,-0.0494979303060543,-0.0568617234436082,-0.0704521903125544,-0.082948882943818,-0.094193517528924,-0.10857398629862,-0.124906633095655,-0.141577331035013,-0.153875374115138,-0.165822394498819,-0.174250965161663,-0.181835738257521,-0.191526719961093,-0.199601233170626,-0.210134055116535,-0.221278529566978,-0.232512042957122,-0.242222532149844,-0.253703804853732,-0.263983903051063,-0.273728170865719,-0.284433960268075,-0.298716114917652,-0.316179577723185,-0.328091639388848,-0.339962233338984,-0.351327274142301,-0.362020276679903,-0.36682176409286,-0.371414546605254,-0.378394988452122,-0.385568941348057,-0.392070434644851,-0.400863459214008,-0.412594231383652,-0.427849600041549,-0.445090454194214,-0.456239573671106,-0.467827482065005,-0.479546538781512,-0.497305840662667,-0.512441799025181,-0.524570789694363,-0.534726678322464,-0.54484622340503,-0.560384975800018,-0.574958857017523,-0.587977626911958,-0.60131262038443,-0.613948360793654,-0.624920877815524,-0.635155681121354,-0.647490196297452,-0.662831348104784,-0.681590406698368,-0.694062977721806,-0.698919344990956,-0.688291675378156,-0.691526839460145,-0.69745572861889,-0.703958096696016,-0.707697130815078,-0.712124208169836,-0.714195491818093,-0.716022590375407,-0.707804553178365,-0.708122814871457,-0.709593433627198,-0.709229546989249,-0.708551448298278,-0.697333567125309,-0.696924596310089,-0.706997121040713,-0.715926592193559,-0.726737297189193,-0.730104304171927,-0.731897378732615,-0.72999373616276,-0.723869868018801,-0.71814644742988,-0.71189568176662,-0.705247727280855
"x96",0,0,0,0,0,0,0,0,0,0,0,0,0,0,0,0,0,0,0,0,0,0,0,0,0,0,0,0,0,0,0,0,0,0,0,0,0,0,0,0,0,0,0,0,0,0,0,0,0,0,0,0,0,0,0,0,0,0,0,0,0,0,0,0,0,0,0,0,0,0,0,0.0017402455022739,0.0090434930138673,0.0149844651027794,0.0205173446766742,0.0255742307333902,0.0295301561026454,0.0324064758247375,0.0345378119876762,0.0365359823498769,0.0386391114314075,0.0414577084580472,0.0439936735873312,0.0462394660223215,0.0482695251657614,0.0496467426133636,0.0510782863877657,0.0535017008979732,0.0555818395144288,0.0527537515348625,0.0473769453810465,0.0413353148102948,0.0355639735237746,0.0306917898092223,0.0259442568376326,0.0217583114162325,0.0188742075605144,0.0182307845623477,0.0207537980650942,0.0260968133564939,0.0279929871277313,0.0311028852115688,0.0345452400220821,0.0376143369084101,0.0412206503254759,0.0452884313221582,0.0478710063752195,0.0486841776870575,0.0502644200142738,0.0523622682500176,0.052886400268451,0.0519199747901027,0.051503314883811,0.0545155799812878,0.0626261857085482,0.072640450171967,0.0857342292291158,0.0982703917895992,0.110884280705373,0.123410655819209,0.135947586691329,0.14848414675622,0.16081524648634,0.170093946285084,0.174424409297516,0.174943817782501,0.175685554885214,0.177041391556276,0.178284978196933,0.178711794359061,0.179327686712553,0.17889044842143,0.17839696607781,0.178313605916811,0.176389872304026,0.174193628684775,0.172229074636328,0.17507189532267,0.175502722969928,0.174486271234001,0.171414045065112,0.16759107308874,0.163317380433634,0.159493645923676,0.155315307869028,0.150175766560979,0.149717285734588,0.149255074727743,0.148509155933567,0.147777137026217,0.146647132821688,0.144171031138635,0.140787514156448,0.138140791396092,0.143024689249055,0.149917512581219,0.157177290199941,0.163930469532851,0.170036436753129,0.17338790517019,0.175934190348029,0.178267416394463,0.179954726864761,0.183513169097536,0.188301250923298,0.193648976127121,0.195766733633053,0.197918245278481,0.193436786741137,0.184486576011693,0.178322345011911,0.175243801894274,0.1699449483581,0.166380279569613,0.160739530400986,0.154669032234196,0.147863184377347,0.134776256233556,0.121102883020789,0.105744690357372,0.0899221267576044,0.0769569841354438,0.0696487096156231,0.0625839937791609,0.0559829485234778,0.0489580313854994,0.0402067314864406,0.0329409539263281,0.0307546971522357,0.0290038344515004,0.0255226505232614,0.0196175893843437,0.0137642749740049,0.00780097946461388,0,0,0,0,0,0,0,0,0,0,0,0,0,0,0,0,-0.00139543908605337,-0.0182983883686602,-0.02747900031474,-0.0343225646919982,-0.0407810325912071,-0.0500181278141992,-0.0571210624884354,-0.066485743286162,-0.0921658246220189,-0.102406369949315,-0.112744256694069,-0.122057876586093,-0.135584999797489,-0.169642685091557,-0.185110641489314,-0.191739195033089,-0.1970160633087,-0.198409155194331,-0.19806340349642,-0.201876274369621,-0.199084462367941,-0.191780765437336,-0.185095496228806,-0.182898144269902,-0.185162654857891,-0.192394106966334,-0.208281268183757,-0.223593841067891,-0.23912050508164,-0.25656012279746
"x97",0,0,0,0,0,0,0,0,0,0,0,0,0,0,0,0,0,0,0,0,0,0,0,0,0,0,0,0,0,0,0,0,0,0,0,0,0,0,0,0,0,0,0,0,0,0,0,0,0,0,0,0,0,0,0,0,0,0,0,0,0,0,0,0,0,0,0,0,0,0,0,0,0,0,0,0,0,0,0,0,0,0,0,0,0,0,0,0,0,0,0,0,0,0,0,0,0,0,0,0,0,0,0,0,0,0,0,0,0,0,0,0,0,0,0,0,0,0,0,0,0,0,0,0,0,0,0,0,0,0,0,0,0,0,0,0,0,-0.00605671245059383,-0.00993520798040939,-0.0119932022133659,-0.0120579144809211,-0.0104628717612161,-0.00832985260415908,-0.00705419467523374,-0.00438614162003433,0,0,0,0,0,0,0,0,0,0,0,0,0,0,0,0,0,0,0,0,0,0,0,0.00558778948845579,0.0170759528316944,0.0286574106772139,0.0369260889782631,0.0464069227066678,0.0552200732596737,0.0662360793628698,0.0760176098888427,0.0906981955913966,0.11771447469298,0.142829251338414,0.163836238116419,0.189529894748424,0.214350405648336,0.229457506457694,0.24107470550526,0.251320338106613,0.261052875432576,0.269907474654176,0.278594647910245,0.289322696341334,0.301399939870446,0.315228733793841,0.332580491309104,0.351353603637469,0.374935466851733,0.400816156749538,0.403486577803426,0.400653180390826,0.396648609677796,0.382486336133049,0.377499006324773,0.381205250689372,0.390159730940781,0.408019071348904,0.443836849447617,0.482698038851552,0.514834637386932,0.544768764296566,0.573024128369848,0.599857300761341,0.626586366317648,0.655280045891836,0.693962997201221,0.721550038988334,0.743265160557961,0.756135406564978,0.74985044583403,0.756701761025933,0.761898623573698,0.747608174165927,0.743786972191795,0.74539145953448,0.751739515656354,0.767384526820101,0.7768645303602,0.785876281235721,0.793581817841005,0.801514443087755,0.804931108936899,0.807484316611671,0.820010484264861,0.829082393777615,0.833177931701244,0.838792553465963,0.84128750497965,0.845195920551702,0.853884487454645,0.869118096597987,0.881748905443759,0.894170901877237,0.9059266016844
"x98",0,0,0,0,0,0,0,0,0,0,0,0,0,0,0,0,0,0,0,0,0,0,0,0,0,0,0,0,0,0,0,0,0,0,0,0,0,0,0,0,0,0,0,0,0,0,0,0,0,0,0,0,0,0,0,0,0,0,0,0,0,0,0,0,0,0,0,0,0,0,0,0,0,0,0,0,0,0,0,0,0,0,0,0,0,0,0,0,0,0,0,0,0,0,0,0,0,0,0,0,0,0,0,0,0,0,0,0,0,0,0,0,0,0,0,0,0,0,0,0,0,0,0,0,0,0,0,0,0,0,0,0,0,0,0,0,0,0,0,0,0,0,0,0,0,0,0,0,0,0,0,0,0,0,0,0,0,0,0,0,0,0,0,0,0,0,0,0,0,0,0,0,0,0,0,0,-0.00513308830298049,-0.0228756212972275,-0.0384570819605391,-0.0475129486025584,-0.0584169325251361,-0.0668415951986339,-0.0742326538556738,-0.0800650884214051,-0.085113600227261,-0.0901698183684838,-0.0975624514998697,-0.105909281746769,-0.11828096007261,-0.131769749136555,-0.145597131698217,-0.157825016318041,-0.169018293158085,-0.183288835147723,-0.201028055731079,-0.198874987600729,-0.192354992416915,-0.184739845197207,-0.165230363659366,-0.152852397316915,-0.146005688934173,-0.144761939803932,-0.152857249314874,-0.174275297690795,-0.202087863464301,-0.226307112787135,-0.249001002138274,-0.270159078496949,-0.290937006468347,-0.313559360580283,-0.337160516827514,-0.358074418873113,-0.368823618791519,-0.378233691982375,-0.384514957005466,-0.379669097655368,-0.385188454341674,-0.387985497632371,-0.37292398474909,-0.366829673809504,-0.36526378008026,-0.367506100018931,-0.375536388770537,-0.378747459459013,-0.382110027879688,-0.385561646626387,-0.390324025057668,-0.392078182102752,-0.400949539148942,-0.413101060395557,-0.419599909167848,-0.422556134540177,-0.425048663606584,-0.426760066301657,-0.431894478514014,-0.44121471799034,-0.453315763560581,-0.462723796647558,-0.472162409187899,-0.482788875853319
"x99",0,0,0,0,0,0,0,0,0,0,0,0,0,0,0,0,0,0,0,0,0,0,0,0,0,0,0,0,0,0,0,0,0,0,0,0,0,0,0,0,0,0,0,0,0,0,0,0,0,0,0,0,0,0,0,0,0,0,0,0,0,0,0,0,0,0,0,0,0,0,0,0,0,0,0,0,0,0,0,0,0,0,0,0,0,0,0,0,0,0,0,0,0,0,0,0,0,0,0,0,0,0,0,0,0,0,0,0,0,0,0,0,0,0,0,0,0,0,0,0,0,0,0,0,0,0,0,0,0,0,0,0,0,0,0,0,0,0,0,0,0,0,0,0,0,-0.00230564314632531,-0.00751924434902263,-0.0105445285035243,-0.0138642958141303,-0.0166068691977715,-0.0181547173170196,-0.0153436491878773,-0.00908294266752518,-0.00412302244740287,0,0,0,0,0,0,0,0,0,0,0,0,0,0,0,0,0,0,0,0,0,0,0,0,0,-0.0125575281257616,-0.0258030266071038,-0.0442787440825042,-0.06534129094269,-0.0871017374402241,-0.108962532489995,-0.130464371387023,-0.143586662526468,-0.155202801959645,-0.16007185672395,-0.161297385042663,-0.160878303705319,-0.162361548166347,-0.16760561151703,-0.175084021455611,-0.189196815356478,-0.208314927943043,-0.225107704256699,-0.242589424035947,-0.27609850561954,-0.296744071457619,-0.298562644702355,-0.292425126152757,-0.281379040839151,-0.267176442001594,-0.245806592138522,-0.226660382828246,-0.205489593829371,-0.185514952576706,-0.16616713666705,-0.150157744071985,-0.138772394487924,-0.139842190762553,-0.14551638254226,-0.15610465110445,-0.167471812177676,-0.190557826241211,-0.207278766727767,-0.226666732554305,-0.282685984451314,-0.306959942026427,-0.321773975729341,-0.326611827066802,-0.32977424730177,-0.349682233031997,-0.365064539779035,-0.3733766256357,-0.378968684731177,-0.387802220787965,-0.404272732543619,-0.418327034139569,-0.438909609969591,-0.455130451390205,-0.472516684258375,-0.488844738167455,-0.500452546762275,-0.50664523586398,-0.508057872781947,-0.509816048626327,-0.510940684678267,-0.516829961595137
"x100",0,0,0,0,0,0,0,0,0,0,0,0,0,0,0,0,0,0,0,0,0,0,0,0,0,0,0,0,0,0,0,0,0,0,0,0,0,0,0,0,0,0,0,0,0,0,0,0,0,0,0,0,0,0,0,0,0.00899818518588046,0.0236590604419674,0.0377665573976096,0.0513729197332812,0.0646292111435591,0.0739529967510183,0.0803951823338891,0.0866247317362697,0.0925374334674113,0.0981011341242725,0.103455119416668,0.108606060156386,0.113562267357048,0.118293792593802,0.123009280792965,0.125830969254466,0.127085454928916,0.127715921385886,0.128744982181659,0.129859162001916,0.129744006383423,0.128659008228239,0.127579761428482,0.126597372376259,0.124994218841161,0.12273266068767,0.120596708182267,0.11731673819846,0.113784806156406,0.108523057997002,0.102848494853699,0.0967383584085571,0.0899201601889882,0.0822573917598284,0.074522189444131,0.0668120132800149,0.0596657266534608,0.0538982218302492,0.0482701681812725,0.0406282270395637,0.0295735709760151,0.0183832743104982,0.00812847969931635,0,0,0,0,0,0,0,0,0,0,0,0,0,0,0,0,0,0,0,0,0,0,0,0,0,0,0,0,0,0,0,0,0,0,0,0,0,0,0,0,0,0,0,0,0,0,0,0,0,0,0,0,0,0,0,0,0,0,0,0,0,0,0,0,0,0.00624252649786879,0.0125189678178691,0.0176199493460979,0.0218006333280397,0.0211637974674641,0.0185149418466047,0.0161738835645306,0.0143529842580975,0.0187689397889816,0.024002893202842,0.0320549346788325,0.0375778018642948,0.0471377952202602,0.0632713747110848,0.0776874148211823,0.0993538919881846,0.122562007628873,0.151319622180608,0.179655750582294,0.208050787759111,0.235940958646876,0.264346230355581,0.285948259776455,0.306298522333427,0.324474666866135,0.340378935621894,0.356731715159709,0.374676358817058,0.395289521167292,0.416348976542642,0.44256726732607,0.459299306623469,0.475218613137625,0.491640131561876,0.520890359362183,0.538116023809169,0.537658285464341,0.529773616627566,0.529846024922113,0.544683625068877,0.557293866113097,0.564865816808935,0.571252903916447,0.577275104828742,0.582915151022417,0.592876523024199,0.608485673398964,0.638867493502067,0.668952433636544,0.69660857012195,0.719711751659696,0.741511107442076,0.768126639582244,0.799062548709773,0.855054536104697,0.884100576328109,0.908114683507272,0.923811588325377,0.942629348962914,0.974192683167861,0.999374720686831,1.01514647423632,1.02644166422555,1.03777781412313,1.04860786555807,1.05757414160794,1.0737021471011,1.0872608710167,1.10368694154919,1.11890015252045,1.13129783364051,1.13958500457018,1.14583593416912,1.15177322126229,1.15703393259148,1.1669466316432
"x101",0,0,0,0,0,0,0,0,0,0,0,0,0,0,0,0,0,0,0,0,0,0,0,0,0,0,0,0,0,0,0,0,0,0,0,0,0,0,0,0,0,0,0,0,0,0,0,0,0,0,0,0,0,0,0,0,0,0,0,0,0,0.0055384987784639,0.0142376045265327,0.0225862277856992,0.0306380908649704,0.0384182592414201,0.04590311433627,0.0531057749226057,0.0600361575350723,0.066537620758753,0.0725693063148992,0.0791519324648558,0.0840911593262129,0.0907202776138108,0.0969199694074736,0.102628096425733,0.109266292337706,0.11706888073652,0.12500592837466,0.132761244817238,0.140626858871422,0.147763715530075,0.154031818637755,0.161774895037615,0.168826698334875,0.177135366750008,0.185088701097692,0.190619142135923,0.19617751564625,0.200999987286168,0.205691547123571,0.210588901886351,0.214563965170941,0.216557866352577,0.218531745327762,0.221472027259179,0.224880620242599,0.228351276246778,0.232498952520909,0.233568791817844,0.227538293346322,0.220492966255771,0.214708747729801,0.209604594643783,0.206196575284597,0.204353325403273,0.203418022020507,0.203529057714113,0.20403066243528,0.204822639285117,0.205631278970231,0.206999680155264,0.208283568761459,0.208629495485789,0.207555501573371,0.206238692827106,0.204435450633183,0.202423626318575,0.200994811638995,0.200118202864406,0.199571145533619,0.198991283419851,0.198348226708827,0.197517374656307,0.197778019794924,0.199192426193858,0.200483429795652,0.201029697407597,0.203219276002883,0.206024980712217,0.206150747708893,0.205654595184531,0.204012743973303,0.201521288487757,0.199405855321786,0.19726584797348,0.195759158318523,0.197363160626799,0.19949219150649,0.201036877948463,0.20296487092504,0.207790827459618,0.212438972779036,0.216118367173697,0.218814923587961,0.222889623332652,0.230135780419183,0.234798795301201,0.240213315723179,0.244766880269167,0.249103441703948,0.250334083819908,0.249526623134617,0.250277149444094,0.252580993206464,0.257855683310496,0.265288204784567,0.272862296822146,0.281317505193541,0.289535722621029,0.299219757872715,0.306304007157591,0.312846347234995,0.315190718931598,0.311040661896485,0.304564269788961,0.295784251533285,0.290055412225826,0.290575740663892,0.293237658416693,0.295231195189071,0.296450409449382,0.287061609428545,0.27490883478374,0.258003619329706,0.247565444559354,0.23366792087488,0.216558782787732,0.201952359440538,0.192330207858764,0.180073096124912,0.16391429704417,0.149818314354711,0.13726152617076,0.125367814284623,0.11385666049273,0.105045368241384,0.0964861888529877,0.0842181055586641,0.070953059769552,0.0546361997644713,0.0374705889614804,0.023292898124004,0.0131653123952481,0,0,0,0,0,0,0,0,-0.0175735188850653,-0.0600879571661556,-0.104707237332949,-0.13890991319563,-0.172592297712251,-0.204848031620931,-0.236665625397447,-0.270825947419787,-0.307496244594356,-0.350667166256007,-0.391227618723984,-0.421081148816471,-0.445242025277045,-0.458683084891203,-0.479200160109409,-0.501978634487127,-0.510462416537552,-0.525778948130327,-0.544341915754004,-0.566068912359554,-0.594727286213837,-0.616930761960003,-0.637683274464269,-0.653996951499527,-0.666717540082773,-0.676037936982846,-0.674685324154223,-0.670815810359113,-0.672331514109717,-0.678058702802047,-0.686882511643077,-0.695194950171664,-0.69800640135117,-0.699678920174662,-0.70606436543609,-0.712610495873493,-0.718880306042291,-0.722992593088883
"x102",0,0,0,0,0,0,0,0,0,0,0,0,0,0,0,0,0,0,0,0,0,0,0,0,0,0,0,0,0,0,0,0,0,0,0,0,0,0,0,0,0,0,0,0,0,0,0,0,0,0,0,0,0,0,0,0,0,0,0,0,0,0,0,0,0,0,0,0,0,0,0,0,0,0,0,0,0,0,0,0,0,0,0,0,0,0,0,0,0,0,0,0,0,0,0,0,0,0,0,0,0,0,0,0,0,0,0,0,0,0,0,0,0,0,0,0,0,0,0,0,0,0,0,0,0,0,0,0,0,0,0,0,0,0,0,0,0,0,0,0,0,0,0,0,0,0,0,0,0,0,0,0,0,0,0,0,0,0,0,0,0,0,0,0,0,0,0,0,0,0,-0.00219353708543555,-0.0092661993367249,-0.0068726416642101,-0.00300823833370833,-0.00108032198650473,-0.00202920743193319,0,0,0,0,0,0,0,0,0,0,0,0,0,0,0,0,0,0,0.0190768144554943,0.0313485869959733,0.0426275661103416,0.0545013042259182,0.0711645434364801,0.0830339718418199,0.0902839043930291,0.0985099522568643,0.112646554607693,0.14030267246404,0.168735448546421,0.191683363869488,0.215561305259571,0.238341296747792,0.260455557674417,0.284547453045727,0.310164971443747,0.341942154305248,0.362214389699665,0.379151537307921,0.392000332493759,0.401073470736589,0.411776308710563,0.425671611462394,0.450176813606304,0.464825267572557,0.482722983974641,0.498098990974639,0.517395991007264,0.548305076188092,0.563381949066767,0.573256851843388,0.580134611646043,0.585398686001912,0.579878534848385,0.581191514751438,0.585951650656782,0.591353316298058,0.595429627184489,0.599404342863569,0.601960630586973,0.607230102787191,0.616723307134518,0.626129092786957,0.635306474279458,0.644938499922801
"x103",0,0,0,0,0,0,0,0,0,0,0,0,0,0,0,0,0,0,0,0,0,0,0,0,0,0,0,0,0,0,0,0,0,0,0,0,0,0,0,0,0,0,0,0,0,0,0,0,0,0,0,0,0,0,0,0,0,0,0,0,0,0,0,0,0,0,0,0,0,0,0,0,0,0,0,0,0,0,0,0,0,0,0,0,0,0,0,0,0,0,0,0,0,0,0,0,0,0,0,0.00290628384335266,0.010497261008098,0.0165253518933644,0.0215964744068695,0.0261398580854506,0.0299066716038552,0.0329249966586209,0.0358300208446102,0.0392303843692243,0.0435387548127615,0.047715121559552,0.050274230614488,0.0498970975387432,0.0494214897199216,0.0492128793562788,0.0503824545772038,0.051272398508867,0.0535250569242759,0.0588413231505884,0.0651981529392943,0.0694287369288985,0.0732493906060534,0.0762613110892995,0.0789519050357833,0.0823490257465539,0.0845488890345224,0.0856415617899045,0.087407379257163,0.0903141990643951,0.0950034577133245,0.100737686648247,0.106332634534399,0.108449866525865,0.110910274250693,0.113531227461856,0.116852537727123,0.121046519496241,0.124183893388517,0.126476218447885,0.128359309530588,0.12994783162971,0.1295958186615,0.12721932587876,0.125407962243171,0.12295222583821,0.120770349580679,0.118115447588446,0.115197573617572,0.114749748626807,0.114837556995791,0.113590952718097,0.113129960933735,0.115537627558556,0.11972722800068,0.121458492620754,0.12045175711651,0.120242494202096,0.119208504937286,0.118215609352082,0.117267091278123,0.116157172752522,0.1158892991903,0.119274849073462,0.122008348158167,0.130259018337511,0.136309121259695,0.142648598942685,0.155703091055259,0.165054133768405,0.172527764818509,0.177217044910771,0.182597700148157,0.194958275761497,0.208091145043411,0.221121343364,0.234141470507238,0.243746205741871,0.254037705478792,0.262109649092962,0.267929262276499,0.266193180439043,0.259818274950377,0.2490632631822,0.242482724874725,0.2364573575515,0.230661525686333,0.22546994167153,0.227444606768502,0.230362608436907,0.238244256511276,0.24812380842115,0.259336974327649,0.268970993565999,0.27547101472009,0.279821618636527,0.273199373152946,0.276556473721087,0.282472017960163,0.288519783436908,0.298061351377252,0.299905470182085,0.302311196120709,0.307342892371248,0.313815089003474,0.318376979050132,0.31747012927929,0.311367004525937,0.305216160029704,0.299817023610523,0.294889476067688,0.286265030543374,0.274788917591629,0.26025026638742,0.25966889450108,0.258761057915513,0.267585867011622,0.297103443173995,0.312579561661839,0.324618991086774,0.315937885387519,0.316771598649385,0.313672365324937,0.309756983223539,0.301166227382341,0.28045271645382,0.275965177665121,0.275807140202721,0.279875445699415,0.286011768832652,0.297358378264728,0.29540104432384,0.289015961175003,0.29102492355157,0.29655202678952,0.299525456910412,0.296118696027869,0.288268491333703,0.278295281578458,0.270176151892458,0.262538095270284,0.251407299946894
"x104",0,0,0,0,0,0,0,0,0,0,0,0,0,0,0,0,0,0,0,0,0,0,0,0,0,0,0,0,0,0,0,0,0,0,0,0,0,0,0,0,0,0,0,0,0,0,0,0,0,0,0,0,0,0,0,0,0,0,0,0,0,0,0,0,0,0,0,0,0,0,0,0.00191420653344407,0.00895960903823724,0.0146164822726745,0.0197025700551419,0.0246323043316726,0.0295143602716647,0.0341122428206797,0.0381504858953941,0.0419737711868455,0.04469362883348,0.04648770509291,0.0479520383874747,0.0483702671779928,0.0492131711854562,0.049232445904255,0.0487991306727847,0.0489673475746495,0.0488380598175464,0.0486251324955763,0.0484975680333059,0.049600017225505,0.05043918032842,0.0508512127555858,0.0512837740405931,0.0521568373611599,0.0540564198473345,0.0575040455208757,0.0617782948916568,0.0643096430234797,0.063981503915625,0.0659098981966152,0.0684312310269259,0.0702490164595063,0.0712296516207448,0.0736647014031076,0.0755598345044654,0.0760277843657877,0.0759328964897765,0.0760487189336519,0.0773655566332457,0.0813455653440521,0.0859004322962531,0.0913160286717702,0.0946649631964068,0.0977214509236745,0.100743645737995,0.101686369470911,0.103417574268812,0.10641752965052,0.109620151079886,0.113072940709942,0.116617803738056,0.119089971930109,0.12140539718552,0.12289611704529,0.12393357849744,0.125100582238848,0.126833239412533,0.12822861347324,0.131252605466889,0.13543435229948,0.139462734462133,0.144205217249985,0.149675661986757,0.155167333803471,0.161078705546573,0.16527970702523,0.16731225721489,0.169234118953624,0.171408898745912,0.17494132894957,0.176570934768946,0.178625046377873,0.180924770837158,0.183672419235418,0.186158399037856,0.188603111532144,0.191399754875467,0.192912622936117,0.194990594999928,0.191752178508392,0.187670523786414,0.186830565637469,0.187182719377956,0.189218348923376,0.193589589558179,0.197777487336417,0.202093674085928,0.205423190664961,0.207724331839791,0.207746308937512,0.208363339340962,0.203843649394803,0.201185699588281,0.198169297229345,0.191598720407838,0.185973769380836,0.181504086898309,0.179741527945394,0.176933491002778,0.171211827771786,0.165240043979243,0.158997149672077,0.156478835687416,0.153709025744466,0.147008531304687,0.143235472685946,0.140566485910274,0.141947495114478,0.145737671596023,0.152912048694953,0.154198897796008,0.153553331296858,0.152720537312013,0.150692105670924,0.143263950418076,0.135291221467406,0.125324745332342,0.115345478254594,0.105712378647656,0.101426201001553,0.0986459308282981,0.0934927542207711,0.0822411687688252,0.069328084532407,0.057363886375635,0.0449669069338455,0.0151697588234195,0,0,0,0,0,0,0,0,0,0,0,0,0,0,0,-0.0110593822907649,-0.0501045959236318,-0.0719317823644099,-0.0951111958534801,-0.138718423237487,-0.15446988147259,-0.166179086091769,-0.170593806476566,-0.174448496195728,-0.198390240673887,-0.208625415861082,-0.213914804266253,-0.221038206241001,-0.231277874097465,-0.250780829533581,-0.263005694412156,-0.269360625624853,-0.277839859820001,-0.287826973934301,-0.295185619206545,-0.298440771213084,-0.301342592917517,-0.303390065862706,-0.30521119553664,-0.307611183384288,-0.312995694255882
"x105",0,0,0,0,0,0,0,0,0,0,0,0,0,0,0,0,0,0,0,0,0,0,0,0,0,0,0,0,0,0,0,0,0,0,0,0,0,0,0,0,0,0,0,0,0,0,0,0,0,0,0,0,0,0,0,0,0,0,0,0,0,0,0,0,0,0,0,0,0,0,0,0,0,0,0,0,0,0,0,0,0,0,0,0,0,0,0,0,0,0,0,0,0,0,0,0,0,0,0,0,0,0,0,0,0,0,0,0,0,0,0,0,0,0,0,0,0,0,0,0,0,0,0,0,0,0,0,0,0,0,0,0,0,0,0,0,0,0,0,0,0,0,0,0,0,0,0,0,0,0,0,0,0,0,0,0,0,0,0,0,0,0,0,0,0,0,0,0,0,0,0,0,0,0,0,0,0,0,0,0,0,0,0,0,0,0,0,0,0,0,-0.00237401000502152,-0.0110171343413647,-0.0170963467594727,-0.0152150294225729,-0.00732158044228498,-0.00345777812197908,-0.00523722727182196,-0.0069749802623065,-0.0139620260270837,-0.0186190617848427,-0.0304132633235408,-0.0441639670006552,-0.0536676928586753,-0.0600719622560542,-0.0616971228125807,-0.0579920215087547,-0.055455820715097,-0.053658018533892,-0.0516642468846373,-0.0488165681173264,-0.0456624720631574,-0.0414774975352586,-0.0455928126741059,-0.0451546985419817,-0.0421294862831256,-0.035704131184841,-0.0350986505911035,-0.033653246280093,-0.0266756742165095,-0.0253503200042117,-0.0220463675457425,-0.0179474871636303,-0.00786564885925208,0,0,0,0,0.00346477536012613,0.016976355698265,0.0173590466995489,0.0132113971406083,0.00593442868042482,0,0,0.000101400739485456,0.00365259757916474,0.00699848966427628,0.00914210737491641,0.0113492419103759,0.0148566190329628
"x106",0,0,0,0,0,0,0,0,0,0,0,0,0,0,0,0,0,0,0,0,0,0,0,0,0,0,0,0,0,0,0,0,0,0,0,0,0,0,0,0,0,0,0,0,0,0,0,0,0,0,0,0,0,0,0,0,0,0,0,0,0,0,0,0,0,0,0,0,0,0,0,0,0,0,0,0,0,0,0,0,0,0,0,0,0,0,0,0,0,0,0,0,0,0,0,0,0,0,0,0,0,0,0,0,0,-0.00402150333531234,-0.0079164337445722,-0.0111518163625406,-0.0143067956568706,-0.0178109931560276,-0.0209117847027428,-0.0249994547837325,-0.0297608859547613,-0.0344075451629128,-0.0365720022771301,-0.0376609640372647,-0.0416860392379842,-0.045828942083723,-0.0503946292546537,-0.0551913616649492,-0.0586527577484117,-0.0602534669306245,-0.0615724400662094,-0.0610478819264384,-0.0598818827775361,-0.0587040314813286,-0.0571441157716792,-0.0557450111752115,-0.0543899961903098,-0.0538350174133554,-0.0569998761737573,-0.0623298329154139,-0.065026908065258,-0.0665626679156519,-0.0697131332983886,-0.0740602063031056,-0.07899086209452,-0.0848929583596787,-0.0922691325737891,-0.0996314842928759,-0.105466556917296,-0.111083252381623,-0.117731983480837,-0.123417690572439,-0.128415432059451,-0.13380223842413,-0.137820063711462,-0.141954540751256,-0.146147099287951,-0.148591303693179,-0.148454934381591,-0.142606006543758,-0.136800089047019,-0.133659403186167,-0.131347742574228,-0.130757188968167,-0.131216624954205,-0.131330637020376,-0.130846586228472,-0.128919317911353,-0.1251368866937,-0.117497140382958,-0.11010860044282,-0.105179861218324,-0.102704247326844,-0.103327058728089,-0.108081811849382,-0.114289447413447,-0.119098013239373,-0.12228674347471,-0.129566526149575,-0.137271559735762,-0.138503669310202,-0.140000382219912,-0.141543663785049,-0.141782022512718,-0.142328792784268,-0.14127189384512,-0.139539824448726,-0.138806506267227,-0.137346151471426,-0.135770408441577,-0.132343416999443,-0.127799632159099,-0.122829852476752,-0.118351992923981,-0.115984589198113,-0.113562320143319,-0.11184619915419,-0.11023837824227,-0.107592974084675,-0.100826337789386,-0.0980155748686587,-0.0989308202081845,-0.101406166444133,-0.108965376742162,-0.11490883981068,-0.121352434125348,-0.129776346510099,-0.133559207781519,-0.135532053852782,-0.140765415395603,-0.146082692606203,-0.155540598365683,-0.157019523176805,-0.15171474101434,-0.146077872689363,-0.140757299531584,-0.136318790126004,-0.133473125682872,-0.131145538560879,-0.135711690589773,-0.143934248327798,-0.157418223042297,-0.171354438468266,-0.191962464664271,-0.186272146232384,-0.180121715271053,-0.168078917484499,-0.163796409607578,-0.161428805731895,-0.160340560538919,-0.160334043371179,-0.158827955310755,-0.158523495585281,-0.163643768059465,-0.166912530639297,-0.175852993784049,-0.200786195066383,-0.22827356461698,-0.251133582341579,-0.275381864655265,-0.29294972286158,-0.299916808194146,-0.302946123987392,-0.306370951080208,-0.307136852468536,-0.307505466190604,-0.308048084470137,-0.309004131147691
"x107",0,0,0,0,0,0,0,0,0,0,0,0,0,0,0,0,0,0,0,0,0,0,0,0,0,0,0,0,0,0,0,0,0,0,0,0,0,0,0,0,0,0,0,0,0,0,0,0,0,0,0,0,0,0,0,0,0,0,0,0,0,0,0,0,0,0,0,0,0,0,0,0,0,0,0,0,0,0,0,0,0,0,0,0,0,0,0,0,0,0,0,0,0,0,0,0,0,0,0,0,0,0,0,0,0,0,0,0,0,0,0,0,0,0,0,0,0,0,0,0,-0.00289771550398466,-0.00899207935198764,-0.0154455212197977,-0.022724170767981,-0.0297061033461025,-0.03466958090991,-0.0391824390749549,-0.0411511326020944,-0.0474727235305233,-0.0534599355642661,-0.0559974368112645,-0.0560026398441057,-0.0584106383540034,-0.0641935766708045,-0.0709826655724989,-0.0760103046001772,-0.0803774262923874,-0.0811497451268385,-0.0770532451322314,-0.0725275757822458,-0.0705860500666954,-0.0709983727231052,-0.0700964557682287,-0.0707159566397189,-0.068825001905586,-0.0676326657314986,-0.0681892294767888,-0.0675076264296233,-0.0686148298845595,-0.0704043854715704,-0.0747737963853819,-0.0789242650203031,-0.080145395500816,-0.0786882778021072,-0.0777543275744217,-0.0797070198086,-0.0889340314798405,-0.0987255009023152,-0.109134422136208,-0.120141189328037,-0.135111464836118,-0.15182338646983,-0.166702720917988,-0.174678840875553,-0.182140687084247,-0.185027061654547,-0.178202901660262,-0.168149509185541,-0.161457648647873,-0.159108653542977,-0.148475518687702,-0.133220456957178,-0.129882268748963,-0.127965773554009,-0.126935707885646,-0.127868872975303,-0.128176792367745,-0.133160940625255,-0.138717566817046,-0.144368422658216,-0.152543646155724,-0.162507878472274,-0.170413910856775,-0.179850937941981,-0.189632925694829,-0.197937373077494,-0.200190680039111,-0.202446509481338,-0.20453889468722,-0.206390073105436,-0.207160099482693,-0.210900884302122,-0.214784611650675,-0.219252257674784,-0.225876876366882,-0.219439623420245,-0.211399608173778,-0.202508852543553,-0.177668288962364,-0.166143140166913,-0.158590131690943,-0.143765057412756,-0.131471378134576,-0.112646326689592,-0.106026796029172,-0.112963192654998,-0.119664642405956,-0.125573050361963,-0.129484615561111,-0.130603050114688,-0.132670817637587,-0.123741474565572,-0.103679413539525,-0.0821691454954251,-0.0547605631973098,0,0,0,0,0,0,0,0.00176276811242039,0.0265105321398081,0.037946825956604,0.0529574838192994,0.066615966299929,0.0862749665314978,0.127298673031455,0.179380782049624,0.221018002819581,0.270438554645146,0.308392418943028,0.322352379818355,0.327835191265962,0.329488007391207,0.328474194799285,0.328264006879761,0.32871426284841,0.331616276716863
"x108",0,0,0,0,0,0,0,0,0,0,0,0,0,0,0,0,0,0,0,0,0,0,0,0,0,0,0,0,0,0,0,0,0,0,0,0,0,0,0,0,0,0,0,0,0,0,0,0,0,0,0,0,0,0,0,0,0,0,0,0,0,0,0,0,0,0,0,0,0,0,0,0,0,0,0,0,0,0,0,0,0,0,0,0,0,0,0,0,0,0,0,0,0,0,0,0,0,-0.00351079278189023,-0.00858620836360857,-0.0139180654163367,-0.0184519996013936,-0.0237280125479564,-0.0296151607011801,-0.0356002397175631,-0.0417833756788771,-0.0452372147557753,-0.0471434723390662,-0.0478855420387305,-0.0488373905322185,-0.0492383353823506,-0.0487295489730925,-0.0471767240981949,-0.0453505973315933,-0.0432203454145715,-0.0434478571630253,-0.0446320635245774,-0.043579685099335,-0.0414232291543326,-0.0394487685504898,-0.0367928956618489,-0.0327618726264242,-0.0272726788946426,-0.0214479247884388,-0.0160961241276215,-0.0101449511989504,-0.00464516629102803,0,0,0,0,0,0,0,0,0,0,0,0,0,0,0,0,0,0,0,0,0,0,0,0,0,0,0,0,0,0.00220851451310414,0.0174296861260529,0.032412261908909,0.0487878857893192,0.0638860219469049,0.0834710723513022,0.100300746577827,0.115464281747833,0.129834989853103,0.141619862488898,0.154414134832106,0.163429464743364,0.170959188901526,0.17706611862594,0.182294076317753,0.180384063188287,0.174152329873251,0.172364307432371,0.172554352569119,0.173814012730669,0.176553277587591,0.180974331769212,0.189269158478153,0.197195585398511,0.202094930020157,0.210650950424607,0.223660076029665,0.238297342719453,0.25375359636908,0.268644436545824,0.282721522732998,0.291746611935581,0.300367886821194,0.311462547438383,0.322830539088032,0.332975365727125,0.340017898869112,0.347975317081821,0.355209965296519,0.359823926578423,0.358693627189491,0.361907641586464,0.364883191094999,0.372389769474334,0.381245622181101,0.393229379178267,0.400284694701645,0.401594554046112,0.386120017532052,0.375127099957795,0.375264072289267,0.376084355543754,0.376544404741364,0.376722921928979,0.375551109147956,0.373358229058014,0.370335917904613,0.364829460096225,0.35770022341785,0.347369206526537,0.333741630361273,0.337734786655874,0.340828015474077,0.358504587427721,0.361985411133075,0.366057351765492,0.370841479548395,0.373456407903434,0.383057119059822,0.382597382767161,0.378258308645241,0.372183049418449,0.365507651516197,0.360122569756846,0.360391668457234,0.358354805474273,0.352052436198245,0.347869478343579,0.34951843288822,0.356267201769609,0.365889019645786,0.375508796718548,0.384609890426024,0.393817326113222,0.404371411913814
"x109",0,0,0,0,0,0,0,0,0,0,0,0,0,0,0,0,0,0,0,0,0,0,0,0,0,0,0,0,0,0,0,0,0,0,0,0,0,0,0,0,0,0,0,0,0,0,0,0,0,0,0,0,0,0,0,0,0,0,0,0,0,0,0,0,0,0,0,0,0,0,0,0,0,0,0,0,0,0,0,0,0,0,0,0,0,0,0,0,0,0,0,0,0,0,0,0,0,0,0,0,0,0,0,0,0,0,0,0,0,0,0,0,0,0,0,0,0,0,0,0,0,0,0,0,0,0,0,0,0,0,0,0,0,0.00285748238187805,0.0138102835065438,0.0254834676356299,0.036265299970127,0.0452402612233598,0.0531533306429974,0.0617228794987419,0.0703062356113474,0.0781133394344537,0.0848365355910587,0.092103706107692,0.0990768992720254,0.10616226997446,0.113698137759194,0.121631266039828,0.130961831886593,0.142007563969233,0.153369221590863,0.166485512935585,0.179547169494899,0.190444216246591,0.201943681399004,0.21127414450235,0.212405404576994,0.212969883548571,0.211349681324659,0.212772056719434,0.213136099014423,0.217479169094314,0.222727036398691,0.223403834993252,0.22823061036413,0.232013438124574,0.232916375311169,0.236349968941931,0.240623560719148,0.246387401237213,0.254028434145688,0.262449569499039,0.27405816984416,0.285997184243418,0.296591080651587,0.305562452400148,0.312734281194619,0.31898544465102,0.324227328487956,0.333335343672698,0.34606314464204,0.358547027297381,0.368016185862186,0.378867085314209,0.389849043088743,0.400460211222215,0.407699325660618,0.414499463129539,0.420898024180874,0.426177322912647,0.432517009194899,0.44202777001728,0.450981322535277,0.460495965777365,0.475978393914734,0.484711916010404,0.490529786140607,0.496433176377278,0.499745463858983,0.503155752682978,0.498777747581409,0.495927255021678,0.497540881713035,0.510496936834963,0.529137846752603,0.544047787640359,0.558791424492041,0.572744513438472,0.585853984679614,0.602246066698139,0.622094562293208,0.639547715197534,0.651659159221644,0.660112637628162,0.663375703528688,0.650261289699171,0.646851665552978,0.647739704680717,0.656692429599025,0.662727971917225,0.670614886291098,0.675139145523235,0.681230852281655,0.686874235661888,0.695173925477773,0.700238980386996,0.702131907186975,0.700517990718444,0.683489786090909,0.671073284790037,0.668830918507882,0.662691750486239,0.658577319076426,0.653179144111066,0.650477408767252,0.647534905481372,0.645526065806662,0.643404165746037,0.640894150605522,0.638828987506731
"x110",0,0,0,0,0,0,0,0,0,0,0,0,0,0,0,0,0,0,0,0,0,0,0,0,0,0,0,0,0,0,0,0,0,0,0,0,0,0,0,0,0,0,0,0,0,0,0,0,0,0,0,0,0,0,0,0,0,0,0,0,0,0,0,0,0,0,0,0,0,0,0,0,0,0,0,0,0,0,0,0,0,0,0,0,0,0,0,0,0,0,0,0,0,0,0,0,0,0,0,0,0,0,0,0,0,-0.00402024253111176,-0.0101922880624752,-0.0181909726031258,-0.0272070681126056,-0.0359026896802051,-0.0427365331501893,-0.0477116726778402,-0.0521701802055317,-0.0566994640446378,-0.0598951606702104,-0.0619973503974064,-0.0633046912289285,-0.0649751464168028,-0.0671723319172635,-0.0704670458827839,-0.074083059621237,-0.0773173536946646,-0.0809213621429403,-0.0856900410911417,-0.0916411372100202,-0.0989387851456271,-0.106154878214463,-0.110916584272095,-0.114427603645874,-0.117222112198628,-0.120324577245623,-0.121155545463332,-0.121632960775313,-0.124397897958406,-0.131692569319232,-0.138421185515951,-0.144379490316266,-0.150776603566061,-0.156951701760946,-0.163743391839628,-0.171099787132689,-0.176940762014477,-0.181268269987307,-0.185836589125345,-0.193227908868234,-0.199886763897576,-0.20779650340434,-0.21697267906867,-0.226070717551737,-0.235180633652173,-0.244846682023211,-0.254057803146291,-0.264064103005248,-0.274611718009408,-0.283052202484993,-0.291241033225895,-0.297966751593743,-0.304302738173228,-0.30940505655613,-0.317035637329109,-0.326290050451273,-0.334215607925788,-0.342458830303641,-0.347908454020958,-0.355920007364597,-0.364065302136756,-0.369784303620755,-0.377393935515313,-0.382653494230141,-0.385739919189354,-0.385862810377415,-0.382875925046344,-0.380214838642896,-0.379321128381624,-0.377392370227987,-0.374696296251827,-0.37068094905212,-0.366017508358366,-0.362338451111629,-0.365061399130189,-0.371648054287604,-0.377846586010066,-0.379400066215029,-0.380072059332101,-0.380484653177004,-0.381751848892347,-0.386747839633123,-0.391064257031108,-0.390314147081599,-0.387496249059536,-0.383748197691507,-0.381187983111325,-0.378602309879686,-0.379519478618486,-0.387544001109823,-0.391085467461779,-0.391056135821662,-0.390854927132994,-0.389183185963399,-0.388934753357286,-0.387286084134694,-0.386464139052921,-0.382751706482521,-0.388930766047129,-0.395931548001119,-0.396958869223912,-0.397857956864442,-0.398588044902873,-0.399593929835293,-0.403192600116244,-0.40888515690725,-0.421297129426403,-0.429422286544679,-0.436891984097987,-0.441111551015134,-0.448067943129056,-0.450549171193042,-0.455268169654262,-0.469500559235805,-0.475672486994608,-0.480982070333125,-0.482480591060213,-0.485677504012,-0.513992694216238,-0.525570926457501,-0.530591241748203,-0.533358539849733,-0.534424836356132,-0.537490426611167,-0.549997602076174,-0.565474031072772,-0.580882609281651,-0.596827497421076,-0.604090311919248,-0.607837962149117,-0.611413482635973,-0.616119556858827,-0.619329415146211,-0.622038025166533,-0.62751516065551
"x111",0,0,0,0,0,0,0,0,0,0,0,0,0,0,0,0,0,0,0,0,0,0,0,0,0,0,0,0,0,0,0,0,0,0,0,0,0,0,0,0,0,0,0,0,0,0,0,0,0,0,0,0,0,0,0,0,0,0,0,0,0,0,0,0,0,0,0,0,0,0,0,0,0,0,0,0,0,0,0,0,0,0,0,0,0,0,0,0,0,0,0,0,0,0,0,0,0,0,0,0,0,0,0,0,0,0,0,0,0,0,0,0,0,0,0,0,0,0,0,0,0,0,0,0,0,0,0,0,0,0,0,0,0,0,0,0,0,0,0,0,0,0,0,0,0,0,0,0,0,0,0,0,0,0,0,0,0,0,0,0,0,0,0,0,0,0,0,0,0,0,0,-0.0045511978419687,-0.0161828609427064,-0.0258857640148417,-0.032824885114228,-0.0358672208433147,-0.0391948951094161,-0.0405431598293302,-0.0414634892784365,-0.0413377582351298,-0.0395559915690705,-0.0376184499600831,-0.0374684098132814,-0.0404015337834922,-0.0438544447581861,-0.0465224928044067,-0.0458063424161858,-0.0453681850076213,-0.0478100773524553,-0.0520675372443136,-0.0560423255181511,-0.0600883023352076,-0.0626657032498363,-0.056215965229864,-0.0464018759260078,-0.0455154355571341,-0.0516941481458938,-0.0584849827427166,-0.0651631333214315,-0.0680527276568515,-0.0653708863899125,-0.0616854429175812,-0.0629763940082302,-0.0484614257429998,-0.0352523286930893,-0.0319289240527501,-0.0309386774470385,-0.0303790000838928,-0.02955881362322,-0.0281793142504893,-0.027732808537824,-0.020547793917413,-0.018998024765127,-0.0163987349114785,-0.0149764245125067,-0.0033484877596368,-0.00116216751957163,0,0,0,0,0,0.00487582129335639,0.0392968984543005,0.0496963528984222,0.0550124942548513,0.0599478937105481,0.0654871689188555,0.0863015490641533,0.116846637200183,0.14170200566438,0.167837456227254,0.191236361054141,0.205146996368469,0.215995727874804,0.227461259603766,0.240934172653563,0.251674970048484,0.262349283443401,0.276455666469594
"x112",0,0,0,0,0,0,0,0,0,0,0,0,0,0,0,0,0,0,0,0,0,0,0,0,0,0,0,0,0,0,0,0,0,0,0,0,0,0,0,0,0,0,0,0,0,0,0,0,0,0,0,0,0,0,0,0,0,0,0,0,0,0,0,0,0,0,0,0,0,0,0,0,0,0,0,0,0,0,0,0,0,0,0,0,0,0,0,0,0,0,0,0,0,0,0,0,0,0,0,0,0.000859482212130605,0.0081103669262496,0.0118214844794897,0.0168380176595027,0.0231111296233079,0.0328552009011,0.0430432876871118,0.0536148647955316,0.0644507694940968,0.0746533707100134,0.082030319908762,0.0871739809142754,0.0915306891113445,0.0978576734772646,0.105382638537089,0.111952811860923,0.114886431214866,0.116573833526356,0.121003011675047,0.125054418934626,0.129058337539842,0.13251302274162,0.136143442707428,0.141717906114967,0.147298879493594,0.15366148108015,0.160215240719701,0.166828119291905,0.177078463488386,0.187166636320525,0.201151046191065,0.210523626800157,0.217640507200332,0.225508550070102,0.232038917108635,0.237266515585233,0.242102085291992,0.248250488988315,0.252441614558647,0.254751189154081,0.257351083466963,0.260350668596745,0.264852099971306,0.268985137549438,0.272667738252192,0.275736012023233,0.278286574565157,0.279624803963391,0.27845645740139,0.276329484166928,0.276972590298198,0.27923174898259,0.284172843832054,0.288835073228852,0.291119053116844,0.293064106308475,0.296429448728235,0.299964828045383,0.304417182357644,0.309523054729177,0.316580658137067,0.322833222274556,0.32698921651234,0.32861562450499,0.328923172967758,0.326712206094287,0.324558452459922,0.321791035111466,0.317561251302136,0.310966789888926,0.301093454849775,0.293746607714307,0.290814059482562,0.286302788733764,0.278444959208472,0.269036504508136,0.258544286967135,0.245410441225915,0.233827549971101,0.223991898893776,0.212017150433375,0.196288083797041,0.182564049548585,0.170664769185616,0.159466339265953,0.149170364096432,0.145198409547764,0.141683965083711,0.135995617449087,0.130380840295333,0.124375919638018,0.118484076242695,0.110971960951237,0.102384673621971,0.0977756916498612,0.0989398799438231,0.103390931475087,0.108092010971066,0.114379894049479,0.117063945233664,0.115441199308857,0.111243131593951,0.109918029220965,0.108148129579619,0.105255935536514,0.104881999797419,0.107459022034055,0.11006156998832,0.11237091221315,0.114161241957849,0.116016385082801,0.122061537276439,0.123745224980776,0.125483598743938,0.129922493539995,0.142859681255525,0.154772921482742,0.168973627985869,0.194063968226227,0.203355783805286,0.210434682972648,0.210938330016918,0.204905023721861,0.2194590933308,0.22725699303515,0.226299089266853,0.227284578768763,0.226097842808372,0.218661476874548,0.205706908943667,0.193520853865388,0.184271426328587,0.174648636900433,0.169393637217451,0.162986636010073,0.157260655488208,0.153101119597564,0.148824090542241,0.144250474312295,0.140069963787141
"x113",0,0,0,0,0,0,0,0,0,0,0,0,0,0,0,0,0,0,0,0,0,0,0,0,0,0,0,0,0,0,0,0,0,0,0,0,0,0,0,0,0,0,0,0,0,0,0,0,0,0,0,0,0,0,0,0,0,0,0,0,0,0,0,0,0,0,0,0,0,0,0,0,0,0,0,0,0,0,0,0,0,0,0,0,0,0,0,0,0,0,0,0,0,0,0,0,0,0,0,0,0,0.000901692813056324,0.00681353515735741,0.012479820361971,0.0194006560959966,0.0241791894170381,0.0283513759858908,0.0320181144738469,0.0344391520252258,0.0369363909891274,0.0390557510362953,0.0414428648910717,0.044371289871208,0.0416770619509692,0.0375521345778385,0.0348201040101691,0.0348578719489928,0.035026458701504,0.0344149676427591,0.0333119974093993,0.0309267564306595,0.0287309381009939,0.0257521863588156,0.0219006947931246,0.0191355475874143,0.0168390119093674,0.0141300972341235,0.0140941321379526,0.0124455936728139,0.0113429024829565,0.00386534251705887,0,0,0,0,0,0,0,0,0,0,0,0,0,0,0,0,0,0,0,0,0,0,0,0,0,0,0,0,0,0,0,0,0,0,0,0,0,0,0,0,0,0,0,0,0,0,0,0,0,0,0,0,0,0,0,0,0,0,0,0,0,0,0,0,0,0,0,0,0,0,0,0,0,0,0,0,0,0,0,0,0,0,0,0,0,0,0,0,0,0,0.00320245695031194,0.0152590551565205,0.00765417165094907,0,0,0,0,0,0,0,0,0,0,0,0,0,0,0,0
"x114",0,0,0,0,0,0,0,0,0,0,0,0,0,0,0,0,0,0,0,0,0,0,0,0,0,0,0,0,0,0,0,0,0,0,0,0,0,0,0,0,0,0,0,0,0,0,0,0,0,0,0,0,0,0,0,0,0,0,0,0,0,0,0,0,0,0,0,0,0,0,0,0,0,0,0,0,0,0,0,0,0,0,0.000483227482832399,0.00678833412827979,0.014615481796061,0.0223017369422459,0.029527422257793,0.0353013580510834,0.0404897961275954,0.0455140300290208,0.050360681163676,0.0553318314702348,0.0600786182544525,0.064233124373876,0.0682547173060398,0.0719615708609501,0.0748597825553536,0.078453000317858,0.0825008150562513,0.085471055787362,0.0871689933344929,0.0825715766617092,0.0763025572012722,0.0695268622549145,0.0601256737343528,0.0508202957559151,0.0424944823611221,0.0348902821782979,0.0287997366260489,0.0228382455175522,0.0187102844521118,0.0157951374553179,0.0125534862417019,0.01266855234494,0.0131692882406801,0.0126881875085522,0.00992838685860763,0.00606018594592104,0.00217473879795908,0,0,0,0,0,0,0,0,0,0,0,0,0,0,0,0,0.000804600902813906,0.00275094270508939,0.004938679381792,0.0054074668744144,0.00637220822880849,0.0068194525607306,0.00847368792526952,0.00679055648094941,0.00620900126544416,0.00882970401878868,0.0107548425963969,0.0136742375116703,0.016500060236179,0.0185137511636009,0.0205601794941229,0.0221881686033069,0.0220293629045642,0.0224672734370262,0.0226217155225325,0.0213991912776782,0.0211035260471563,0.0193512011231696,0.01644198943976,0.0129169266762318,0.00980852539857449,0.00531945136647435,0.000466241500006694,0,0,0,0,0,0,0,0,0,0,0,0,0,0,0,0,0,0,0,0,0,0,0,0,0,0,0,0,0,0,0,0,0,-0.000768421437390146,-0.00567450056205652,-0.0107135588840041,-0.0193510133921065,-0.0264363173780424,-0.0296271949420652,-0.0289561008568532,-0.026216779052391,-0.0207272581108946,-0.0189471120540618,-0.0235247855325213,-0.0303081607128675,-0.0365816893034777,-0.0419621774235786,-0.0479702570750514,-0.0563230756433033,-0.0725588148174122,-0.0821196760398558,-0.0888295480702213,-0.0919664789009893,-0.0915504376434819,-0.0981310090517342,-0.108317486427701,-0.128516980498832,-0.133265520599177,-0.137361004222192,-0.140465923281912,-0.150674807512132,-0.164685245780545,-0.168854225277985,-0.170566480187104,-0.172972097575887,-0.173791259780377,-0.169188211816186,-0.171008951440327,-0.174426940440042,-0.176000555760394,-0.176911477604545,-0.178206304755634,-0.178988891935049,-0.180179879281838,-0.181069283914963,-0.179167731053547,-0.176691396120594,-0.175663204999342
"x115",0,0,0,0,0,0,0,0,0,0,0,0,0,0,0,0,0,0,0,0,0,0,0,0,0,0,0,0,0,0,0,0,0,0,0,0,0,0,0,0,0,0,0,0,0,0,0,0,0,0,0,0,0,0,0,0,0,0,0,0,0,0,0,0,0,0,0,0,0,0,0,0,0,0,0,0,0,0,0,0,0,0,0,0,0,0,0,0,0,0,0,0,0,0,0,0,0,0,0,0,0,0,0,0,0,0,0,0,0,0,0,0,0,0,0,0,0,0,0,0,0,0,0,0,0,0,-0.000539324499305716,-0.0094966387669711,-0.0199066443358891,-0.0297658432423907,-0.0358201912178836,-0.0419997144987704,-0.0492639202822868,-0.0560632230269651,-0.0643824113456645,-0.0723165595679734,-0.0804165748600569,-0.0884768284358924,-0.0968084700511826,-0.105358440943351,-0.113406499431984,-0.12261687852054,-0.131326267160811,-0.139609239007449,-0.147147840255359,-0.154680493008783,-0.160379281470603,-0.166614726663992,-0.170858060601503,-0.175511301888431,-0.179717422612648,-0.184203016727299,-0.190970629466331,-0.194898039358977,-0.197031172134172,-0.198723863827951,-0.198651490747567,-0.198482302604969,-0.199211020784329,-0.202064452344868,-0.202641816721046,-0.202831124460253,-0.207497852361425,-0.219199461153656,-0.230085249380559,-0.241626031083264,-0.256863096915692,-0.271145371019935,-0.281787103736193,-0.291396325969125,-0.30240292524874,-0.314378806379019,-0.321511825649469,-0.329257230845497,-0.335618389404528,-0.340479103065718,-0.348618221119929,-0.355566164567492,-0.361504935794438,-0.365952272203598,-0.369331701218498,-0.374223122570542,-0.384927430557781,-0.393829503835248,-0.401974534330633,-0.410847014230828,-0.421957875844568,-0.432440932933939,-0.443147427258975,-0.453887967755343,-0.466948274734717,-0.477986144105901,-0.48553293639312,-0.49195261501672,-0.497858718387585,-0.508408729605825,-0.516519705064789,-0.524229027881326,-0.551607409424375,-0.568269062180011,-0.582093131440605,-0.601202284008119,-0.61838044663112,-0.639609516957199,-0.652906111308178,-0.653658271145484,-0.653018105831936,-0.653042376073749,-0.654470523398317,-0.656529513272011,-0.656729219575981,-0.6592025970557,-0.673085242992542,-0.685524155522631,-0.701049864197425,-0.742011801754476,-0.75712752834448,-0.767536269493295,-0.777027466463738,-0.786175890130749,-0.793075367184768,-0.797975389778278,-0.79953376029031,-0.814767293907338,-0.821320351058655,-0.827706148089995,-0.83310112861315,-0.841838264495712,-0.866753782908758,-0.898911043389359,-0.924923542376256,-0.958614396122421,-0.989155630431437,-1.00324984052356,-1.00881792069964,-1.01278978990002,-1.01846539149256,-1.02689644830941,-1.03595977445427,-1.04499612650039
"x116",0,0,0,0,0,0,0,0,0,0,0,0,0,0,0,0,0,0,0,0,0,0,0,0,0,0,0,0,0,0,0,0,0,0,0,0,0,0,0,0,0,0,0,0,0,0,0,0,0,0,0,0,0,0,0,0,0,0,0,0,0,0,0,0,0,0,0,0,0,0,0,0,0,0,0,0,0,0,0,0,0,0,0,0,0,0,0,0,0,0,0,0,0,0,0,0,0,0,0,0,0,0,0,0,0,0,0,0,0,0,0,0,0,0,0,0,0,0,0,0,0,0,0,0,0,0,0,0,0,0,0,0,0,0,0,0,0,0,0,0,0,0,0,0,0,0,0,0,0,0,0,0,0,0,0,0,0,0,0,0,0,0,0.00343299801351523,0.0226559750981676,0.0389312316860189,0.057935677170416,0.0870714538228667,0.11088302032221,0.133483049733928,0.157315364281252,0.186233067416654,0.216392184996376,0.237387441022649,0.258836305204537,0.279913199082736,0.29822293914911,0.321451515026867,0.346040376191063,0.368545379005948,0.386232790690831,0.40151714132351,0.413472144772936,0.424789127595255,0.434367902088692,0.443097998570563,0.451664124832457,0.46096865267041,0.469894945121752,0.482530498753986,0.496652672245183,0.513169789905571,0.5287922960802,0.543568677524972,0.556169886172191,0.561125567434519,0.576678101511036,0.593884391950499,0.610744181695153,0.639207568173538,0.658479448105231,0.681177869986727,0.710659050366873,0.736609970900494,0.770032990593664,0.791752395703355,0.799104343766044,0.803448784901648,0.80817226624814,0.813636627142619,0.818015757188307,0.820538820239577,0.825620530224069,0.846285504402171,0.867303185534311,0.890510269693559,0.933100495318856,0.9468071314017,0.955233559829466,0.946154632520921,0.951629601245856,0.956094904838065,0.959572344368995,0.962371361526083,0.965189915733884,0.971052271068456,0.982109135373024,0.992411205731807,1.00772902595391,1.04216427189906,1.08717185011175,1.12517717568577,1.17030939055646,1.21035643141887,1.2325573469618,1.24604834705174,1.25471655558218,1.26198352268505,1.27073287393776,1.28027838992398,1.29114546237421
"x117",0,0,0,0,0,0,0,0,0,0,0,0,0,0,0,0,0,0,0,0,0,0,0,0,0,0,0,0,0,0,0,0,0,0,0,0,0,0,0,0,0,0,0,0,0,0,0,0,0,0,0,0,0,0,0,0,0,0,0,0,0,0,0,0,0,0,0,0,0,0,0,0,0,0,0,0,0,0,-0.00064317066011668,-0.000454809744234762,0,0,0,-0.000882812293383674,-0.00565069207534707,-0.0107028108183636,-0.0156009647738206,-0.0188710089908717,-0.0222005181170004,-0.0261064522798735,-0.03003343133128,-0.0336089278554557,-0.0368447510502511,-0.0399938799154716,-0.0430368762655072,-0.0460709649492619,-0.0492130178013086,-0.050922984410758,-0.0529513588737947,-0.0549675533086102,-0.0562378588320327,-0.0570155163967885,-0.05931790986238,-0.062571479776763,-0.06479063256088,-0.0648324182904449,-0.0643101558098255,-0.0624844231408917,-0.0604299171410123,-0.0580488083395611,-0.0604565876139176,-0.0650655816327379,-0.0690975005376788,-0.0729175971350211,-0.0777366789339414,-0.0823655159524243,-0.0860698075206774,-0.0881298845648217,-0.0896758984845676,-0.0916181356596135,-0.0938355755271568,-0.0966489847973977,-0.0994205913760934,-0.101191785659998,-0.102991291690017,-0.104792091244945,-0.106495176201391,-0.104569476894459,-0.102335442554811,-0.0988173910895049,-0.0945397165620237,-0.090520985947158,-0.0866978439539477,-0.0849322043306329,-0.0830289552435574,-0.0820180700631691,-0.0815910167534811,-0.0805071212308578,-0.0764802315232496,-0.0734806773060163,-0.073953674634217,-0.0756537611994069,-0.081114534308826,-0.0903364505454395,-0.0989896543227625,-0.107296256465103,-0.117122529449978,-0.122609578305198,-0.129869531280115,-0.137864025791462,-0.145521356501332,-0.148970423813185,-0.14934385346011,-0.151049311518026,-0.152879435103841,-0.157445290148904,-0.161449033805125,-0.164302008802609,-0.166585110586901,-0.168430295654851,-0.169813227788936,-0.17272382721204,-0.178359902043378,-0.193208739177238,-0.203367421933665,-0.213277955457548,-0.229664847794196,-0.241695554835264,-0.257883737172897,-0.27803708342194,-0.302683335455803,-0.327839481265226,-0.349424461411752,-0.371023616224096,-0.391628840459071,-0.413060374083374,-0.436211332475292,-0.462637848173688,-0.486235563066757,-0.502661365552431,-0.514842527865931,-0.520916705534609,-0.523718775967999,-0.528296275282787,-0.533272251585471,-0.537689922892813,-0.543668756562616,-0.550027016875582,-0.560646105481537,-0.571797904869021,-0.582455866229112,-0.593178010305507,-0.606888820123157,-0.614707654225527,-0.614913399528302,-0.620186181009503,-0.627096145371123,-0.633936210220735,-0.622820327975723,-0.615423219611316,-0.619607961902878,-0.626259201503126,-0.631615770764694,-0.635299319884017,-0.636097502786199,-0.635311973731785,-0.631338528421234,-0.627710639320675,-0.624140527304001,-0.617920203928525,-0.608887602297001,-0.586731602421026,-0.571626342852223,-0.563135679491892,-0.560760723463354,-0.556461718186807,-0.550001213691689,-0.539874352007759,-0.507457586161538,-0.499588750610398,-0.49239549450526,-0.488622141694676,-0.482567628686467,-0.453490262018192,-0.445530777363424,-0.445459147986656,-0.447564139899989,-0.45189667018824,-0.45981404055055,-0.458984788925545,-0.454267120839047,-0.44816747303571,-0.440821780122554,-0.442291981566906,-0.44807542974723,-0.452161265952273,-0.455335024960522,-0.459144002681338,-0.463637374257826,-0.467409689900285
"x118",0,0,0,0,0,0,0,0,0,0,0,0,0,0,0,0,0,0,0,0,0,0,0,0,0,0,0,0,0,0,0,0,0,0,0,0,0,0,0,0,0,0,0,0,0,0,0,0,0,0,0,0,0,0,0,0,0,0,0,0,0,0,0,0,0,0,0,0,0,0,0,0,0,0,0,0,0,0,0,0,0,0,0,0,0,0,0,0,0,0,0,0,0,0,0,0,0,0,0,0,0,0,0,0,0,0,0,0,0,0,0,0,0,0,0,0,0,0,0,0,0,0,0,0,0,0,0,0,0,0,0,0,0,0,0,0,0,0,0,0,0,0,0.00708111920162993,0.01721750791038,0.0276723524378719,0.0376725322543779,0.0460637230588393,0.0518439309287545,0.0566557673588879,0.0609263198283301,0.0682760428154046,0.0763942288924805,0.0870374205871639,0.0988400945109498,0.107818067021413,0.116369846880054,0.124055135136689,0.130623593024972,0.137909782846842,0.145342106327719,0.150650226047922,0.158508603605196,0.166736895112291,0.170951447523432,0.171362480668291,0.168609201567489,0.168273975854989,0.168763991469591,0.175622707326809,0.185035218419926,0.196191927817289,0.208071545107447,0.21887370758243,0.227694943714214,0.23646233717143,0.246535970132596,0.255206049530341,0.263419785467234,0.271107276003167,0.278654881372602,0.281757832408931,0.280181631505576,0.284124989307119,0.289857237293076,0.295983128349001,0.302631087060152,0.314399608923678,0.326580192554681,0.337881586092136,0.348193719986892,0.358564576986367,0.367087682292308,0.378392586658049,0.395241623659584,0.420543235157773,0.44352034763451,0.461539517166809,0.47965493317101,0.498598599959914,0.512748930766877,0.522400330006025,0.531153728028731,0.542221397601126,0.564812659569672,0.584567704768338,0.59919820176883,0.611692193938436,0.623425084819274,0.635032349422954,0.646508418082943,0.65493978105579,0.666132609950244,0.666415261128278,0.672059836121365,0.684900485189342,0.715352576691845,0.730328172308833,0.744701502917015,0.775268711735412,0.790356792734835,0.804710379652833,0.814922569864919,0.8296847149481,0.863094614182075,0.87704336260325,0.889101426444144,0.903589571648472,0.919228208799075,0.938932767870969,0.947392504423415,0.947374059661276,0.947534100835069,0.9446030884451,0.948413243961972,0.954043833072413,0.961650392220868,0.971991770843414,0.98173988177887,0.991884634447047,1.00508579819557
"x119",0,0,0,0,0,0,0,0,0,0,0,0,0,0,0,0,0,0,0,0,0,0,0,0,0,0,0,0,0,0,0,0,0,0,0,0,0,0,0,0,0,0,0,0,0,0,0,0,0,0,0,0,0,0,0,0,0,0,0,0,0,0,0,0,0,0,0,0,0,0,0,0,0,0,0,0,0,0,0,0,0,0,0,0,0,0,0,0,0,0,0,0,0,0,0,0,0,0,0,0,0,0,0,0,0,0,0,0,0,0,0,0,0,0,0,0,0,0,0,0,0,0,0,0,0,0,0,0,0,-0.0041270284489269,-0.00938038632875037,-0.0163273245706366,-0.0256319409194962,-0.0349345751528037,-0.0463835315531627,-0.058915211001825,-0.0711958781247244,-0.0838525536364572,-0.0941113835369217,-0.104150111654122,-0.113554512809151,-0.121342080428689,-0.126946106050498,-0.13241473371475,-0.141578760919299,-0.149280981212768,-0.155546893661008,-0.163772152215927,-0.170955098434741,-0.173433968835577,-0.178531779060715,-0.186586608556648,-0.195909250952722,-0.204192128044219,-0.210659033101969,-0.21511177747592,-0.220046511956301,-0.22518501332293,-0.233265795424223,-0.240049544393364,-0.245481400194548,-0.252972366623504,-0.260342174263166,-0.261590967226698,-0.260530535746702,-0.259512179308279,-0.262138442288525,-0.262613114255358,-0.263039954042709,-0.262266465934361,-0.261181326814779,-0.263674628424755,-0.267193069690638,-0.267025407097799,-0.263777374292934,-0.257754280389875,-0.246521768594732,-0.234081546922953,-0.221860411758379,-0.209278637645918,-0.197824098474264,-0.186107565858427,-0.183756902739696,-0.184082648835956,-0.184794146671772,-0.185749815823404,-0.188511544358581,-0.191520006552444,-0.194904221724764,-0.198624176174907,-0.202834450715687,-0.206602057687892,-0.210907405634425,-0.220749046681259,-0.237593916878968,-0.261439023892277,-0.284090535754689,-0.307111136595438,-0.341410092613948,-0.363288973382574,-0.374706107321376,-0.390178081355383,-0.411889032160984,-0.448292942192376,-0.476846219733121,-0.496719759111982,-0.515386907539116,-0.533102750472018,-0.55061789556575,-0.56764978687186,-0.581080317893837,-0.598416046739689,-0.611227426861238,-0.626924341119065,-0.649756947189211,-0.694420540327535,-0.71754306788369,-0.739078038516091,-0.77017747670078,-0.787639299122379,-0.803123785078168,-0.814074813956441,-0.829090645871984,-0.856174937964467,-0.868227472496818,-0.880529374459216,-0.892910452388194,-0.907295767213814,-0.924085148878881,-0.933411625700863,-0.939915199002793,-0.952366911017049,-0.96030271993451,-0.966510125527948,-0.971676311745199,-0.976131961647552,-0.979676477865921,-0.983837259520495,-0.987903036401754,-0.993464482859863
"x120",0,0,0,0,0,0,0,0,0,0,0,0,0,0,0,0,0,0,0,0,0,0,0,0,0,0,0,0,0,0,0,0,0,0,0,0,0,0,0,0,0,0,0,0,0,0,0,0,0,0,0,0,0,0,0,0,0,0,0,0,0,0,0,0,0,0,0,0,0,0,0,0,0,0,0,0,0,0,0,0,0,0,0,0,0,0,0,0,0,0,0,0,0,0,0,0,0,0,0,0,0,0,0,0,0,0,0,0,0,0,0.0098996234482883,0.0199602270983468,0.029223503856572,0.04039766838111,0.051498524162091,0.062571998766328,0.071944604480782,0.0751802782371841,0.076559420868564,0.0788407034476884,0.0811997557849787,0.0842496536784156,0.0880648708155562,0.0898413061905694,0.0905069265386158,0.0913278325710339,0.0922624750427673,0.0925790029791964,0.0910225284253432,0.0911486895781109,0.0920735099785637,0.0958282974027364,0.10158793576196,0.107942774596505,0.114693405000245,0.124472616159766,0.134944095322298,0.147321644306313,0.158325506737684,0.169531484043726,0.179935430294095,0.187784074334797,0.189276422808196,0.188375097670791,0.192490804049103,0.195178087862251,0.196874317730961,0.202796161000852,0.208342668306119,0.211527920872731,0.214461935268928,0.217176718635105,0.220092248983068,0.221821540880739,0.224033187398446,0.22694022721532,0.230995490865702,0.235137432119105,0.241413160074636,0.244880767434513,0.249171317010453,0.247223651028668,0.245686512546295,0.242927918352023,0.241891274867154,0.242439576174517,0.242587561826583,0.240990237824277,0.234632811071388,0.225847009274524,0.217227620497341,0.210432187621394,0.199349349723984,0.184658196050592,0.171409182628636,0.155991588183242,0.13556085591661,0.116262341477408,0.099250407652569,0.0849978440900633,0.0781653632527832,0.078702219336413,0.0804032742910185,0.0813019035609212,0.0815407664064051,0.0805801454026778,0.0733077853812468,0.0658507619357061,0.0559587264885571,0.0458563792753279,0.0368349954760536,0.0320518161664927,0.0268372825572717,0.018458180948308,0.00831423308764062,0.00513730948070682,0.0028070500646157,0,0,0,0,0.00469254136261644,0.0137588493474729,0.0243901880189498,0.0295032708384387,0.0354876966950995,0.0412104226954952,0.0468018669474783,0.0532498614314784,0.0603502201965845,0.0666155535435249,0.0786790651202747,0.0947863622153432,0.110480033476637,0.125108795906907,0.140856783614996,0.143869603564779,0.144062066058688,0.136754373790318,0.133401221373537,0.130321126003738,0.13428169931007,0.143737092101899,0.150597321389804,0.154036378258382,0.160351759203413,0.165494691152997,0.170745684686459,0.186421841358116,0.210181742319664,0.23351399456636,0.257992204445343,0.275141017690584,0.283345051627835,0.289288402536662,0.293200900094717,0.295731668712861,0.297039432969792,0.297689865105555,0.298548215760409
"x121",0,0,0,0,0,0,0,0,0,0,0,0,0,0,0,0,0,0,0,0,0,0,0,0,0,0,0,0,0,0,0,0,0,0,0,0,0,0,0,0,0,0,0,0,0,0,0,0,0,0,0,0,0,0,0,0,0,0,0,0,0,0,0,0,0,0,0,0,0,0,0,0,0,0,0,0,0,0,0,0,0,0,0,0,0,0,0,0,0,0,0,0,0,0,0,0,0,0,0,0,0,0,0,0,0,0,0,0,0,0,0,0,0,0,0,0,0.00512154423790594,0.0213532453207697,0.038583558987259,0.053197687524887,0.0669448021192497,0.0794436947617958,0.0908504171550644,0.101803556810438,0.112834309128724,0.12294101176973,0.132669433632416,0.142818692271188,0.155902913357953,0.170432022005011,0.184812334291817,0.197434537324915,0.209771930608983,0.222595278947787,0.23959321754193,0.25618247184233,0.271919890353272,0.286422849008851,0.300013566333127,0.313086627918295,0.325409624791135,0.338975360999692,0.355460969927964,0.371186895915366,0.383960264783923,0.397720266556935,0.410804159108363,0.421674230225906,0.433771005749655,0.443588631989813,0.45128239167811,0.460261693434306,0.468697880394706,0.474489828438717,0.479391979844771,0.484322088083254,0.489656147889143,0.495804671851998,0.502835875286861,0.51057872690704,0.519233473071876,0.532886277204366,0.546358711135466,0.562323694071542,0.574925821030405,0.589720927404679,0.610667960226291,0.629252002045265,0.650427903692765,0.672069937107258,0.692881449097403,0.71409797084428,0.740963021875787,0.769066902522239,0.792804051820526,0.816160897058906,0.845218432714045,0.873132635244905,0.897280573179168,0.915538240840043,0.929830496869057,0.938349052308584,0.948984950780649,0.961781366636243,0.974614802453393,0.987691420246538,1.00252344827778,1.0168751867363,1.03686285911096,1.05808252838088,1.07861230842823,1.09551788030768,1.11000794197962,1.12267356955677,1.13130254320821,1.14326948688976,1.16111718580856,1.18004611161272,1.2083570131945,1.22392368030843,1.23184411373829,1.23791555541068,1.24078488887481,1.23208326564253,1.22551451648411,1.2200830966845,1.21636632496321,1.21299632561721,1.20906724793548,1.20363924179969,1.19878789127746,1.19116893973453,1.18936648201614,1.18607897311954,1.18618657966823,1.19427015639201,1.20496540674714,1.21729292331658,1.23630863913934,1.24609005444245,1.25349507434704,1.2534011839154,1.24673292612476,1.2359381961825,1.23473941713461,1.23238242279859,1.23012381433673,1.22873601669754,1.2181434393906,1.20125412405139,1.1836018710879,1.1671480607345,1.15568801315456,1.1486608559179,1.14429371195869,1.1404455393135,1.13643509452514,1.13482123531419,1.13387336419733,1.1319513987997
"x122",0,0,0,0,0,0,0,0,0,0,0,0,0,0,0,0,0,0,0,0,0,0,0,0,0,0,0,0,0,0,0,0,0,0,0,0,0,0,0,0,0,0,0,0,0,0,0,0,0,0,0,0,0,0,0,0,0,0,0,0,0,0,0,0,0,0,0,0,0,0,0,0,0,0,0,0,0,0,0,0,0,0,0,0,0,0,0,0,0,0,0,0,0,0,0,0,0,-0.00106911148914364,-0.00292693912461814,-0.00382218536867922,-0.00700800942125376,-0.0111654277883377,-0.0139802690114333,-0.0156616348773119,-0.0228203783853621,-0.0414504825868282,-0.0596189579454712,-0.0784552489884262,-0.0971250050415631,-0.116193886323827,-0.137410120774048,-0.153264339186499,-0.167274639159235,-0.183491823080918,-0.199803285992769,-0.21744775172351,-0.240202160600731,-0.268208236583706,-0.296942162413252,-0.321310616621653,-0.344240093780589,-0.365209138150771,-0.385556876052324,-0.405658936056051,-0.424347558891786,-0.441907799750902,-0.459156903028723,-0.475123630271571,-0.495043312995236,-0.51728958325234,-0.542819574237877,-0.565776694174606,-0.586182657107626,-0.604961667103153,-0.628201014011836,-0.652181282614206,-0.67493397702886,-0.701050068010716,-0.733396776450038,-0.764159726773099,-0.793207559955368,-0.819717585653803,-0.845991688181105,-0.86809245381901,-0.889768881630311,-0.911517354516131,-0.930671602033751,-0.947461374084375,-0.959363226006083,-0.968611066156959,-0.977614693517089,-0.991591595279744,-1.0066533088282,-1.02106392769672,-1.03563080224505,-1.04941026253532,-1.06345883612437,-1.0773699821582,-1.09271372848795,-1.10878833046883,-1.12518313770412,-1.14367607452063,-1.1614471628938,-1.18010884198046,-1.19703176851113,-1.21686030040493,-1.23993967213331,-1.26353814022652,-1.29116255231552,-1.3192681720142,-1.3486044436022,-1.37698165312747,-1.40082121590401,-1.42316016785735,-1.44201539369925,-1.46140397573491,-1.48646469665049,-1.5071159996191,-1.52647346601496,-1.54320148375383,-1.55472732182125,-1.56239294873716,-1.57869953543084,-1.59577209427914,-1.61234251740764,-1.62932750710045,-1.64893084970784,-1.66800130896378,-1.68884474476191,-1.70989627259822,-1.73211839897347,-1.74973421121432,-1.76270821266332,-1.77717650814612,-1.79648672689637,-1.82216504566659,-1.84888239611653,-1.87565757970086,-1.91712288542473,-1.94672541697244,-1.96924084976318,-1.9929952270879,-2.01621359916927,-2.04666264161262,-2.07502214329934,-2.09774194872463,-2.12149132664458,-2.14426792198305,-2.16630374907545,-2.18880012146572,-2.21105632852072,-2.23831590639818,-2.25942753047607,-2.27963323423666,-2.30379847010628,-2.34731205958544,-2.3733621286375,-2.40063414922238,-2.44078349565204,-2.46158264715879,-2.48243907992223,-2.49657334442776,-2.51042146252403,-2.55462079957309,-2.58004806222644,-2.5971261001804,-2.61347743942397,-2.63190703347985,-2.65487026162613,-2.6802725671451,-2.70111761387225,-2.72591575644165,-2.74774489637758,-2.76454568587458,-2.77553767117329,-2.78569594668246,-2.79708280764187,-2.80730217285498,-2.81764077128416,-2.83090140815473
"x123",0,0,0,0,0,0,0,0,0,0,0,0,0,0,0,0,0,0,0,0,0,0,0,0,0,0,0,0,0,0,0,0,0,0,0,0,0,0,0,0,0,0,0,0,0,0,0,0,0,0,0,0,0,0,0,0,0,0,0,0,0,0,0,0,0,0,0,0,0,0,0,0,0,0,0,0,0,0,0,0,0,0,0,0,0,0,0,0,0,0,0,0,0,0,0,0,0,0,0,0,0,0,0,0,0.00761617126252395,0.0285667555785072,0.0490065150913564,0.0697307114453279,0.0904425514947534,0.111193075570962,0.127923171251985,0.13916508234667,0.14885182927674,0.159001703689522,0.170232213742411,0.182941990657317,0.197858633157242,0.212069947348494,0.227621455051256,0.240650941820287,0.252895288225483,0.264348614902062,0.276000394297054,0.288469476255391,0.299932689010465,0.311136044736037,0.322664072012155,0.332157992842419,0.345579058176898,0.360401124576259,0.377142965228585,0.39162347514829,0.403577571202583,0.413676115324113,0.425614447018364,0.437004934212578,0.447191849052078,0.460304703018701,0.479086721531252,0.496878419770486,0.515099164662959,0.530708146681025,0.542528218776966,0.551042662341704,0.560463880396792,0.569494459031101,0.579082545919372,0.586956420572015,0.589861605399439,0.591482156837872,0.595480095329068,0.60775635207122,0.617525631871399,0.62951286742636,0.644221649952046,0.654253049040971,0.662876279389885,0.670497418188575,0.67934593997716,0.690380409209205,0.701105114338933,0.713810444917027,0.726059305697835,0.735395191390957,0.742989133731224,0.750213670142713,0.753983135045465,0.759619119996901,0.768657837172951,0.779656495501474,0.789587082543631,0.797291791299712,0.8029014224085,0.807872525092225,0.811512767974439,0.817540631216515,0.822483550678353,0.825612897712165,0.829500738761803,0.83340842405334,0.833719066150393,0.8332080236972,0.840010593972749,0.848865417905143,0.858037209704124,0.86787593423904,0.878331616378149,0.888334258607867,0.89676829254566,0.904190152401591,0.912393140487459,0.918524388179389,0.921603847305688,0.9260692612186,0.93841156400674,0.95364927336499,0.968199054517342,0.98218754404723,0.998838809603495,1.0157546964646,1.03115188715066,1.04638810658571,1.06205575029292,1.09202401868863,1.12530235869772,1.15541575826472,1.18550914550119,1.21386870594383,1.24113260148141,1.27009383994122,1.29772844627057,1.32424811757813,1.33441032527413,1.3443619354724,1.35618599720451,1.37466613537694,1.3902870740817,1.40819685629203,1.44553023778468,1.46446508613254,1.48541779674952,1.50300835775749,1.52399321702894,1.58190683012589,1.6097241703667,1.62579352624772,1.63941241591633,1.65267748513043,1.6628420086183,1.6748199298433,1.68745067845026,1.70139648884292,1.71197196519248,1.72581007329997,1.73891837704705,1.75191924512156,1.76699097066406,1.77951401832105,1.79167369019114,1.80793753258234
"x124",0,0,0,0,0,0,0,0,0,0,0,0,0,0,0,0,0,0,0,0,0,0,0,0,0,0,0,0,0,0,0,0,0,0,0,0,0,0,0,0,0,0,0,0,0,0,0,0,0,0,0,0,0,0,0,0,0,0,0,0,0,0,0,0,0,0,0,0,0,0,0,0,0,0,0,0,0,0,0,0,0,0,0,0,0,0,0,0,0,0,0,0,0,0,0,0,0,0,0,0,0,0,0,0,0,0,0,0,0,0,0,0,0,0,0,0,0,0,0,0,0,0,0,0,0,0,0,0,0,0,0,0,0,0,0,0,0,0,0,0,0,0,0,0,0,0,0,0,0,0,0,0,0,-0.00313770422438211,-0.00998230096464803,-0.0132034513297379,-0.0129943166106865,-0.011350660776312,-0.0101922416712442,-0.0115740475668819,-0.00965427561747618,-0.0101678137785057,-0.0119565176223268,-0.0108874878056117,-0.00827834989009274,-0.00535559243302451,-0.00110308000641114,0,-0.00165385289596687,-0.00685999868331334,-0.0154644450850709,-0.0238958530008274,-0.0263538231772322,-0.0275372183065972,-0.0303837063745671,-0.035278447023596,-0.035392319243083,-0.0371382858538618,-0.0380821400606519,-0.0364478073506317,-0.0349601435782129,-0.035373659337294,-0.0406230998718463,-0.047044465077019,-0.0537132719827825,-0.0601250847353553,-0.0642089025595046,-0.0682379290879406,-0.0727472729567477,-0.0766352435882024,-0.0824429123523448,-0.0884582730093337,-0.0933390509747671,-0.0946228015719288,-0.0963770251637631,-0.098604123867965,-0.100552871028043,-0.101704345639375,-0.0929272914119512,-0.0915374394417619,-0.0967422330183218,-0.105227399125377,-0.118318680062917,-0.1398104704717,-0.165205649585329,-0.187761400818856,-0.209607273635286,-0.230355172642688,-0.251046368633127,-0.274253066447304,-0.295467927960319,-0.308291229501273,-0.310726020686714,-0.31441158641679,-0.318082864629185,-0.313167092765865,-0.306567577946415,-0.299061430953058,-0.288552393359982,-0.286789116452831,-0.289839052068232,-0.298554123395157,-0.310405034139389,-0.331377705722007,-0.3439730266293,-0.353980496718487,-0.362613046463519,-0.369089623405877,-0.369465146710543,-0.370088957853289,-0.36933606451277,-0.367034411028509,-0.357954404852187,-0.356363045216825,-0.36015491201003,-0.365948456270222,-0.375706507770764,-0.384385804141904,-0.393062004774806,-0.401273878075422
"x125",0,0,0,0,0,0,0,0,0,0,0,0,0,0,0,0,0,0,0,0,0,0,0,0,0,0,0,0,0,0,0,0,0,0,0,0,0,0,0,0,0,0,0,0,0,0,0,0,0,0,0,0,0,0,0,0,0,0,0,0,0,0,0,0,0,0,0,0,0,0,0,0,0,0,0,0,0,0,0,0,0,0,0,0,0,0,0,0,0,0,0,0,0,0,0,0,0,0,0,0,0,0,0,0,0,0,0,0,0,0,0,0,0,0,0,0,0,0,0,0,0,0,0,0,0,0,0,0,0,0,0,0,0,0,0,0,0,0,0,0,0,0,0,0,0,0,0,0,0,0,-2.43197373682398e-05,-0.0120664554608821,-0.0214613009402904,-0.0272776032084265,-0.029207122324083,-0.0287385307567053,-0.0288542009262598,-0.0295571894790106,-0.0310783507111355,-0.0325868409381919,-0.037323369401159,-0.043587120378602,-0.0482337583776788,-0.0529028255273847,-0.0561759008081253,-0.0566102429187086,-0.0576520040260181,-0.0568575756343983,-0.0509446275868862,-0.0398444698324169,-0.0214718980732089,-0.00420272493102209,0,0,0,0,0,0,0,0,0,0,0,0,0,0,0,0,0,0,0,0,0.00285556004605234,0.00151407539703591,0.000272322722407976,0.0075408384628328,0.014977238992448,0.0216580516711398,0.013864533547443,0.0130151690643011,0.0200736443455913,0.0308736093962452,0.0479328350348961,0.0724893027335233,0.0912018794488992,0.105738413378732,0.118436678270425,0.130775858989082,0.142503613813343,0.154124581605959,0.164830392130776,0.166976551810011,0.165307114243903,0.171109732414046,0.174728259761352,0.161331047312101,0.143983761048294,0.123293345779222,0.0793866692389813,0.0634348506884167,0.052820314781622,0.0485138261345723,0.0445701745581774,0.0202813532453602,0.0155181989164846,0.0186098993187435,0.0229041017818065,0.028658741625647,0.0281214270531875,0.0232510552117803,0.0191640578401897,0.0137312123627778,0.00175232591224492,0,0,0,0,0,0,0
"x126",0,0,0,0,0,0,0,0,0,0,0,0,0,0,0,0,0,0,0,0,0,0,0,0,0,0,0,0,0,0,0,0,0,0,0,0,0,0,0,0,0,0,0,0,0,0,0,0,0,0,0,0,0,0,0,0,0,0,0,0,0,0,0,0,0,0,0,0,0,0,0,0,0,0,0,0,0,0,0,0,0,0,0,0.00317240241554589,0.00756468116580961,0.0125998163351135,0.0177433722315863,0.0268308130420038,0.0359461986353089,0.045596480561047,0.0549646367302916,0.0658895796638434,0.0764885755473745,0.0867875833889945,0.0967474850727465,0.107221696372666,0.118230260992952,0.129129389243608,0.141848959143647,0.15371012878043,0.165206068250819,0.177687983252171,0.185478134710912,0.189939857877501,0.193936637435393,0.196438409247749,0.199094249634335,0.202466913183324,0.204826606721456,0.207485613542537,0.211769008954168,0.216322587108142,0.221225740496162,0.227660493105891,0.234521935518499,0.241248491800545,0.248512098002082,0.254598523912706,0.261109582102495,0.267749022100696,0.274066357492333,0.27995029005836,0.285709146279082,0.291376940827294,0.29668013097558,0.301355971108128,0.305703950783041,0.309900902031086,0.311084904565368,0.312451292508863,0.312416635163095,0.313087241073117,0.313657703393178,0.312536842712573,0.312260387105565,0.314968939999137,0.317086671838169,0.318876695910115,0.321025079807906,0.324446784665825,0.327584482117765,0.328127621619839,0.33121001980312,0.335070302971624,0.338437455446282,0.341555003694972,0.344304843488628,0.345643255934277,0.346834272838565,0.348310808270437,0.349343400706172,0.358149731082164,0.366955024338011,0.374671426380483,0.380814355477188,0.384544464182701,0.388352405248642,0.392072368751882,0.396132119246716,0.398809887468941,0.399508757794061,0.406811408562718,0.413580435233931,0.419948917561203,0.426631044408826,0.432151546540428,0.437133029024084,0.442754800966722,0.444311202427417,0.443146695745608,0.438866959562823,0.437518042139612,0.442373901407932,0.448731037593844,0.456122299875558,0.462339579379187,0.46725664955697,0.470333315369963,0.472433994909082,0.472381706006905,0.474313146262285,0.479473796808027,0.49423900911713,0.510492692342528,0.526782469240809,0.54209715684687,0.552275622762119,0.562063986701656,0.572207036122024,0.58198644386108,0.592312832770225,0.601907923676818,0.608731233704331,0.611050212593106,0.610126946610434,0.610883505724823,0.615895287098481,0.621431043314047,0.641010260369879,0.653013416432577,0.659162647896341,0.66174029806173,0.659828536753075,0.640241016597168,0.623520713679625,0.617735343674459,0.613151156653295,0.609011021472052,0.606054202912198,0.604952748641398,0.604042390029237,0.605293858381173,0.608051967023146,0.605027872897377,0.607643206913208,0.625359422270162,0.63904549754448,0.654276351396996,0.697177103516743,0.712425958334969,0.723574242187734,0.733683151520859,0.742943842483213,0.772512147928891,0.785192318485285,0.790825249897525,0.795341583508662,0.798129293878606,0.804517398283113,0.8131828046023,0.818805859891373,0.823467991553654,0.827303873396445,0.829781306506052,0.833332659189527,0.836863876877978,0.840854048462674,0.844959347575312,0.849327259919762,0.853513525879512
"x127",0,0,0,0,0,0,0,0,0,0,0,0,0,0,0,0,0,0,0,0,0,0,0,0,0,0,0,0,0,0,0,0,0,0,0,0,0,0,0,0,0,0,0,0,0,0,0,0,0,0,0,0,0,0,0,0,0,0,0,0,0,0,0,0,0,0,0,0,0,0,0,0,0,0,0,0,0,0,0,0,0,0,0,0,0,0,0,0,0,0,0,0,0,0,0,0,0,0,0,0,0,0,0.005695278624561,0.0142018890012415,0.0203574637875019,0.0244498811508832,0.028037954829007,0.0303173682343129,0.0335485131523477,0.0365168102423539,0.0396352648834963,0.0453898058792411,0.0511161791089179,0.0530882820742285,0.0533584121255591,0.053385842202108,0.0520111490210221,0.0517412924604499,0.0510505517958255,0.0501033231518083,0.0492176030703135,0.04861232996828,0.0461203285487303,0.0417841816097549,0.0388847782467224,0.0370797662874867,0.0349274357013585,0.0342025332966431,0.0357902708582582,0.0374605508924831,0.0380353327135987,0.0387939321921263,0.0389219832223084,0.039854580572735,0.0369812454674658,0.03163217883564,0.027380396655699,0.0224239869906224,0.0154956203004202,0.00721544497850352,0,0,0,0,0,0,0,0,0,0,0,0,0,0,0,0,0,0,0,0,0,0,0,-0.00193732191527799,-0.0128657125639643,-0.0268487753893459,-0.037804689450834,-0.0482709741425985,-0.0554309950706152,-0.0625136051605695,-0.07046336139494,-0.0777060908230611,-0.0829346486418509,-0.089161061164558,-0.0955338103029195,-0.0982951323495694,-0.10459129772528,-0.109214303644231,-0.113567215280657,-0.118466705992114,-0.129696312681357,-0.144937731018224,-0.16198713901834,-0.183474414098648,-0.204491776005008,-0.223887969009161,-0.234091305663488,-0.24333257697342,-0.252511001442738,-0.26048374416914,-0.271251285839885,-0.286086890886501,-0.301578011901312,-0.316062493783838,-0.341243341368657,-0.368530596624749,-0.394940143944192,-0.42127423863611,-0.462966979841612,-0.494779017994105,-0.51779828876289,-0.540576417318232,-0.563533208607502,-0.594344955116497,-0.621614969107869,-0.648381626657561,-0.675049935885506,-0.700791372298755,-0.726344072237715,-0.75525445886078,-0.787567736253478,-0.830659599878696,-0.871051479912587,-0.905079432297057,-0.937533176372711,-0.97977238091843,-1.01082448227418,-1.04402949366896,-1.09936426649011,-1.12717675164287,-1.15375387015212,-1.17797967496764,-1.20860502708047,-1.25900391820703,-1.2897767385453,-1.31209410228201,-1.32914630367334,-1.34575399591365,-1.36856124309567,-1.40502279206313,-1.44610326952332,-1.48666628874031,-1.52337052030862,-1.54975868417671,-1.56545992917416,-1.58045473883121,-1.59692061790403,-1.6103762303652,-1.62354588055737,-1.63927948653549
"x128",0,0,0,0,0,0,0,0,0,0,0,0,0,0,0,0,0,0,0,0,0,0,0,0,0,0,0,0,0,0,0,0,0,0,0,0,0,0,0,0,0,0,0,0,0,0,0,0,0,0,0,0,0,0,0,0,0,0,0,0,0,0,0,0,0,0,0,0,0,0,0,0,0,0,0,0,0,0,0,0,0,0,0,0,0,0,0,0,0,0,0,0,0,0,0,0,0,0,0,0,0,0,0,0,0,0,0,0,0,0,0,0,0,0,0,0,0,0,0,0,0,0,0,0,0,0,0,0,0,0,0,0,0,0,0,0,0,0,0,0,0,0,0,0,0,0,0,0,0,0,0,0,0,0,0,0,-0.00118051817314332,-0.00375340094779459,-0.00465132990663725,-0.00380893636880537,-0.000720631805141702,0,0,0,0,0,0,0,0,0,0,0,0,0,0,0,0,0,0,0,0,0,0.00114241747683527,0.0114199489743275,0.0220780029769139,0.0321558636026121,0.0389761243998259,0.0457919931670632,0.0556077967701464,0.0650903097022,0.0757784671998548,0.0847286040812492,0.0951652428973677,0.109919277187178,0.132839760838331,0.156536421195492,0.179565714302378,0.20329165778347,0.238765557303942,0.263714314791285,0.279191366414256,0.296356429115729,0.31352025891086,0.339249476738702,0.364247202435208,0.384186865263764,0.403835510489288,0.422390093367416,0.440250466203106,0.458398475128563,0.475026466660444,0.491371216762345,0.50633891236418,0.520790219752743,0.537455861337934,0.565577046248337,0.586999613489665,0.610201780829902,0.655439392656398,0.678862762558868,0.701272258259088,0.716780508783401,0.734276661717412,0.76344912140642,0.777935604827023,0.788868394849076,0.796117663821909,0.805026372429392,0.812759817402182,0.822234043242216,0.834932430602399,0.848679152942362,0.861394880159207,0.872626596820996,0.880967825667503,0.889694729536468,0.897985300162174,0.906771428236158,0.915661150674831,0.926644748440553
"x129",0,0,0,0,0,0,0,0,0,0,0,0,0,0,0,0,0,0,0,0,0,0,0,0,0,0,0,0,0,0,0,0,0,0,0,0,0,0,0,0,0,0,0,0,0,0,0,0,0,0,0,0,0,0,0,0,0,0,0,0,0,0,0,0,0,0,0,0,0,0,0,0,0,0,0,0,0,0,0,0,0,0,0,0,0,0,0,0,0,0,0,0,0,0,0,0,0,0,0,0,0,0,0,0,0,0,0,0,0,0,0,0,0,0,0,0,0,0,0,0,0,0,0.00370587279924482,0.0108624519717765,0.016944341949294,0.0237050394839247,0.0313496591994813,0.0362431490658275,0.0384423918054535,0.0393370509645731,0.0429748386669213,0.0471372788381944,0.0519484079843408,0.0574382797067866,0.0658579748141853,0.0747503506562134,0.0830727998486742,0.0927852421338981,0.101309608186738,0.11009187678592,0.118859272028828,0.123607223753368,0.125554214811608,0.126442268426337,0.130336911160876,0.134040690218073,0.138983250478886,0.144075819292851,0.149457331045693,0.155559772941044,0.160899161379265,0.167423451443062,0.173059915210111,0.177878855313258,0.181609191719672,0.18560767281088,0.191465568677544,0.198452755955718,0.204317399991848,0.209209932598753,0.21623813466577,0.218586836020323,0.221359910151804,0.226291402864405,0.237550943988972,0.251788231088596,0.265161352458623,0.274753465457312,0.283447768710502,0.291527092184738,0.300345389351671,0.307252426805236,0.308658469375358,0.310526380846376,0.312484355285706,0.31335208892421,0.317960551577135,0.324220453209043,0.331310188418657,0.341273957810145,0.356903758647669,0.376564886372764,0.391687775109466,0.400135439230012,0.407275342036238,0.413396119548148,0.413678864164318,0.412889757888439,0.407882300088965,0.402114552434557,0.397812897108588,0.399235715739905,0.403213693314764,0.409287308073008,0.419167316395025,0.425647667637102,0.427142369503591,0.427627585003203,0.440795517212161,0.451838249726611,0.457288920533149,0.461968162812187,0.465610285665758,0.474273674316782,0.475677509959431,0.475704258920586,0.47476233929737,0.474117469704485,0.473758167415522,0.474825060664618,0.480513513509966,0.504580854475257,0.533883640187768,0.559702422933833,0.581230766551799,0.610108291443354,0.627590458876212,0.643756056503764,0.663069010708187,0.671329985129728,0.6766557357911,0.681695547350138,0.690760611240276,0.707987658318272,0.722116753542831,0.732824813676152,0.741266935571985,0.750514932893056,0.780976364989825,0.822055018060217,0.863415237673847,0.901789449915,0.941177508970373,0.962583195609279,0.974387631144655,0.98413015033133,0.993585937270247,0.999612262242538,1.00533493998122,1.0128106320282
"x130",0,0,0,0,0,0,0,0,0,0,0,0,0,0,0,0,0,0,0,0,0,0,0,0,0,0,0,0,0,0,0,0,0,0,0,0,0,0,0,0,0,0,0,0,0,0,0,0,0,0,0,0,0,0,0,0,0,0,0,0,0,0,0,0,0,0,0,0,0,0,0,0,0,0,0,0,0,0,0,0,0,0,0,0,0,0,0,-0.014915941904142,-0.0285113047299304,-0.0413312337661361,-0.0538097599300046,-0.0674401653619262,-0.0804717591546068,-0.0925132729692144,-0.104172562807243,-0.115691638220792,-0.127506163896597,-0.137977295616954,-0.146897641534389,-0.155990150377991,-0.16488339499584,-0.174337986342455,-0.185065870491173,-0.196886087043627,-0.209113537637747,-0.220555536316245,-0.23204522095669,-0.243570196861306,-0.254595307051025,-0.264836369984064,-0.273839719206306,-0.283447369178367,-0.292847209355734,-0.301471707607259,-0.306937004138023,-0.312120795261784,-0.317993650578414,-0.324749743458135,-0.330323237757502,-0.335976844797187,-0.340830606104153,-0.345200174751466,-0.351618384752677,-0.360825464468943,-0.368904316707222,-0.379442976640248,-0.390121844399768,-0.398578032962533,-0.401962108464045,-0.404967109797339,-0.410872101761177,-0.417700165968911,-0.425404859049525,-0.43351181240765,-0.442456293933488,-0.445897180135595,-0.448027034627566,-0.448673450200459,-0.449137327460308,-0.450948123383017,-0.453917944940125,-0.453495330068382,-0.455126740593785,-0.457215090992317,-0.460152612137635,-0.462542266098146,-0.465626015018738,-0.468727752973628,-0.469658280868252,-0.470256887941004,-0.466778118289897,-0.464961790124968,-0.461834369604352,-0.458574916625766,-0.455236098733821,-0.449225991992641,-0.440956550705789,-0.433498816886991,-0.424456695593745,-0.416174685652822,-0.406268582432181,-0.389416541303947,-0.372725327080831,-0.364713241378051,-0.357601623466466,-0.354398494283628,-0.356098006427952,-0.358448184710538,-0.357104995922571,-0.353636506394891,-0.352814347616671,-0.352492026649011,-0.351184662150669,-0.350847327284605,-0.347687730519029,-0.340238258261335,-0.336000716341476,-0.333366875775576,-0.331269143108112,-0.332012254751177,-0.337716597605812,-0.347723854182024,-0.360741022617534,-0.373118131706257,-0.384468740136465,-0.39536023732688,-0.403128878285708,-0.410389421729639,-0.417418785744375,-0.425580329423539,-0.433702766778626,-0.438137787692068,-0.437966201212315,-0.435162191234898,-0.434594350938521,-0.436156960981519,-0.439863481455673,-0.443697726170455,-0.476176784199528,-0.496436363589563,-0.503473882086658,-0.513807307700029,-0.525163788273146,-0.534640476955344,-0.537554678403539,-0.538142393510373,-0.537582429066128,-0.537596500832214,-0.538365492595339,-0.542487011683345,-0.550023343543661,-0.567479600701979,-0.593397415468027,-0.613516294110343,-0.631130408050742,-0.660978055705892,-0.678804490372492,-0.696242754178578,-0.731254244026733,-0.744426994839319,-0.753656733085736,-0.757624878709847,-0.761636067464959,-0.776617979347254,-0.785481617594481,-0.793310483161936,-0.798562851860565,-0.806743828968562,-0.824248549316651,-0.855055872947267,-0.887868456182166,-0.921438784379255,-0.952830443731439,-0.968223352459038,-0.974453904636657,-0.977474840790933,-0.977158718603366,-0.977927941048929,-0.978642527421787,-0.982243929297593
"x131",0,0,0,0,0,0,0,0,0,0,0,0,0,0,0,0,0,0,0,0,0,0,0,0,0,0,0,0,0,0,0,0,0,0,0,0,0,0,0,0,0,0,0,0,0,0,0,0,0,0,0,0,0,0,0,0,0,0,0,0,0,0,0,0,0,0,0,0,0,0,0,0,0,0,0,0,0,0,0,0,0,0,0,0,0,0,0,0,0,0,0,0,0,0,0,0,0,0,0,0,0,0,0,0,0,0,0,0,0,0,0,0,0,0,0,0,0,0,0,0,0,0,0,0,0,0,0,0,0,0,0,0,0,0,0,-0.0106407654855869,-0.0225308614705676,-0.0369633287908334,-0.0494915078929195,-0.0597289179245201,-0.0678841941898074,-0.0762471347989306,-0.0786033035033855,-0.0797976063555144,-0.0819956069015011,-0.0838001558961639,-0.0868590276287493,-0.0899350066382711,-0.0937322492316275,-0.0972936787196115,-0.103335427336293,-0.108046925916262,-0.110351310835104,-0.112213445134168,-0.114609181417568,-0.117876808060796,-0.121857967879049,-0.125552779079402,-0.129872352289638,-0.134526586951156,-0.14231230538948,-0.155305875240826,-0.169676197913995,-0.181591767652802,-0.192490340169057,-0.202380414516849,-0.210758637321141,-0.217348753852776,-0.224709805575096,-0.231918729140115,-0.236227965371756,-0.238972161998388,-0.242270031673732,-0.24574418221161,-0.252259923943784,-0.261581903574932,-0.26825703845908,-0.27482444736539,-0.281495036634859,-0.288574237772883,-0.294371737488388,-0.299494661204478,-0.303332806414856,-0.306554645705726,-0.310163349923841,-0.313754758474539,-0.315147573861556,-0.315605686277752,-0.314719643561339,-0.312785831588519,-0.310085580703437,-0.307598952917743,-0.307565635673395,-0.311610275102713,-0.312649501646323,-0.313976616114028,-0.315335151363777,-0.317020978415107,-0.310856369201474,-0.308250360012736,-0.304272155509882,-0.296244648106238,-0.286034385677868,-0.27202762460016,-0.262422057503323,-0.257315762231223,-0.253009923908308,-0.248349985607622,-0.243178493855547,-0.235941835565445,-0.227704083058578,-0.21693640860068,-0.204850321306391,-0.194450198473624,-0.183690249595971,-0.164422973566008,-0.152814373967938,-0.143437542712706,-0.136460630723132,-0.135460676760654,-0.136388166482006,-0.13796144465395,-0.138772839485725,-0.132237632926609,-0.128829447968927,-0.123999092737761,-0.116940024128211,-0.108997404720275,-0.0951640467199077,-0.0726601205365489,-0.0521063780991923,-0.0284101518387124,-0.00956785943567219,0,0,0,0,0,0,0
"x132",0,0,0,0,0,0,0,0,0,0,0,0,0,0,0,0,0,0,0,0,0,0,0,0,0,0,0,0,0,0,0,0,0,0,0,0,0,0,0,0,0,0,0,0,0,0,0,0,0,0,0,0,0,0,0,0,0,0,0,0,0,0,0,0,0,0,0,0,0,0,0,0.00543802930927328,0.0158561504010418,0.0249160059762433,0.0334870160962584,0.0413078140191784,0.054115173467805,0.0694082715989907,0.0838445242273766,0.0986702452830166,0.113612465110216,0.127185631437813,0.140902541682683,0.154088441478084,0.167317772653105,0.179601051602908,0.191384471943312,0.21155508782634,0.230353736958583,0.247606441787922,0.263899359218746,0.281467544269613,0.298417267192718,0.314294794570318,0.329614855169961,0.344505122438225,0.359830773260619,0.37552235864027,0.390526701790507,0.405569468036777,0.419536889491798,0.431134772854619,0.442150439902504,0.452588989798395,0.462044920483265,0.468986140149296,0.476254121637899,0.484097163364363,0.491538356162834,0.498469082472625,0.5039973731316,0.509430937447187,0.5150586228521,0.519422700146017,0.523475834933381,0.527486117860767,0.530743567452937,0.53544095301839,0.539876343314201,0.544502836497833,0.548304285823639,0.55159285124091,0.554535133136324,0.557588452366771,0.56048994727275,0.564093805930305,0.567426977581986,0.570595247442347,0.571167831450084,0.571687702421879,0.573047348238777,0.575239643733214,0.576972085729247,0.578363657800642,0.581054028047659,0.58869228928368,0.596577715429183,0.606905946271472,0.61541667435981,0.621945609685735,0.622688020845474,0.620995420640506,0.618500990991607,0.615671709505461,0.614621308488016,0.612996115459131,0.612485290148904,0.612554904302559,0.612466177217197,0.612449752702827,0.611815809938471,0.61184098650917,0.61021107575413,0.605703472792402,0.599668226933433,0.592780724613081,0.583272837376877,0.573189060106205,0.56176961268487,0.552810239075371,0.54823696781904,0.547223258182766,0.547470445734906,0.550030991429777,0.551138816665878,0.550924104473783,0.553467139743459,0.553830333456541,0.550663719599601,0.544026879916324,0.534490835355789,0.525487353618961,0.521169731344212,0.518749141718883,0.519812939363918,0.521910359375699,0.524369007532831,0.52891848510635,0.532987412878324,0.539236082046902,0.547863029801694,0.560589297859034,0.575656433145958,0.590743554915984,0.605683000194598,0.620392775406274,0.630289037273421,0.638968701402358,0.646150330529631,0.651816456255718,0.656488487016686,0.657498185724543,0.656992690918206,0.659385538906334,0.661619715832161,0.658881508100964,0.658416492271884,0.658872585312495,0.67153057405457,0.676008633703257,0.667025177757412,0.657611073574089,0.640900230575854,0.601407783214567,0.569426480501347,0.54895549119233,0.529460747109099,0.510545935109992,0.492684823630529,0.476225066288437,0.462218071127268,0.453099906629555,0.44959481143071,0.443035921080926,0.436279651462461,0.430928387118967,0.4303012935239,0.434322418493694,0.46632476230473,0.477275460069879,0.48515664356952,0.489943611440212,0.492826219581936,0.498217612714696,0.498706482303721,0.493280398919703,0.483520318691861,0.473013297024739,0.470185548378746,0.475881619931253,0.483104851543789,0.48220995928887,0.485627063582507,0.48667641111687,0.492333852537644,0.497062119183555,0.50022977859789,0.504332814940456,0.508199308874425,0.512466969846541
"x133",0,0,0,0,0,0,0,0,0,0,0,0,0,0,0,0,0,0,0,0,0,0,0,0,0,0,0,0,0,0,0,0,0,0,0,0,0,0,0,0,0,0,0,0,0,0,0,0,0,0,0,0,0,0,0,0,0,0,0,0,0,0,0,0,0,0,0,0,0,0,0,0,0,0,0,0,0,0,0,0,0,0,0,0,0,0,0,0,0,0,0,0,0,0,0,0,0,0,0,0,0,0,0,0,0,0,0,0,0,0,0,0,0,0,0,0,0,0,0,0,0,0,0,0,0,0,0,0,0,0,0,0,0,0,0,0,0,0,0,0,0,0,0,0,0,0,0,0,0,0,0,0,0,0,0,0,0,0,0,0,0,0,0,0,0,0,0,0,0,0,0,0,0,0,0,0,0,0,0,0,0,0,0,0,0,0,0,0,0,0,0,0,0,0,0,0,0,0,0,0,-0.00247712012891403,-0.0121096008002059,-0.015074484779094,-0.00590597289996729,0,0,0,0,0,0,0,0,0,0,0,0,0,0,0,0,0,0,0,0,0,0,0,0,-0.0133097253245361,-0.042206011021402,-0.0702632343464153,-0.09382866235188,-0.114814378466964,-0.127133879176146,-0.135597172397863,-0.143844356167426,-0.150266423590488,-0.154929070600413,-0.159059438258321,-0.159848802292192
"x134",0,0,0,0,0,0,0,0,0,0,0,0,0,0,0,0,0,0,0,0,0,0,0,0,0,0,0,0,0,0,0,0,0,0,0,0,0,0,0,0,0,0,0,0,0,0,0,0,0,0,0,0,0,0,0,0,0,0,0,0,0,0,0,0,0,0,0,0,0,0,0,0,0,0,0,0,-0.00846848884063772,-0.0196583059045329,-0.0303664402014136,-0.0408214014477915,-0.0518106249285021,-0.0625078622395342,-0.0731638051591442,-0.0836774406777428,-0.0937668293943709,-0.103650254434723,-0.11317678522841,-0.122114031123528,-0.135199251381597,-0.15340290975303,-0.170914658251394,-0.188318320706727,-0.205542771921853,-0.222160343476609,-0.238139080561174,-0.253829180892658,-0.270294896074039,-0.286733902997316,-0.30165145121527,-0.315399317769877,-0.327832906949679,-0.340635935072552,-0.352812291368475,-0.366298249405816,-0.381422883938591,-0.39506434749438,-0.408051989527863,-0.420727369064453,-0.431862144709742,-0.442503713712973,-0.451570600592785,-0.45901643482761,-0.466005663452289,-0.469969505137744,-0.474575350855577,-0.479402178915374,-0.484139062680566,-0.49023296907348,-0.495584901414014,-0.500146292438718,-0.503743543150722,-0.506850736916197,-0.509794249951948,-0.514170699712921,-0.519628804423077,-0.525545346659276,-0.531080567554371,-0.536794421722377,-0.542120641391182,-0.546985167017559,-0.553462053995654,-0.56054321950585,-0.566248525542866,-0.571195192204659,-0.579719515794637,-0.587012642309206,-0.593424886328938,-0.601019693492585,-0.610827457526086,-0.618404018348667,-0.623303457153466,-0.627037818038357,-0.631821221688148,-0.637483372498698,-0.642648586931525,-0.64786582536221,-0.651870111118424,-0.655118549236282,-0.658335574866173,-0.662730593078906,-0.666734393588947,-0.675537688856536,-0.68171771580903,-0.684218533674066,-0.685655083339962,-0.683590424110445,-0.678140712661824,-0.672307479068404,-0.665202731722173,-0.662938234809203,-0.665072414791678,-0.669501873776455,-0.673926106005611,-0.678345551921753,-0.682062283411647,-0.686209902319767,-0.691461076442387,-0.692407510155945,-0.6929068858154,-0.693006520330394,-0.693533010169521,-0.693854681694923,-0.69493364112449,-0.697946292707953,-0.704015965151743,-0.712833615977143,-0.724319854524376,-0.737612482205318,-0.749998963996054,-0.762557701116096,-0.774205430617385,-0.787915291441354,-0.80526149133826,-0.822774731635542,-0.840082622526428,-0.856569839589181,-0.866899492677514,-0.876175939498457,-0.885145396928064,-0.893243260579975,-0.903289556528159,-0.910307514179658,-0.91423597088606,-0.918917659398244,-0.925256152248401,-0.927360685997266,-0.929415123554131,-0.931181981065699,-0.943743738832712,-0.951202166309024,-0.947820008422787,-0.938854979081037,-0.930347555874091,-0.920214317089609,-0.913430774584959,-0.907686136313826,-0.902116533226752,-0.896677712746077,-0.891253920621363,-0.887498603546939,-0.886322935866895,-0.887006016781622,-0.887262523153395,-0.885567077131259,-0.885365607795855,-0.88939873503659,-0.898615215840209,-0.911294450228719,-0.946784892507578,-0.961249886089104,-0.972834050390059,-0.982296036739031,-0.992473792998674,-1.01173916302295,-1.02124506411447,-1.02366443602697,-1.02359430391527,-1.02306683447528,-1.02163792918621,-1.0146256115977,-1.00870815644207,-1.00005031845995,-0.995367991517126,-0.997649930509608,-1.00198493178079,-1.00609380196044,-1.01260907082113,-1.01942382498688,-1.02666230309894,-1.0357863684815
"x135",0,0,0,0,0,0,0,0,0,0,0,0,0,0,0,0,0,0,0,0,0,0,0,0,0,0,0,0,0,0,0,0,0,0,0,0,0,0,0,0,0,0,0,0,0,0,0,0,0,0,0,0,0,0,0,0,0,0,0,0,0,0,0,0,0,0,0,0,0,0,0,0,0,0,0,0,0,0,0,0,0,0,0,0,0,0,0,0,0,0,0,0,0,0,0,0,0,0,0,0,0,0,0,0,0,0,0,0,0,0,0,0,0,0,0,0,0,0,0,0,0,0,0,0,0,0,0,0,0,0,0,0,0,0,0,0,0,0,0,0,0,0,0,0,0,0,0,0,0,0,0,0,0,0,0,0,0,0,0,0.00509680618306167,0.018034658794707,0.0321198817051747,0.0467838332916622,0.0593536770583122,0.0725350157692334,0.0873536381520576,0.0992953243828422,0.10415496323063,0.108821602825435,0.114897932997894,0.121849137160037,0.12803228832315,0.136628018012102,0.146891114993159,0.162500264987457,0.177464389313387,0.192480176072875,0.207049209041349,0.220779493631163,0.230688642232507,0.236494957238678,0.245461068828439,0.257246862917363,0.26787597936603,0.278279335389649,0.286895660656466,0.288385455596782,0.288635482900421,0.289093472288533,0.290734888227372,0.293002173463751,0.291799331251036,0.290697648223969,0.286745335586583,0.278199063719575,0.276710678207319,0.277216944724724,0.277012043803728,0.265891776776727,0.261188836985161,0.259845406137465,0.256181391977924,0.253979655217358,0.236367900647527,0.221235786085602,0.215949708847969,0.211587579109953,0.207416447312934,0.203085234173789,0.196381567107593,0.189817684586912,0.17965342971878,0.172527369057451,0.168544857301102,0.166146700660266,0.154709430907851,0.153816831037596,0.150819451552312,0.129983122498221,0.124840426220957,0.120255141926442,0.124684767570351,0.131066886133731,0.101238593574447,0.0912705467895123,0.0867341748532686,0.0827417475325598,0.0800098534522645,0.0763007685959348,0.0562787416072301,0.0382120034351677,0.0175268807221707,0.000801838519802002,0,0,0,0,0,0,-0.0086808886416732
"x136",0,0,0,0,0,0,0,0,0,0,0,0,0,0,0,0,0,0,0,0,0,0,0,0,0,0,0,0,0,0,0,0,0,0,0,0,0,0,0,0,0,0,0,0,0,0,0,0,0,0,0,0,0,0,0,0,0,0,0,0,0,0,0,0,0,0,0,0,0,0,0,0,0,0,0,0,0,0,0,0,0,0,0,0,0,0,0,0,0.00717138945311779,0.0230980580091555,0.0386401026506447,0.0535318106549998,0.0675962101626911,0.081247855209026,0.0943864084674233,0.107703670080235,0.121647664894734,0.135848985675057,0.150511687526601,0.164576707195814,0.177717978138742,0.191037763582484,0.209083925196652,0.230367447320995,0.25319462761056,0.275870444996003,0.298159113398692,0.320725898935539,0.341532671942816,0.361088508339161,0.380121650929243,0.398211732779086,0.415208073812329,0.431442375750746,0.450748200273904,0.470797831610074,0.491280611983859,0.51086072577112,0.528208799817578,0.544290477229758,0.559789739491515,0.575018824276244,0.589774591655165,0.606022005012128,0.621957450913862,0.638222758331426,0.653176925328808,0.665407786568631,0.678383723909094,0.691315604489012,0.705007230475173,0.718155329938526,0.733631291204474,0.751766142290191,0.770335337820943,0.787147652257348,0.803487260143521,0.819542708513238,0.836700723322325,0.852996909797588,0.870396985417378,0.886308404436564,0.904018384511013,0.92390704259748,0.938724937164173,0.954081567483244,0.96744065986618,0.977120563210329,0.987714336349848,0.998540222546983,1.00899993481233,1.01918135629779,1.02667947600371,1.02923959613068,1.03174048422884,1.03298422098874,1.03122452693185,1.02895060927582,1.02631550044889,1.02489620742478,1.01627077590565,1.00819992155662,0.999350011220801,0.990389197550032,0.982163934892763,0.971011151546959,0.958684530453049,0.950857809107062,0.948117366049002,0.947747141589907,0.945529998151391,0.940619262815401,0.932689221325664,0.922250224941149,0.910663648583505,0.904718199433613,0.896559687384241,0.89286806771115,0.890113539563316,0.890760251860373,0.896550457569901,0.905580124357569,0.915956108140418,0.930061200353425,0.944564463833056,0.959645342255304,0.971656255073108,0.983100264141545,0.989539630890412,0.992271635044026,0.996042966103167,1.00313825553737,1.00529383729284,1.00212508112397,1.00474591432111,0.99721649484537,0.989126259835901,0.981157528084644,0.981557223554241,0.978897965250617,0.966766633062729,0.947682079357556,0.927825216321624,0.902008936855541,0.883938222897917,0.873311256955907,0.862922815314976,0.853113678535925,0.843768658267737,0.838196526921477,0.835195005000691,0.829336329600921,0.816217756992526,0.800099152774446,0.785597833805622,0.770685198774055,0.77079178152204,0.775956622453158,0.823198348751017,0.835228125444749,0.843198127529268,0.846492264408533,0.844926616482577,0.877600558385962,0.892474187112519,0.890336158516921,0.88624141868572,0.876430461816427,0.85529766110547,0.837072246178167,0.820012600758983,0.795452291761502,0.772177453265149,0.76098392222143,0.758277486519706,0.76023445441844,0.769726091651528,0.779771662340147,0.789873606222268,0.807963614893708
"x137",0,0,0,0,0,0,0,0,0,0,0,0,0,0,0,0,0,0,0,0,0,0,0,0,0,0,0,0,0,0,0,0,0,0,0,0,0,0,0,0,0,0,0,0,0,0,0,0,0,0,0,0,0,0,0,0,0,0,0,0,0,0,0,0,0,0,0,0,0,0,0,0,0,0,0,0,0,0,0,0,0,0,0,0,0,0,0,0,0,0,0,0,0,0,0,0,0,0,0,0,0,0,-0.0075838745566137,-0.0159346878183292,-0.0226571175193502,-0.0295748033974636,-0.0369959037099148,-0.0449299259653623,-0.0520752547403792,-0.0589086581552645,-0.0680151608591962,-0.0785260958600524,-0.0887792840660108,-0.0991497909058979,-0.113587094653314,-0.129238255022891,-0.145460021399645,-0.160546599635561,-0.175089834718407,-0.189401178370341,-0.203829272044275,-0.21854428009972,-0.233310179500165,-0.247031322042203,-0.259623418347035,-0.27172990393502,-0.283000902608706,-0.292288669663075,-0.301576043499724,-0.309468655775895,-0.315715746358818,-0.32183360554236,-0.331247636001398,-0.344281059506193,-0.358392378281724,-0.372610415824105,-0.386738040284706,-0.399732752124471,-0.408749671393433,-0.418866050603353,-0.429743000515594,-0.439817057343776,-0.454452318514121,-0.473204468752416,-0.485209589247153,-0.497402231774371,-0.508214987698791,-0.517985744236208,-0.5328481427359,-0.547200903176127,-0.561651730334066,-0.573226745671551,-0.586603226212536,-0.594238937147249,-0.601672374427534,-0.612974327466874,-0.624675547228298,-0.63552673668907,-0.646270576182415,-0.657140996639339,-0.663515235088176,-0.669875453331514,-0.675299907350045,-0.673882372140593,-0.676071902851145,-0.675391188437032,-0.66850445509249,-0.66392656212109,-0.664586881012838,-0.668233989080608,-0.669437405008102,-0.667388996131928,-0.669091075110684,-0.671045196837111,-0.674714076082612,-0.680048246137055,-0.678539560690623,-0.676562888107937,-0.675627057245077,-0.675159555987031,-0.680989028610221,-0.688811460916193,-0.690652466606365,-0.695816240228966,-0.701424851277173,-0.706232385093301,-0.707483500927805,-0.708397059834561,-0.706252830539696,-0.70226255066439,-0.699435316658064,-0.703297916511721,-0.708076738520336,-0.70735427787978,-0.708791862285117,-0.705968743749899,-0.703072088257314,-0.700046847457701,-0.685752686537206,-0.678435987238901,-0.671838778877342,-0.65968823505928,-0.648358745747439,-0.62467992116609,-0.607140472630461,-0.59972071918139,-0.593191854661313,-0.587140527152094,-0.580736662814401,-0.57307898722013,-0.56532830103626,-0.548541685532565,-0.52676126153337,-0.505022219127826,-0.481920247830458,-0.437362612049834,-0.418429528230891,-0.401901009592748,-0.39470272114692,-0.3869722533668,-0.37997620986283,-0.378333495245967,-0.373768848448305,-0.351287810557324,-0.339707160933561,-0.326601500816385,-0.312976019357206,-0.294506566217591,-0.250169912142577,-0.198511362727809,-0.153226394286222,-0.099174999432005,-0.0493200700725674,-0.0209580199478112,-0.0068574569924098,0,0,0,0,0
"x138",0,0,0,0,0,0,0,0,0,0,0,0,0,0,0,0,0,0,0,0,0,0,0,0,0,0,0,0,0,0,0,0,0,0,0,0,0,0,0,0,0,0,0,0,0,0,0,0,0,0,0,0,0,0,0,0,0,0,0,0,0,0,0,0,0,0,0,0,0,0,0,0,0,0,0,0,0,0,0,0,0,0,0,0,0,0,0,0,0,0,0,0,0,0,0,0,0,0,0,0,0,0,0,0,0,0,0,0,0,0,0,0,0,0,0,0,0,0,0,0,0,0,0,0,0,0,0,0,0,0,0,0,0,0,0,0,0,0,0,-0.000270845935881261,-0.00396430364270612,-0.00776805826263475,-0.00484581139188071,0,0,0,0,0,0,0,0,0,0,0,0,0,0,0,0,0,0,0,0,0,0,0,0,0,0,0,0,0,0.0127052251700454,0.0322277169908544,0.0499308864274517,0.0636305711531224,0.0792796848797396,0.0919399304815137,0.101717130359646,0.104900488806589,0.104219443103407,0.0956640971963877,0.0852562385196473,0.0746365481304601,0.0644015637638176,0.0551580802234274,0.0553489687154995,0.0560942951294608,0.0613020900991746,0.0679520521706885,0.0746267363930612,0.0803848001911889,0.0868318931585011,0.0940329052503739,0.105157326121193,0.111230722115037,0.118048857129112,0.124918737168316,0.114673082021925,0.110864063713206,0.117814008883748,0.126472701065182,0.140623220666675,0.173281213891426,0.209005911550836,0.235492415000809,0.262444568190033,0.288007066602972,0.312060002028531,0.334983726797394,0.356665130955287,0.37233954458071,0.37606407954835,0.37873321962001,0.379047143637346,0.367090651769538,0.362621013695769,0.359688072161505,0.332605654228513,0.326843567052088,0.327790355775084,0.331454588216159,0.339713585256776,0.339860416914575,0.339144167725392,0.342256698982113,0.34625871768819,0.34898190802808,0.332579340866498,0.312171222545086,0.293225127948677,0.27914694511634,0.26479139082052,0.257093864073171,0.252116126165754,0.249542222997872,0.25043699086669,0.249751550836088,0.249073696963054,0.246580799049865
"x139",0,0,0,0,0,0,0,0,0,0,0,0,0,0,0,0,0,0,0,0,0,0,0,0,0,0,0,0,0,0,0,0,0,0,0,0,0,0,0,0,0,0,0,0,0,0,0,0,0,0,0,0,0,0,0,0,0,0,0,0,0,0,0,0,0,0,0,0,0,0,0,0,0,0,0,0,-0.00172184255499504,-0.010901302106408,-0.0199317244285946,-0.0296520137627344,-0.0380090094926527,-0.0457199768694313,-0.0530389936074819,-0.0596287492801526,-0.0652249902397553,-0.0703715727402645,-0.0751369036123629,-0.0778486411365923,-0.0829582018317177,-0.0907753312577551,-0.0984420108189705,-0.106336331742797,-0.11388431885047,-0.121137264037512,-0.12814049139874,-0.135148193658704,-0.142212905844119,-0.15069119731528,-0.16009751206323,-0.168918814485904,-0.175926357190842,-0.182662655033729,-0.185637919436382,-0.187819915586694,-0.19099378793777,-0.195209114037111,-0.200883388251158,-0.209381310371532,-0.218034417671227,-0.226359586968259,-0.232518770575796,-0.234904759135808,-0.236564769812592,-0.246294588865145,-0.257823818668288,-0.268833614585186,-0.276200178522656,-0.279755276152251,-0.282781937295467,-0.286248641823288,-0.289414289535613,-0.292870629752008,-0.296711077986253,-0.301152851234049,-0.304794520602298,-0.307326645941636,-0.310072953511753,-0.310768299612496,-0.311863239990959,-0.312967129177731,-0.318792859350411,-0.32388789231145,-0.326652689385106,-0.329579731663835,-0.331861090475015,-0.333132870421803,-0.334522026873973,-0.337473935439349,-0.345429641735587,-0.35266836728297,-0.354552530525399,-0.352799361774356,-0.355048395298029,-0.354416357266171,-0.352490011513436,-0.351223709885654,-0.349254068160448,-0.344709904314574,-0.335731854655911,-0.331662039434404,-0.326797090584703,-0.324110900242846,-0.322927891373811,-0.326180538439454,-0.32985330775615,-0.329528626820486,-0.329552370843284,-0.328695372083786,-0.328936400727379,-0.330432109661269,-0.336744673024428,-0.33773614124664,-0.33851742104289,-0.345301024070767,-0.354907760853945,-0.368087456456857,-0.37778939699839,-0.387749494016027,-0.392726137310917,-0.396682297945449,-0.402708730200454,-0.407101730280678,-0.415433508665584,-0.428878943722835,-0.442707430692171,-0.45336712529874,-0.470860806775489,-0.48392371545851,-0.494353452166868,-0.498495654181874,-0.502196979546393,-0.5079421616761,-0.515699002000615,-0.522934418528846,-0.529579345081416,-0.536083955012623,-0.540063552586833,-0.543602454908105,-0.55230860528885,-0.561504679192294,-0.572251166994705,-0.57943320888659,-0.585527647499634,-0.597311396667919,-0.617991777823549,-0.632326725484165,-0.645432731879117,-0.658568849870906,-0.682313883476941,-0.705518822149145,-0.730005756310509,-0.751984878309668,-0.778144666691964,-0.82917843355701,-0.884198772208005,-0.931817346729707,-0.981147631967155,-1.02783861819938,-1.07353999829345,-1.12191227224467,-1.17176896747654,-1.23478878018998,-1.28799527777761,-1.33023898336278,-1.36559124817076,-1.40846646464994,-1.43741588577589,-1.46869415634299,-1.50064514265659,-1.52074337544447,-1.54702270934885,-1.57134235949294,-1.60515607800417,-1.67540217505111,-1.71161280461292,-1.73745557964751,-1.75862827667664,-1.77902040422318,-1.8007356316627,-1.83224949688812,-1.86315563719482,-1.9018339361841,-1.93860340075001,-1.96181073883927,-1.97201975021332,-1.98125358382377,-1.99347046377714,-2.00369117908364,-2.01386385327577,-2.02573142780902
"x140",0,0,0,0,0,0,0,0,0,0,0,0,0,0,0,0,0,0,0,0,0,0,0,0,0,0,0,0,0,0,0,0,0,0,0,0,0,0,0,0,0,0,0,0,0,0,0,0,0,0,0,0,0,0,0,0,0,0,0,0,0,0,0,0,0,0,0,0,0,0,0,0,0,0,0,0,0,0,0,0,0,0,0,0,0,0,0,0,0,0,0,0,0,0,0,0,0,0,0,0,0,0,0,0,0,0,0,0,0,0,0,0,0,0.00919332872995324,0.0215969800539178,0.0337977635123313,0.0417193328164877,0.0457465649860098,0.0492242995420795,0.0535903207272701,0.0573379788227781,0.0611778678460893,0.065323591534111,0.0687006762629121,0.0714504511605488,0.0736887956805465,0.0761389029377216,0.0765296971658268,0.0739824725619572,0.0702422630878401,0.0720009659778387,0.0779745640570012,0.0816922350220365,0.0841180148904187,0.0875006254348712,0.0914004230743201,0.0953502718983578,0.10064025684688,0.110595741850537,0.121323401499798,0.128127745631113,0.131372856509071,0.135595746476097,0.136290927548691,0.140223960180367,0.144262943564913,0.146600195321183,0.145741743597682,0.141609487585916,0.143823191611393,0.143962372349329,0.147000306652651,0.15382043731492,0.164883518956604,0.177041739213017,0.185027447511581,0.193444810505925,0.200779989216828,0.208897594043324,0.215084918467837,0.22691716866782,0.235429433341529,0.242507680652672,0.254468278925249,0.270874910074077,0.291030847252596,0.304937232059849,0.319196295971677,0.328451580475721,0.336696897611765,0.348977369020002,0.36017465957755,0.367400942333589,0.375135897788022,0.385064385162305,0.394199538423454,0.405804637375751,0.416345768378096,0.425231516200399,0.433262692895113,0.450678067921769,0.48013308081241,0.510376728922596,0.53970397954837,0.567743137709146,0.594065275898586,0.604556006039005,0.613800728100385,0.625536980092204,0.636028569360341,0.647314887781811,0.658215472419385,0.670777321738925,0.693859552495251,0.721897947580144,0.740590684149419,0.756330962170984,0.772292128447299,0.813749734939187,0.849462692035683,0.875041383400523,0.894000582357014,0.913889771993296,0.94863498718281,0.98412517490965,1.0202410357339,1.05661788495574,1.09081169583918,1.12472455845947,1.1628357404684,1.20446286241152,1.27091796888658,1.33615540693091,1.38777461406454,1.43157168403536,1.48658485083875,1.52209031729787,1.56031595870366,1.62527824592517,1.65479228681159,1.68529503583405,1.71120321734234,1.74801280929461,1.82821038589002,1.87160874041694,1.90222595430123,1.92572765381912,1.94803206908411,1.98319247422455,2.03456842171345,2.08662595265897,2.13954491089882,2.19095163605609,2.2199508659135,2.23727626384442,2.25054301644958,2.26222079359083,2.27283025918363,2.28321571007297,2.2980050642639
"x141",0,0,0,0,0,0,0,0,0,0,0,0,0,0,0,0,0,0,0,0,0,0,0,0,0,0,0,0,0,0,0,0,0,0,0,0,0,0,0,0,0,0,0,0,0,0,0,0,0,0,0,0,0,0,0,0,0,0,0,0,0,0,0,0,0,0,0,0,0,0,0,0,0,0,0,0,0,0,0,0,0,0,0,0,0,0,0,0,0,0,0,0,0,0,0,0,0,0,0,0,0,0,0,0,0,0,0,0,0,0,0,0,0,0,0,0,0,0,0,0,0,0,0,0,0,0,0,0,0,0,-0.00214262003088967,-0.0135483084765513,-0.0240202936986635,-0.0297673262096649,-0.0354769098954918,-0.0421015165995454,-0.0483865539740192,-0.0562713115707578,-0.0683001793276714,-0.0800438218968727,-0.089436042260227,-0.0946331433301357,-0.102579211705859,-0.109527810394803,-0.118076758647012,-0.126196409894657,-0.133254361603752,-0.138221335218482,-0.141586224286462,-0.148596475417368,-0.153466704148367,-0.161084510510228,-0.174008149118421,-0.189768894120029,-0.206084837357019,-0.219697335606621,-0.233372664837498,-0.24669203068157,-0.261011994264361,-0.273162440242861,-0.287007790908878,-0.301797981859245,-0.313737846718305,-0.326721604553959,-0.340653953557676,-0.35907582975613,-0.377780773009734,-0.396798675075172,-0.413369397795825,-0.427036312036032,-0.444639711040115,-0.463710143536281,-0.476080706149389,-0.487262753676837,-0.494846600214178,-0.502051034546376,-0.509768359814687,-0.513793661540434,-0.51790788077892,-0.524034259982201,-0.532555753076533,-0.545967207244446,-0.569988560575174,-0.592979288738594,-0.615218148703477,-0.636890585635505,-0.653914982273388,-0.670750542109971,-0.687433453766851,-0.703134184958297,-0.718447196505245,-0.727171933436804,-0.735750418574548,-0.750560372990408,-0.76879011393566,-0.790039582135675,-0.809428002216695,-0.82908695857909,-0.885687003807296,-0.927713118914316,-0.956424441709628,-0.98256488166708,-1.0071089245195,-1.03871256183073,-1.0598328463578,-1.07714637698568,-1.09258576432261,-1.10747126895623,-1.12250413604996,-1.13995320017603,-1.1577461039051,-1.18892755032405,-1.22298087376989,-1.25366194070867,-1.28718237636697,-1.3513126835079,-1.38604604034977,-1.41937973175618,-1.48419339044444,-1.51293433271077,-1.53574151386247,-1.54794973878171,-1.56337475505833,-1.61816007234054,-1.64506306598591,-1.66719988852177,-1.68868043546764,-1.71406534252362,-1.75810397414887,-1.80889136056822,-1.856436932745,-1.90802537275429,-1.95405503964215,-1.98244455257399,-1.9998920958517,-2.01116574190503,-2.01679408162223,-2.02256315825985,-2.02847966116449,-2.03980829198323
"x142",0,0,0,0,0,0,0,0,0,0,0,0,0,0,0,0,0,0,0,0,0,0,0,0,0,0,0,0,0,0,0,0,0,0,0,0,0,0,0,0,0,0,0,0,0,0,0,0,0,0,0,0,0,0,0,0,0,0,0,0,0,0,0,0,0,0,0,0,0,0,0,0,0,0,0,0,0,0,0,0,0,0,0,0,0,0,0,0,0,0,0,0,0,0,0,0,0,0,0,0,0,0,0,0,0,0,0,0,0,0,0,0,0,0,0,0,0,0,0,0,0,0,0,0,0,0,0,0,0,0,0,0,0,0,0,0,0,0,0,0,-0.000529605492334727,-0.00607471065064356,-0.00847985407338553,-0.0100738974013549,-0.0101409659916393,-0.0110867219668593,-0.0149812689738102,-0.0180450786958428,-0.0242787002318397,-0.0290985401049521,-0.0352311628737081,-0.0347929451330858,-0.0332215483544134,-0.0340291164201293,-0.0353276740518349,-0.0414674262362659,-0.0514612958555303,-0.0614646762312376,-0.0707634693634227,-0.0759585985040157,-0.0812090530987892,-0.0872805985764805,-0.092791368937386,-0.0922992333933496,-0.0931732614447946,-0.0948581958183707,-0.0940431144549802,-0.090726343120107,-0.0897672953276113,-0.0914515341966076,-0.0906607302220625,-0.0889913445969163,-0.0908812508045276,-0.0913287810028728,-0.0931204827917634,-0.0947580746682436,-0.0946833199973246,-0.0969593182113909,-0.0990034094326049,-0.102851366605598,-0.105717785361114,-0.104518889926872,-0.0944800935200269,-0.0859708069571055,-0.0781510481357388,-0.0695906022357234,-0.0589688415509344,-0.0485157154639106,-0.0360209709604633,-0.0229109018231299,-0.00653017166673935,0,0,0,0,0,0,0.000119342205127213,0.0396184390284286,0.0667495352013364,0.088636635058303,0.114634244032067,0.139636743142237,0.175157352411755,0.206459816693486,0.223999901637055,0.240758991794067,0.25713580263994,0.273739915681436,0.291831130616168,0.308285134289812,0.327160017177987,0.35086004386116,0.366783496361004,0.382864488916986,0.421377233449768,0.440149716062496,0.457762476382474,0.491929025079567,0.510588308590861,0.527116502844766,0.536381448437605,0.544043808478041,0.586308556913361,0.604707867901917,0.617150695807944,0.62573387291646,0.636207694971728,0.653573424075759,0.685197640552358,0.714522145130843,0.752008703637517,0.787590504121501,0.80366556945749,0.811575650470206,0.816870869075548,0.823324625853962,0.83205143973896,0.841254709148458,0.853499301476589
"x143",0,0,0,0,0,0,0,0,0,0,0,0,0,0,0,0,0,0,0,0,0,0,0,0,0,0,0,0,0,0,0,0,0,0,0,0,0,0,0,0,0,0,0,0,0,0,0,0,0,0,0,0,0,0,0,0,0,0,0,0,0,0,0,0,0,0,0,0,0,0,0,0,0,0,0,0,0,0,0,0,0,0,0,0,0,0,0,0,0,0,0,0,0,0,0,0,0,0,0,0,0,0,0,0,0,0,0.00429868407596851,0.0153037352444738,0.026723500487343,0.037766417818963,0.047570819184293,0.0559428280511834,0.0638526767616362,0.0676664412778596,0.0701295854659503,0.0722667151244033,0.0748133874560416,0.0797256092404945,0.08487318048263,0.0894772975965612,0.0945075985777943,0.0994670162035681,0.104326471764975,0.110292906221113,0.116620569948311,0.123226462966331,0.129374529424925,0.134844153308408,0.142497771107915,0.150472616958927,0.157267325897266,0.165756162982179,0.174261935552617,0.181650790719248,0.188880434430822,0.195761621318522,0.202153345543212,0.20954825801075,0.21654241648448,0.222538590824873,0.228767500304492,0.237143371232361,0.244870523788495,0.253118132173665,0.259101827187275,0.265641419802535,0.274912399223463,0.281386487491955,0.28977970635785,0.298187126342431,0.30688106329964,0.312399847985619,0.331711746793849,0.354959006976938,0.377859561351924,0.403791021102654,0.433369004212787,0.461748954828221,0.488253120808326,0.509205932721526,0.528674899589338,0.548725385092438,0.566942792786274,0.580598144372365,0.595353312453327,0.614479579566525,0.636424007735832,0.657919544741081,0.682473387114866,0.707590595347115,0.732511682626468,0.756195325385462,0.774167639059414,0.788422558557487,0.795806738667759,0.801988890082684,0.807040016586319,0.805031887142063,0.805240098774324,0.809240389651848,0.812502571409284,0.808354516614389,0.803832027628571,0.799201054579147,0.794846391189368,0.790211039970425,0.790234585282313,0.790977285977362,0.788211668196947,0.785400790790664,0.780159251730312,0.777880694956524,0.779153160111259,0.781821764244998,0.790942415296021,0.812214408366792,0.831463196917718,0.850631522656108,0.871686128970591,0.888412342529808,0.901742913971336,0.914606824136731,0.926336218161083,0.935342326623296,0.929111139743568,0.922755091926136,0.914751053228464,0.907734783511695,0.900600414289225,0.890966468827044,0.880035238031993,0.870918972734784,0.863107876322591,0.861859350773802,0.867448093062915,0.888287547879846,0.894891027124233,0.899340243628342,0.911996560530193,0.91571200131521,0.914953673466079,0.909166085837891,0.89981802438547,0.887026059496416,0.880652607827255,0.880210800439915,0.886065708903058,0.895520696171706,0.910453026779572,0.91776572802516,0.924259412996744,0.929920365942925,0.931199666667083,0.936053690170194,0.938048658655668,0.937703520016767,0.933671399961768,0.928817807260925,0.924143556848493,0.920651799307463
"x144",0,0,0,0,0,0,0,0,0,0,0,0,0,0,0,0,0,0,0,0,0,0,0,0,0,0,0,0,0,0,0,0,0,0,0,0,0,0,0,0,0,0,0,0,0,0,0,0,0,0,0,0,0,0,0,0,0,0,0,0,0,0,0,0,0,0,0,0,0,0,0,0,0,0,0,0,0,0,0,0,0,0,0,0,0,0,0,0,0,0,0,0,0,0,0,0,0,0,0,0,0,0,0,0,0,0,0,0,0,0,0,0,0,0,0,0,0,0,0,0,0,0,0,0,0,0,0,0,0,0,0,0,0,0,0,0,0,0,0,0,0,0,0,0,0,0,0,0,0,0,0,0,-0.0175100717042654,-0.0393607332860448,-0.0611884092474894,-0.0825675739774132,-0.103550377128898,-0.122670067713738,-0.140262053500472,-0.155594341499644,-0.170211383501737,-0.182123758185226,-0.194884331488194,-0.209534887211267,-0.22546347612906,-0.244832022700055,-0.268315995507349,-0.292112271309204,-0.315650689830839,-0.339209814121092,-0.365853414944029,-0.392809244775093,-0.412204887456384,-0.429637519688917,-0.444863144765587,-0.455890543837694,-0.460244802679709,-0.459145381877794,-0.458868850490225,-0.456588980569001,-0.455938730987421,-0.452177726890813,-0.443261892086726,-0.431554926193471,-0.419425228207397,-0.406654790493339,-0.396890966281712,-0.386874340816801,-0.374314060849738,-0.363126507328799,-0.352710146217655,-0.346561479776959,-0.340894234259668,-0.333657324307713,-0.325823435074212,-0.328274055623532,-0.330204694284697,-0.331560437083896,-0.326202053707553,-0.327442322597824,-0.342108616903326,-0.363229562743384,-0.38639936759626,-0.417153693881545,-0.435907336062084,-0.446841645808185,-0.458063339606977,-0.469481764964989,-0.481698011006349,-0.492779943789105,-0.501287553567939,-0.515003970922744,-0.533983868528472,-0.550965889417636,-0.568761134793876,-0.590337851993085,-0.585103100009174,-0.576702366942724,-0.543849152579085,-0.533610607582243,-0.526911134538651,-0.527785295958693,-0.531753469290375,-0.530999974158843,-0.534253074993593,-0.544098204588416,-0.555054302557336,-0.565830042424204,-0.579741963120394,-0.601276478586298,-0.619532910224351,-0.642385908736359,-0.656112898544519,-0.658588469406127,-0.657169183842396,-0.65454519329295,-0.654131257605806,-0.653542405238147,-0.65312002389575,-0.648742058162382
"x145",0,0,0,0,0,0,0,0,0,0,0,0,0,0,0,0,0,0,0,0,0,0,0,0,0,0,0,0,0,0,0,0,0,0,0,0,0,0,0,0,0,0,0,0,0,0,0,0,0,0,0,0,0,0,0,0,0,0,0,0,0,0,0,0,0,0,0,0,0,0,0,0,0,0,0,0,0,0,0,0,0,0,0,0,0,0,0,0,0,0,0,0,0,0,0,0,0,0,0,0,0,0,0,0,0,0,0,0,0,0,0,0,0,0,0,0,0,0,0,0,0,0,0,0,0,0,0,0,0,0,0,0,0,0,0,0,0,0,0,0,0,0,0,0,0,0,0,0,0,0,0,0,0,0,0,0,0,0,0,0,0,0,0,0,0,0,0,0,0,0,0,0,0,0,0,-0.00139219680434588,-0.011044827881459,-0.0178575960557749,-0.0253115021127456,-0.0346799663971094,-0.0413265809491636,-0.0473176654044744,-0.0552827854986796,-0.0645799520241798,-0.0738167201587311,-0.0839607003701781,-0.0955301099784812,-0.107645633180502,-0.124311760889975,-0.14171511825862,-0.158547509622737,-0.168793504376458,-0.179953555633695,-0.196598135169773,-0.212460931975127,-0.226287036476199,-0.238818950274361,-0.251900413979054,-0.283674584012605,-0.304724286673612,-0.316173903306546,-0.325622417751979,-0.331127050657535,-0.339350919364427,-0.346268299069952,-0.347757420044203,-0.346560188485279,-0.345179442681265,-0.342668978399074,-0.337845440865332,-0.331774837059321,-0.322759119850334,-0.317509612821275,-0.313264083908396,-0.308384906296239,-0.312653075954604,-0.323014203309831,-0.333759654295494,-0.359473879416658,-0.37171041962449,-0.38054351762746,-0.379484281358063,-0.374994953219402,-0.369564636088988,-0.361305060952315,-0.355443889591862,-0.35072441515814,-0.352339705956329,-0.356078851017348,-0.357084747682543,-0.360817799369665,-0.366891206892578,-0.378491781386014,-0.389116557906278,-0.39471953863762,-0.396767769540035,-0.392932636761464,-0.390694050931555,-0.388714445708498,-0.389854476563508
"x146",0,0,0,0,0,0,0,0,0,0,0,0,0,0,0,0,0,0,0,0,0,0,0,0,0,0,0,0,0,0,0,0,0,0,0,0,0,0,0,0,0,0,0,0,0,0,0,0,0,0,0,0,0,0,0,0,0,0,0,0,0,0,0,0,0,0,0,0,0,0,0,0,0,0,0,0,0,0,0,0,0,0,0,0,0,0,0,0,0,0,0,0,0,0,0,0,0,0,0,0,0,0,0,0,0,0,0,0,0,0,0,0,0,0,0,0,0,0,0,0,0,0,0,0,0,0,0,0,0,0,0,0,0,0,0,0,0,0,0,0,0,0,0,0,0,0,0,0.00569690258879191,0.0186010854431097,0.0290520118057792,0.039360664742459,0.046415877906507,0.0568899322031682,0.0681441696990703,0.0787688333081117,0.0908936091451237,0.101596628237039,0.111523171518462,0.119818642388727,0.128488552646667,0.136098860442586,0.141182123984674,0.146842745484395,0.154103133469834,0.159649166102956,0.165665748947187,0.177943476008386,0.187358203258381,0.19767916087832,0.208175595770982,0.22018878766185,0.233797034850488,0.244430602920314,0.253727791129092,0.265501007835476,0.275114042186519,0.287637176633148,0.300253598892749,0.313375942390486,0.328800000256677,0.33821632761568,0.34260778417178,0.342456045167516,0.342509065032681,0.342299253625004,0.342179924863677,0.345069546344621,0.348342926966127,0.354029625924896,0.361785152137525,0.368814390088462,0.372268622291361,0.376667367693298,0.380694332376641,0.377449669909786,0.380859027586778,0.386754823775364,0.392737544464803,0.397761599818794,0.398244263074255,0.398125270193973,0.403975687552475,0.405571833244331,0.398647053341695,0.388036247277611,0.372572841955646,0.355347850480904,0.339078938895139,0.322935189687145,0.304218402478225,0.284030216915629,0.257452011638414,0.241732854984467,0.232845480498249,0.223454392654571,0.209863291315721,0.196057664065374,0.180190389033226,0.149039674213361,0.136973800066897,0.123954573633462,0.111120186632366,0.0949559285397725,0.0478564602411021,0.0239778297727048,0.0120868122348319,0.00267757970306335,0,0,0,0,0,0,0,0,-0.00250064748195015,-0.0102431587060033,-0.0164376498640905,-0.0223769427338514,-0.0298619008136752
"x147",0,0,0,0,0,0,0,0,0,0,0,0,0,0,0,0,0,0,0,0,0,0,0,0,0,0,0,0,0,0,0,0,0,0,0,0,0,0,0,0,0,0,0,0,0,0,0,0,0,0,0,0,0,0,0,0,0,0,0,0,0,0,0,0,0,0,0,0,0,0,0,0,0,0,0,0,0,0,0,0,0,0,0,0,0,0,0,0,0,0,0,0,0,0,0,0,0,0,0,0,0,0,0,0,0,0,0,0,0,0,0,0,0,0,0,0,0,0,0,0,0,0,0,0,0,0,0,0,0,0,0,0,0,0,0,0,0,0,0,0,0,0,-0.00288445114543394,-0.0082566564405613,-0.00857913641497667,-0.0105546049300658,-0.0118974284023729,-0.0153447946636684,-0.0249717571655662,-0.0324786069747887,-0.0393767422807144,-0.0429087923629519,-0.0439924861988574,-0.0404798769251923,-0.0386626752929347,-0.0392136317724126,-0.0372785921185597,-0.0361760390973381,-0.0327323436537146,-0.0300860172398958,-0.0264504385056,-0.023286327963592,-0.0213323786376133,-0.0195195649440371,-0.0186284832915056,-0.0155311346676847,-0.0123326300972229,-0.0090039044628919,-0.00621141404802397,-0.00427949600598122,-0.00417594867901977,-0.00445502701533531,-0.00318085078555808,-0.000680067771057165,0,0,0,0,0,0,0,0,0,0,0,0,0,0,0,0,0,0,0,0,0,0,0,0,0,0.00565280099873387,0.0187244952850194,0.0315258445561527,0.0489463058009325,0.0785117045056739,0.105422889713623,0.130116668563642,0.154172938676987,0.177204177434337,0.200663850966534,0.226236758272592,0.250377981050061,0.279380761300711,0.305073443569278,0.328330048613129,0.350853786332062,0.38508153408907,0.40417617862995,0.421385690892063,0.441364861547242,0.455610162323269,0.470545003211074,0.48403138156895,0.503770147232417,0.546046832292637,0.567560511157273,0.586348795262666,0.60327840455502,0.618815742424998,0.644776248804755,0.672936281793946,0.696704196525631,0.72541971931621,0.750512196422359,0.765969989123966,0.77318465008919,0.780279743771388,0.789154127718854,0.797548719375262,0.805854476057168,0.815459693734984
"x148",0,0,0,0,0,0,0,0,0,0,0,0,0,0,0,0,0,0,0,0,0,0,0,0,0,0,0,0,0,0,0,0,0,0,0,0,0,0,0,0,0,0,0,0,0,0,0,0,0,0,0,0,0,0,0,0,0,0,0,0,0,0,0,0,0,0,0,0,0,0,0,0,0,0,0,0,0,0,0,0,0,0,0,0,0,0,0,0,0,0,0,0,0,0,0,0,0,0,0,0,0,0.0127738323904428,0.0260348384709382,0.0380746181016943,0.0475064307781049,0.0561000425777611,0.0635633141295341,0.0688694160010929,0.0735416319478351,0.0774684877614719,0.0804568597001035,0.0832561070741901,0.0858396667807968,0.0882084387298957,0.0896737316708169,0.0901129600441415,0.0915451329524486,0.0925069166808526,0.0931196960608092,0.0934654436967188,0.0934315706929594,0.0935140678507071,0.0940139158092855,0.0928007425492199,0.0898889277194924,0.0861658645636485,0.0833945446236452,0.0822693599699524,0.0764458566666455,0.0683120841858193,0.0623015075463556,0.0601854326346382,0.0575662872378187,0.0528370589701303,0.0480488590002398,0.0428131877361557,0.0366754530638467,0.0281273356022174,0.0203897277699565,0.015743396341222,0.0135740638408453,0.00938300987608222,0.00677477184093321,0.00650817559933166,0.00584107617003869,0.00524734946145144,0.00362605481991675,0.00604600847693647,0.00817717252705731,0.0103020197051706,0.0096828274776144,0.00941864932880637,0.0114321956335416,0.0144237525702854,0.0198243232713891,0.0267387385502313,0.0313286797420758,0.0360720606273554,0.0393355712916377,0.0420607898717684,0.0442197544203699,0.0484939788856937,0.0519812995496881,0.0550786262089207,0.0600842992069838,0.0669567457891064,0.0710918797343817,0.0781246989376553,0.0774319656866018,0.0718509962891997,0.0663228795768477,0.0643040973263548,0.0639965730723212,0.0634840016996981,0.0630665961776386,0.0589174029200828,0.0483716646321366,0.0357741494786603,0.0225954234927804,0.00767938335913588,0,0,0,0,0,0,0,0,0,0,0,0,0,0,0,0,0,0,0,0,0,0,0,0,0,0,0,0,0,0,0,0.00272669896086831,0.00701626948605362,0.00721740239541653,0.00910336763178308,0.0096279901653135,0.0107813860721905,0.0141451099820437,0.0145988703557179,0.0127172693179515,0.0101440961925131,0.0102773979085333,0.00960173235575356,0.0114214790934592,0.0134048835173476,0.0135534053995396,0.0141558081285792,0.0151306406169767,0.00785267096467938,0.000517115413758736,0,0,0,0,0,-0.00459121645548793,-0.0132454789185302,-0.0228066776594108,-0.0329742368196318,-0.0453480564634527
"x149",0,0,0,0,0,0,0,0,0,0,0,0,0,0,0,0,0,0,0,0,0,0,0,0,0,0,0,0,0,0,0,0,0,0,0,0,0,0,0,0,0,0,0,0,0,0,0,0,0,0,0,0,0,0,0,0,0,0,0,0,0,0,0,0,0,0,0,0,0,0,0,0,0,0,0,0,0,0,0,0,0,0,0,0,0,0,0,0,0,0,0,0,0,0,0,-0.00193060750863027,-0.011363659698154,-0.0204021879344921,-0.0278588193029611,-0.0344446240549595,-0.0422471460729062,-0.0635110664199087,-0.0850871458111548,-0.10358309871338,-0.118553663184588,-0.133616571847622,-0.148924522254628,-0.164583826516751,-0.179767299542609,-0.19466757100364,-0.209775768246479,-0.223880101763236,-0.237040972082258,-0.248495705356664,-0.259887797557757,-0.270376089463904,-0.279839892116728,-0.290140613439447,-0.301587157477366,-0.311426382000678,-0.321060691342119,-0.330359163372905,-0.339723397046142,-0.34873069196333,-0.357035848109075,-0.364513255959571,-0.37281204064664,-0.383139004416495,-0.390062609164312,-0.393960952975613,-0.396967071049109,-0.400021137982434,-0.401754356529247,-0.400803384090458,-0.400014426515315,-0.398676322365425,-0.395938552147836,-0.392089620629791,-0.389617772814874,-0.388863052302438,-0.390753925937009,-0.391134022659761,-0.392124838453361,-0.393234602122618,-0.396885693023879,-0.398963429826877,-0.401129586565286,-0.408045730634326,-0.412216662652136,-0.414772031736827,-0.416377377633607,-0.417129626212755,-0.420814999722699,-0.428260152198474,-0.43502998433123,-0.443687387370937,-0.452437955154001,-0.461077989640695,-0.469436044588734,-0.477714161044648,-0.481810520371444,-0.486352293097823,-0.490778103057016,-0.49300701080982,-0.492876991477947,-0.492832866391358,-0.494946735514388,-0.499304184768806,-0.499210386753008,-0.495034686446603,-0.487544787136525,-0.484205756890936,-0.479886105672694,-0.474414161082708,-0.464974477171724,-0.451140438758489,-0.432159063422773,-0.411048188538515,-0.391446110554239,-0.374221669577697,-0.355786634525083,-0.335153172234896,-0.315814752424382,-0.296840574874082,-0.278351009018636,-0.260995945403495,-0.255937364041107,-0.250965082376017,-0.241142612336398,-0.231786350986788,-0.220278113068799,-0.206379615627221,-0.192005057514887,-0.174411291686128,-0.157129592044367,-0.149152183931975,-0.143052065213915,-0.136661700932514,-0.117245888912089,-0.104471740450623,-0.103020318601805,-0.106813704931208,-0.111525060384324,-0.122407652129165,-0.128720816760014,-0.129722460855899,-0.12992073712345,-0.130383903114611,-0.131539601337281,-0.132870753813371,-0.131343745374607,-0.124435690567693,-0.114205397477911,-0.108948098432656,-0.107135454244444,-0.110911180133764,-0.104935316121954,-0.0973385713026931,-0.0726358225176173,-0.0622828550503292,-0.0518491954750889,-0.0431914131071628,-0.0343137644867926,-0.0326844972147249,-0.0277444383253464,-0.0262296720656233,-0.0285648917622044,-0.0326407488295982,-0.0338924500607249,-0.0328700793259605,-0.0316235849118459,-0.0371492920846399,-0.0368918771617589,-0.037768745834757,-0.0349352895841358,-0.0303926769878694,-0.023950649687845,-0.0163327509382767,-0.00815361908292152,0
"x150",0,0,0,0,0,0,0,0,0,0,0,0,0,0,0,0,0,0,0,0,0,0,0,0,0,0,0,0,0,0,0,0,0,0,0,0,0,0,0,0,0,0,0,0,0,0,0,0,0,0,0,0,0,0,0,0,0,0,0,0,0,0,0,0,0,0,0,0,0,0,0,0,0,0,0,0,0,0,0,0,0,0,0,0,0,0,0,0,0,0,0,0,0,0,0,0,0,0,0,0,0,0,0,0,0,0,0,0,0,0,0,0,0,0,0,0,0,0,0,0,0,0,0,0,0,0,0,0,0,0,0,0,0,0,0,0,0,0,0,0,0,0,0,0,0,0,0,0,0,0,0,0,0,0,0,0,0,0,0,0,0,0.000149615362596845,0.00503301393360858,0.00702819824364488,0.00892013270619274,0.0117404244065059,0.0136084781233023,0.0143744990993992,0.0123021278325943,0.00995225425029547,0.00420286862741336,0,0,0,0,0,0,0,0,0,0,0,0,0,0,0,0,-0.00285216640879742,-0.0114342723606182,-0.0204746510315268,-0.031308372950702,-0.0421507541526418,-0.0516971975703121,-0.0658569993613631,-0.0819600347392298,-0.0934365950040775,-0.0983379420758018,-0.102961436191,-0.116676013463193,-0.125446519938829,-0.133007372215953,-0.143201056154673,-0.155399709900398,-0.181197607426346,-0.202540959820554,-0.214050039575039,-0.222690568586342,-0.231071738188248,-0.239382727142908,-0.248592348236847,-0.257433027276657,-0.268403016006992,-0.281273128986908,-0.295614782481714,-0.31186485200311,-0.340746538579384,-0.358639360895102,-0.373202751820642,-0.385295884672248,-0.393873438271658,-0.400159517484855,-0.401631175917531,-0.401986683519617,-0.414953486093624,-0.426106893118241,-0.436895287328216,-0.449413082928799,-0.46400026118414,-0.494500581800267,-0.527770950939861,-0.557647465388571,-0.589848183443889,-0.620089073395117,-0.639516649792743,-0.64985154920877,-0.656539101851456,-0.660682287520845,-0.664384690353992,-0.668254331518846,-0.673785060364727
"x151",0,0,0,0,0,0,0,0,0,0,0,0,0,0,0,0,0,0,0,0,0,0,0,0,0,0,0,0,0,0,0,0,0,0,0,0,0,0,0,0,0,0,0,0,0,0,0,0,0,0,0,0,0,0,0,0,0,0,0,0,0,0,0,0,0,0,0,0,0,0,0,0,0,0,0,0,0,0,0,0,0,0,0,0,0,0,0,0,0,0,0,0,0,0,0,0,0,0,0,0,0.00236597505452253,0.00972344216084117,0.0174478553996254,0.0260144897315678,0.0367032903109251,0.0489821596765909,0.060418636261946,0.0715150558886527,0.0820374986332853,0.0926247996817142,0.103781116856593,0.115347272888052,0.126609738151105,0.13840218856466,0.151667465239277,0.16622656578763,0.179656913071114,0.192479492949861,0.205143676584527,0.216446462162435,0.226952922440212,0.236241179060733,0.24433182942274,0.252663648547229,0.260914773686297,0.268850036262773,0.276601896318997,0.285446274840682,0.29331713137241,0.301400946388962,0.308018879071017,0.314063776051561,0.320742484335122,0.326786778663627,0.333438008816662,0.340042083108544,0.346189157183914,0.351774271895366,0.357908349084381,0.362131309796834,0.366571303019668,0.371152235815805,0.377105500158734,0.382887658540026,0.390653754506407,0.397572274587357,0.40434298745915,0.411533723195589,0.414993930103098,0.418490292755528,0.424956481999276,0.433092771050438,0.437170913291237,0.438595988915963,0.440774340356721,0.441290406761359,0.441329397742727,0.440777132374645,0.439474055854389,0.438980615885358,0.440903901903116,0.442069797080673,0.440202234929463,0.439627263213602,0.437313152777198,0.430258173758862,0.423937590910275,0.415385207186057,0.413292379909702,0.412791076212322,0.417746707722493,0.421165048966816,0.413570228465044,0.403925892756714,0.394757282013695,0.390338342442757,0.388714282172083,0.389586906437251,0.390636603595592,0.393480779965398,0.394155161723452,0.392528657334712,0.390593556202858,0.388556461862365,0.386415056968461,0.385115572648239,0.387018360158869,0.390921811049215,0.39750050760929,0.402512261287024,0.408025998970255,0.412123731452132,0.417310773267113,0.431767995303273,0.454557418895699,0.467100924274619,0.469828943233485,0.471680643780754,0.471231543479057,0.470077700902302,0.469310412800563,0.47106223759556,0.473436873598693,0.502430519949247,0.530955472267596,0.547048205714251,0.559048926075714,0.569961653346239,0.580442856466594,0.59237070703651,0.603801320873787,0.617901150022327,0.622866264810128,0.635592160291856,0.648439362470283,0.674323494556383,0.690442121415241,0.704869570057197,0.722066306743501,0.730312425337204,0.737992917339182,0.740812660793666,0.749498569216263,0.785158757262712,0.799993346143812,0.810488125962846,0.823313800731278,0.83741008884693,0.874744471303843,0.918987528241721,0.955980490029094,0.994215599670498,1.02752953904182,1.0519020037988,1.06755320838128,1.08209818368472,1.09715246793279,1.10995230081196,1.12254021070958,1.14145228214022
"x152",0,0,0,0,0,0,0,0,0,0,0,0,0,0,0,0,0,0,0,0,0,0,0,0,0,0,0,0,0,0,0,0,0,0,0,0,0,0,0,0,0,0,0,0,0,0,0,0,0,0,0,0,0,0,0,0,0,0,0,0,0,0,0,0,0,0,0,0,0,0,0,0,0,0,0,0,0,0,0,0,0,0,0,0,0,0,0,0,0,0,0,0,0,0,0,0,0,0,0,0,0,0,0,0,0,0,0,0,0,0,0,0,0,0,0,0,0,0,0,0,0,0,0,0,0,0,0,0,0,0,0,0,0,0,0,0,0,0,0,0,0,0,0,0,0,0,-0.00233598298094357,-0.0128839132635935,-0.0244844983054593,-0.0336265278799005,-0.0454909245330746,-0.0549747194857286,-0.061582923170631,-0.0671188437544185,-0.0724171421508385,-0.0821655481781668,-0.0961709924464143,-0.109363286831148,-0.122738565659631,-0.134863065198146,-0.149873842303473,-0.163794198361833,-0.176104304773376,-0.181264179154032,-0.185181089602754,-0.186036985564056,-0.185160548891882,-0.180841655845375,-0.17980178809723,-0.177533258404569,-0.17272671423069,-0.167690365363377,-0.162137224608242,-0.155136701848478,-0.148793502830798,-0.143838333392673,-0.134997142038804,-0.125042003499927,-0.116156718316751,-0.113593689259737,-0.107594402816883,-0.0994281657714561,-0.0899358885922727,-0.08187799003536,-0.074157402441246,-0.0672284667533583,-0.0634693928620897,-0.0603826266830373,-0.0549553145752176,-0.0477567544691934,-0.0391303781804951,-0.0294823198463894,-0.0227719309954427,-0.020091493923099,-0.0277208463022921,-0.0398810636166643,-0.04930250374863,-0.05822626984399,-0.0490040350315752,-0.0423142184865319,-0.0349131842508658,-0.0301000133868712,-0.0251846022952029,-0.0285712771894568,-0.0309373501394816,-0.0312084699434546,-0.0300754153872804,-0.0285844420382177,-0.0269311406085438,-0.0247898555283003,-0.0210770354361232,-0.0161435494630372,0,0,0,0,0,0,0,0,0,0,-0.00315731321468054,-0.00989898580369244,-0.00942107517052292,-0.00790572808315835,-0.00877182316359608,-0.0118657203658505,-0.0218519697374467,-0.0308355182699465,-0.0393419822744542,-0.0457598415313742,-0.0465131856920495,-0.0536185388524765,-0.0606788188798109,-0.0693102497463609,-0.0769876074706105,-0.0820889560659432,-0.0860972297304227,-0.0907418864038661
"x153",0,0,0,0,0,0,0,0,0,0,0,0,0,0,0,0,0,0,0,0,0,0,0,0,0,0,0,0,0,0,0,0,0,0,0,0,0,0,0,0,0,0,0,0,0,0,0,0,0,0,0,0,0,0,0,0,0,0,0,0,0,0,0,0,0,0,0,0,0,0,0,0,0,0,0,0,0,0,0,0,0,0,0,0,0,0,0,0,0,0,0,0,0,0,0,0,0,0,0,0,0,0,0,0,-0.00398827451448195,-0.0133436708196668,-0.0211936779609989,-0.028188965361491,-0.0334090168807264,-0.0381783593344982,-0.0412219909954727,-0.043888252879303,-0.0470076693217263,-0.0512433924054034,-0.0572980633910675,-0.0640669566769358,-0.0707208132222205,-0.0756006019903688,-0.0797920917042021,-0.08336297894593,-0.086168680652998,-0.088599851897576,-0.090430285672793,-0.0913586080071542,-0.0918977585533447,-0.0927028474452981,-0.090839630290239,-0.0898799160432915,-0.0872167241323396,-0.0851001154311399,-0.082110793218923,-0.0832139242811523,-0.0847827752339905,-0.0849314224647025,-0.0853434454505855,-0.084736353322907,-0.0843392790443568,-0.0844554491280329,-0.0852279266233003,-0.0845369175050979,-0.0836773016229371,-0.0819241882162897,-0.0837699176591846,-0.0870019058642778,-0.092844823512592,-0.0976351362303212,-0.0954244518147145,-0.0874172139001455,-0.0765042437857025,-0.0704956462424118,-0.063074647162886,-0.0649264751664769,-0.0669284126681821,-0.0666677444731118,-0.0685322662834283,-0.0638598104629502,-0.0540121304737702,-0.0436149718004895,-0.0326953052661298,-0.0229636030597466,-0.015923408325039,-0.00781375271258443,0,0,0,0,0,0,0,0,-0.0121806780350069,-0.0259518990695892,-0.0306549050204404,-0.0340558743142845,-0.0401654069845534,-0.0499635233362479,-0.0634997883929955,-0.0809901022082261,-0.0962946432172169,-0.107073942970382,-0.12314789663914,-0.145693944991167,-0.170074055042516,-0.192840468874463,-0.214699311780952,-0.235064216371294,-0.244828789535616,-0.254354020985066,-0.267832953039795,-0.280649768503294,-0.296776398605337,-0.312605153144505,-0.329037444796446,-0.354271662055377,-0.381124664987153,-0.390763870336284,-0.394103444215719,-0.397167185284483,-0.42583542881365,-0.44751608141633,-0.458388729928778,-0.465256374771695,-0.474812573621793,-0.49897587343105,-0.525462860922608,-0.548477342480896,-0.569881873744938,-0.589889911332222,-0.609513695360478,-0.632622806981626,-0.658094861877863,-0.696690124309988,-0.734156146474408,-0.760979523073399,-0.787202104760723,-0.82498336754703,-0.847437811483293,-0.872172681180463,-0.922420252566714,-0.942045610115008,-0.961448531412258,-0.978459859825894,-1.00586104123793,-1.05877736809804,-1.0862235411732,-1.10749732544277,-1.12463637747733,-1.14136782890075,-1.17346023673503,-1.21385811332947,-1.24954268591969,-1.28248161627655,-1.31474768665884,-1.33114321866847,-1.34420591861316,-1.35491071237191,-1.36646993381074,-1.37722458557382,-1.38862064871286,-1.40611712955836
"x154",0,0,0,0,0,0,0,0,0,0,0,0,0,0,0,0,0,0,0,0,0,0,0,0,0,0,0,0,0,0,0,0,0,0,0,0,0,0,0,0,0,0,0,0,0,0,0,0,0,0,0,0,0,0,0,0,0,0,0,0,0,0,0,0,0,0,0,0,0,0,0,0,0,0,0,0,0,0,0,0,0,0,0,0,-0.00325417186113406,-0.00945391309773555,-0.0148936296660014,-0.0203718645430514,-0.0248126087781903,-0.0289603462598981,-0.0331537705601085,-0.0377850607893565,-0.0419436960036525,-0.0448297189061735,-0.0476447141034106,-0.0492062415575037,-0.0480904528920631,-0.0466224730746564,-0.045352349521108,-0.0428495005790637,-0.036941609551042,-0.0328308543768732,-0.030001747796539,-0.0294692842884296,-0.0280492857760519,-0.0223689381907039,-0.0173279095415386,-0.0122056578442003,-0.00769539806318196,-0.00295992514540602,0,0,0,0,0,0,0,0,0,0,0,0,0,0,0,0,-0.00438366787018717,-0.00863980630643663,-0.0132686678823106,-0.0180387647533436,-0.0256158972764186,-0.0313720370246622,-0.0364943822873054,-0.0373440747143007,-0.039332872877268,-0.0419798126296686,-0.0438444211953139,-0.0451293073399961,-0.0442521540082889,-0.0438766152078215,-0.0433009070808161,-0.0409831264840158,-0.0324915283015083,-0.0207123253210627,-0.0102165419278388,-0.000326256733661449,0,0,0,0,0,0,0,0,0,0,0,0,0,0,0,0,0,0,0,0,0.00286690831864229,0.00830416935175891,0.0179832363845851,0.0285108687831645,0.0465041411652993,0.0653086218031276,0.0783799390060327,0.0918380051312614,0.107756700094836,0.124836367190606,0.142085899027207,0.158953532060463,0.173588068141165,0.186919212528835,0.196907363176292,0.204454482734625,0.210775582051571,0.215372693927769,0.219550282347015,0.224034725688577,0.22996774384843,0.236295391359459,0.244545141704763,0.252062418120703,0.262179235947256,0.271663208410014,0.282762485228396,0.296143020423767,0.312066188740874,0.326926638161842,0.338822943478719,0.350215268060008,0.35874376867129,0.367213655797122,0.375824624750196,0.386909023243362,0.401120746483178,0.42840049262516,0.453338258777107,0.470413654223211,0.485733062287457,0.500360390876083,0.514600009710799,0.530600815739657,0.546565424288647,0.56555170759522,0.575527961711509,0.590775877597134,0.606566968709715,0.624333070055537,0.626424009782459,0.628833193042801,0.628272469213241,0.631404052731378,0.636947582039295,0.644870832568931,0.660924005667265,0.680481990387424,0.691410607995185,0.704687447133684,0.718151077048053,0.733909363154007,0.757842602122044,0.784237887180997,0.805643976129065,0.825254939073016,0.838007939759851,0.845825062049095,0.85324371754962,0.861865766831853,0.872547810735538,0.880662365453298,0.8885177775267,0.897184699087255
"x155",0,0,0,0,0,0,0,0,0,0,0,0,0,0,0,0,0,0,0,0,0,0,0,0,0,0,0,0,0,0,0,0,0,0,0,0,0,0,0,0,0,0,0,0,0,0,0,0,0,0,0,0,0,0,0,0,0,0,0,0,0,0,0,0,0,0,0,0,0,0,0,0,0,0,0,0,0,0,0,0,0,0,0,0,0,0,0,0,0,0,0,0,0,0,0,0,0,0,0,0,0,0,0,0,0,0,0,0,0,0,0,0,0,0,0,0,0,0,0,0,0,0,0,0,0,0,0,0,0,0,0,0,-0.000411173360213438,-0.0123208772118803,-0.0251917000502792,-0.0385819483617314,-0.0528976637940392,-0.0658483179287644,-0.0749373653464719,-0.0839734059228839,-0.0941117785797447,-0.106053478095997,-0.121193155056409,-0.137695706711519,-0.152809683527096,-0.167537663617815,-0.178859532502542,-0.191448739529573,-0.206304549018345,-0.21533608097307,-0.224342346587149,-0.224426959488899,-0.22018752948357,-0.216988237030592,-0.21140534893776,-0.210894582920586,-0.213603359929749,-0.216574996769648,-0.218401980444354,-0.218174806359955,-0.219224375865021,-0.221836660272615,-0.224787970437967,-0.228028946281979,-0.232733289362472,-0.236390628367478,-0.244909168090235,-0.24594418700919,-0.249644212073459,-0.254625049071431,-0.259949907865744,-0.266053791969209,-0.273042291258458,-0.281879227514144,-0.292040678913583,-0.301210802828618,-0.311766475759885,-0.32297166342487,-0.332912603317766,-0.342365455432333,-0.348398224898677,-0.349925545490349,-0.344816234910478,-0.338953932463273,-0.333040916322791,-0.328050243592921,-0.329237345840389,-0.330259341369645,-0.3306556711021,-0.33100259897966,-0.330609826828608,-0.33253893285503,-0.337967259959181,-0.337814460955245,-0.331024169948753,-0.337677924007776,-0.349746109093766,-0.3615456759823,-0.353356418732424,-0.345101533803227,-0.346036769927763,-0.354923210144678,-0.361137484172993,-0.363892594248473,-0.356491428124117,-0.340817359327691,-0.32371076110392,-0.308001158510948,-0.292070269046804,-0.272318241297219,-0.252340307930542,-0.226007204640389,-0.208310670372689,-0.199927708384823,-0.195833741757267,-0.187249686272634,-0.182152238916496,-0.174902249378837,-0.136994732593417,-0.130809091377795,-0.121023166903669,-0.113093314752304,-0.0990778392111847,-0.048214991006221,-0.0311836382296199,-0.0224544685687715,-0.0155670687379711,-0.0102989687415253,-0.00569258747883635,0,0,0,0,0,0,0,0,0,0.000945720244550378,0.00887535513623256
"x156",0,0,0,0,0,0,0,0,0,0,0,0,0,0,0,0,0,0,0,0,0,0,0,0,0,0,0,0,0,0,0,0,0,0,0,0,0,0,0,0,0,0,0,0,0,0,0,0,0,0,0,0,0,0,0,0,0,0,0,0,0,0,0,0,0,0,0,0,0,0,0,0,0,0,0,0,0,0,0,0,0,0,0,0,0,0,0,0,0,0,0,0,0,0,0,0,0,0,0,-0.00336337877170814,-0.0229593943564422,-0.0421005595336159,-0.0601521364539862,-0.0761701346796984,-0.0902090065787561,-0.103738031376618,-0.117353108621293,-0.131156876694405,-0.14393902007628,-0.156967519340045,-0.169869194853845,-0.181600378161256,-0.192352966458206,-0.201525583474908,-0.205913474613096,-0.210132482334501,-0.217042564421813,-0.225341473296492,-0.234847557689819,-0.244641868791095,-0.254338275054891,-0.262864186169356,-0.27088223102888,-0.280408252992602,-0.290669330533313,-0.299621389906833,-0.306645070434125,-0.314999111015961,-0.320371587035409,-0.325438536415583,-0.325273995584382,-0.323932741568792,-0.321057735316691,-0.310775432362546,-0.299347469087366,-0.289676680894298,-0.279024674107145,-0.267922179464237,-0.260628881368751,-0.254066710497601,-0.246657871848961,-0.239156780232258,-0.23265826850967,-0.226245391486001,-0.217768949243762,-0.20936376145076,-0.20012267615906,-0.18778576039441,-0.173217086337102,-0.163642751282437,-0.152542448980249,-0.146859873738883,-0.1452592343623,-0.141784994938521,-0.138593056068776,-0.13207836113246,-0.120793493006319,-0.109871836319105,-0.0975745037386272,-0.0874679464389774,-0.0743737721359589,-0.0604852479198665,-0.0477855726712561,-0.0374456277384446,-0.0275901850256234,-0.0150782307033313,0,0,0,0,0,0,0,0,0,0,0,0,0,0,0,0,0,0,0,0,0,0,0,0,0,0,0,0,0,0.0176164403055603,0.0385875786199688,0.0587737145219005,0.0717996054192972,0.0798172916447619,0.0886734590292599,0.106425535110711,0.125168511545878,0.146954859020713,0.15704421060313,0.158372505643305,0.157771223798407,0.15759106093441,0.15672704670899,0.151615685682298,0.144890839925633,0.133857563413896,0.128783415716098,0.133305810233452,0.145549120252999,0.169807490926679,0.191214372873589,0.208839848143107,0.206904447642682,0.217585683200806,0.221464461494162,0.222954152403129,0.219919521308121,0.196605057187864,0.192840740719045,0.191631520775784,0.192152900315254,0.195033044410935,0.207287159929862,0.214286224864798,0.227387969651711,0.243512926178463,0.259352604955789,0.275290394847669,0.284815744774434,0.292054699768694,0.297451212206062,0.302589577031983,0.30670279191907,0.305094029669263
"x157",0,0,0,0,0,0,0,0,0,0,0,0,0,0,0,0,0,0,0,0,0,0,0,0,0,0,0,0,0,0,0,0,0,0,0,0,0,0,0,0,0,0,0,0,0,0,0,0,0,0,0,0,0,0,0,0,0,0,0,0,0,0,0,0,0,0,0,0,0,0,0,0,0,0,0,0,0,0,0,0,0.00568216306137386,0.0144068658673517,0.022745606892693,0.0315891286528147,0.0425104734060256,0.0551648719224189,0.0671783985338494,0.0774329488825761,0.0871583994866736,0.0967393368243882,0.105999449231589,0.115459835428667,0.12444626633453,0.1325765496153,0.14040904529439,0.147474923824937,0.153506906632935,0.157045602369362,0.159306948612922,0.161834588254307,0.174824142451382,0.188128404819137,0.20462697271776,0.225329240815939,0.247507737513741,0.267702377426911,0.287354713905172,0.306756584461493,0.324833038737745,0.34217229283534,0.359881794507342,0.376306654642374,0.390879383084491,0.402647367750866,0.410906149281021,0.419598843372537,0.43057310813927,0.443784377854484,0.456408148813594,0.467786383575862,0.478943380727841,0.489105035672886,0.49783021573235,0.507785323807465,0.518197346804317,0.528916180956596,0.539206736888848,0.550283169518227,0.557670232625766,0.564846764862831,0.568007295328471,0.570905829429231,0.572613142462539,0.573662806331308,0.572590539222456,0.573480234221249,0.574481544324452,0.574335380639369,0.573515824375101,0.572293706247995,0.569685974200058,0.568369561734253,0.569484166596292,0.573241564299227,0.57501994435538,0.576498906551349,0.580612784244928,0.579582273736183,0.576549714449101,0.573446016099332,0.56950278123574,0.565543987962824,0.562433745566443,0.559593511753146,0.554876283314312,0.550060073897338,0.543271318527155,0.535862208820728,0.525178241048685,0.51268468122366,0.497348596869499,0.483165719346963,0.46977100254728,0.459126036723815,0.448168658152468,0.43337734017694,0.422042754800327,0.416021796765627,0.412765344513013,0.410928257202116,0.40833936552582,0.406656350230096,0.404346571229483,0.402700299466861,0.396894924726706,0.390920585958275,0.38474920455557,0.377940229593369,0.371882925925153,0.36979208275419,0.366606079484742,0.358804420604356,0.353718675482543,0.349687387645202,0.346053114674003,0.343484236537798,0.347256213986979,0.351005818991311,0.350619032593312,0.34922501757477,0.346062990713702,0.344978615680585,0.344158470651041,0.344796000843656,0.348593229072357,0.349572218634413,0.349966771364014,0.351027580994505,0.362153236914173,0.367372893282852,0.369604025355289,0.373169011980523,0.372093550874842,0.371708732039979,0.363585907751896,0.351290013295513,0.33775121540918,0.325297936425104,0.313308951330664,0.302231965681259,0.292077766701831,0.283225502752938,0.276596779174779,0.268073027308475,0.262004201642826,0.264887037221139,0.264256139962352,0.264952862613313,0.284493125068924,0.290714381033953,0.293237867562003,0.288204593682302,0.277967154674134,0.283076492352126,0.284979058021466,0.284780706905012,0.285156133836121,0.28460808898383,0.283613878364575,0.290499713810111,0.298783077672563,0.306314059621224,0.312083902773139,0.311887251017988,0.312908913492414,0.312726865119224,0.312271866814021,0.31268074738198,0.313229999956909,0.317329341372296
"x158",0,0,0,0,0,0,0,0,0,0,0,0,0,0,0,0,0,0,0,0,0,0,0,0,0,0,0,0,0,0,0,0,0,0,0,0,0,0,0,0,0,0,0,0,0,0,0,0,0,0,0,0,0,0,0,0,0,0,0,0,0,0,0,0,0,0,0,0,0,0,0,0,0,0,0,0,0,0,0,0,0,0,0,0,0,0,0,0,0,0,0,0,0,0,0,0,0,0,0,0,0,0,-0.00667413489424787,-0.0232311246321029,-0.0448822240404951,-0.0675244130228417,-0.0896564761266545,-0.112055582876645,-0.133620191396638,-0.154330396811701,-0.171616446092667,-0.180616975484333,-0.188116058210897,-0.195741940753606,-0.203080879469025,-0.210427063856537,-0.217650299950097,-0.226783794649865,-0.234277804798189,-0.240384839588235,-0.246623744545851,-0.252643604950446,-0.2570886100844,-0.26140225417546,-0.265504129332342,-0.270734043332858,-0.275595410398574,-0.278711699402383,-0.285066012923153,-0.292525540014474,-0.297923173990919,-0.302460276046992,-0.307382631616989,-0.313346923539241,-0.318192300007994,-0.323185150709004,-0.328435205325852,-0.333647940941849,-0.339227967385363,-0.344454618684873,-0.34963880981328,-0.356204700906243,-0.366689619283409,-0.380574048321613,-0.392259603714499,-0.403463300967929,-0.416395278337633,-0.424966224787558,-0.433358307686722,-0.44016442034358,-0.446670672071836,-0.451885807172646,-0.455249128390766,-0.459506188465843,-0.46334819671196,-0.467106231837229,-0.470747232317423,-0.471555310201518,-0.46676047270735,-0.459163059768534,-0.448344659548377,-0.438408153966989,-0.428035486847605,-0.42306088622195,-0.415533551173895,-0.405024905825459,-0.401012096601021,-0.395051922796258,-0.394548049495633,-0.397329388275052,-0.401013842968013,-0.404588934163296,-0.405371870993732,-0.407229070431177,-0.406843265252338,-0.407700944746666,-0.412319560620473,-0.422167839107536,-0.431166375429925,-0.440429948185438,-0.448926689318471,-0.451752131956604,-0.456220359451852,-0.46125972392419,-0.466201089000541,-0.472507403214629,-0.485883248475388,-0.500103299642747,-0.514949334883882,-0.529620855031429,-0.543341364761882,-0.556228384075449,-0.566468378732524,-0.580310026518485,-0.596703713922235,-0.605805665299214,-0.614531730800098,-0.622889922659132,-0.636480414409093,-0.643626394685439,-0.652163162052503,-0.670057071623167,-0.687145949793051,-0.713293328818802,-0.729581506048649,-0.731614272615441,-0.72956712893343,-0.728127296311662,-0.726271916871171,-0.72406396578547,-0.721996038668753,-0.713463921068851,-0.705314796579667,-0.698755371863209,-0.69681464068394,-0.702548894808072,-0.71242444871314,-0.721357944280163,-0.73544678827416,-0.744605000426156,-0.749189035928168,-0.745869544966103,-0.736096693517383,-0.732815003567859,-0.735557434801037,-0.736731836163201,-0.739811557947389,-0.742302889585291,-0.752103804191377,-0.773500225622178,-0.796149813939413,-0.816776953419507,-0.834063278072143,-0.846535547427325,-0.859445350717222,-0.870632858138674,-0.881694831117253,-0.892810968120285,-0.90388394314219,-0.917858808003156
"x159",0,0,0,0,0,0,0,0,0,0,0,0,0,0,0,0,0,0,0,0,0,0,0,0,0,0,0,0,0,0,0,0,0,0,0,0,0,0,0,0,0,0,0,0,0,0,0,0,0,0,0,0,0,0,0,0,0,0,0,0,0,0,0,0,0,0,0,0,0,0,0,0,0,0,0,0,0,0,-0.00151638707745706,-0.00428420772788296,-0.0102299464567738,-0.0178817077580915,-0.0247343544270513,-0.0312705966414051,-0.0379884021174409,-0.0447230832703811,-0.0510211576130577,-0.0563334045387066,-0.0618234302983958,-0.0671433733328374,-0.0721881041344445,-0.0763871129141792,-0.0801373469087039,-0.0835689167379485,-0.0868553113549454,-0.0910997219680375,-0.0957038997727351,-0.0967900245747292,-0.095972460066168,-0.0943846801926237,-0.0923766441212393,-0.0909881006276572,-0.0876156758534162,-0.0801685404913242,-0.0706891013601975,-0.0590794823749251,-0.0470942669318127,-0.0338786415783703,-0.0206730999843834,-0.00797903911717294,0,0,0,0,0,0,0,0,0,0,0,0,0,0,0,0,0,0,0,0,0,0,0,0,0,0,0,0,0,0,0,0,0,0,0,0,0,0,0,0,0,0,0,0,0,0,0,-0.00429675156845783,-0.0154687480037175,-0.0285515668969895,-0.0446647771283365,-0.0617549609569839,-0.0787028534341254,-0.092284930809956,-0.105870668884182,-0.121623727629095,-0.132403337482198,-0.145151124133782,-0.155599991876618,-0.164953421968881,-0.171958039494888,-0.178042486706385,-0.189569462193393,-0.200404441814178,-0.206725460934742,-0.210432165219562,-0.208890088592529,-0.200001953011056,-0.192266001460987,-0.186433371942712,-0.177244978060437,-0.168682979574884,-0.164954557418065,-0.163190097037508,-0.162093634724446,-0.159992401073748,-0.15389617482681,-0.147052487337776,-0.137879787163814,-0.128943009800624,-0.11898452201925,-0.109384972094015,-0.0973633284477478,-0.0799675179031824,-0.0622509987612397,-0.0605327190254603,-0.0617071143684029,-0.0635036207209312,-0.0642114437238749,-0.0663592442494347,-0.0651352340603277,-0.0561929349671166,-0.0452420703750085,-0.0222156466422131,-0.00406921275823306,0,0,0,0,0,0,0,0,0,0,0,0,0,0,0,0,0,0,0,0,0,0,0,0.0147789501705953,0.042343783653645,0.066517006332856,0.0862960530850059,0.103161985990738,0.113549006495798,0.125044659245622,0.13708178877401,0.15060805052822,0.162712240968728,0.175029610429788,0.189972827242265
"x160",0,0,0,0,0,0,0,0,0,0,0,0,0,0,0,0,0,0,0,0,0,0,0,0,0,0,0,0,0,0,0,0,0,0,0,0,0,0,0,0,0,0,0,0,0,0,0,0,0,0,0,0,0,0,0,0,0,0,0,0,0,0,0,0,0,0,0,0,0,0,0,0,0,0,0,0,0,0,0,0,0,0,0,0,0,0,0,0,0,0,0,0,0,0,0,0,0,0,0,0,0,0,0,0,0,0,0,0,0,0,0,0,0,0,0,0,0,0,0,0,0,0,0,0,0,0,0,0,0.00829722331177614,0.018995297719213,0.0287746129941615,0.0358193823395723,0.0415648906656952,0.0477422266644677,0.0540811961273334,0.0602259357481757,0.0660039764547712,0.0702170483787061,0.075302137331733,0.0800897441825402,0.0857044033973287,0.0927972564370666,0.100821072542281,0.110214617300172,0.11661259565296,0.123063293549502,0.127667224551822,0.133940310742816,0.141111445066918,0.146316034499069,0.151431256236502,0.154883460430086,0.157112146255606,0.158235970715895,0.158667409071857,0.15873319309226,0.15792683507196,0.160254892347811,0.166852031094238,0.175001041472575,0.183817866065751,0.190493861267341,0.196651906303175,0.200618798200623,0.207318066316007,0.214546221793829,0.217340511100895,0.221827173872181,0.224591279030474,0.226316896124517,0.227692923442959,0.227348172935611,0.23037863788747,0.233608230886113,0.233769157888882,0.230966105976415,0.224752245960077,0.211113098778227,0.199231641393108,0.189905047388029,0.175688056904741,0.159723873103031,0.146509109978285,0.13375068504326,0.121455446488685,0.109270150312172,0.098903148846578,0.0887874870981626,0.0765305506261658,0.0646294273909075,0.0541672485181524,0.0454687768171467,0.0326002434389001,0.0143471710955018,0,0,0,0,0,0,0,0,0,0,0,0,0.00415083122666895,0.00852914006390344,0.0126282548924082,0.0166461392217607,0.0209969931609498,0.0248222860264353,0.0272604913959478,0.0304162334450493,0.033961355682773,0.0389545206873677,0.039963252616712,0.0402290290577794,0.0286343792302999,0.0274417224308051,0.0264378889232228,0.0255347878658597,0.0230117930507979,0.0201148965490205,0.0203868119628298,0.0210219387209614,0.0224393300838143,0.0240533170125022,0.0170621090293801,0.00655289183317574,0,0,0,-0.00214502028459325,-0.0109498408602139,-0.0194756797426394,-0.0272611700299974,-0.0349510554338257,-0.0430556192770904,-0.055055976212214
"x161",0,0,0,0,0,0,0,0,0,0,0,0,0,0,0,0,0,0,0,0,0,0,0,0,0,0,0,0,0,0,0,0,0,0,0,0,0,0,0,0,0,0,0,0,0,0,0,0,0,0,0,0,0,0,0,0,0,0,0,0,0,0,0,0,0,0,0,0,0,0,0,0,0,0,0,0,0,0,0,0,0,0,0,0,0,0,0,0,0,0,0,0,0,0,0,0,0,0,0,0,0,0,0,0,0,0,0,0,0,0,0,0,0,0,0,0,0,0,0,0,0,0,0,0,0,0,0,0,0,0,0,0,0,0,0,0,0,0,0,0,0,0,0,0,0,0,0,0,0,0,0,0,0,0,0,0,0,0,0,0,0.000452841041839302,0.0133435601817926,0.0254687701507215,0.0352940151076937,0.0390858026906159,0.0421518217851453,0.0472245476526144,0.0502684367812863,0.055570240805598,0.0621955466060142,0.0654991097143033,0.0696675113352653,0.0807478701248411,0.0911712661030853,0.101437955261991,0.112475878548983,0.124663514694426,0.137986443448291,0.150217007137808,0.163224740141907,0.174629524925839,0.183690477991979,0.200833282007575,0.220598802411755,0.240727956240754,0.26061726738804,0.279521590334327,0.298110711721961,0.317152074341388,0.336099998972018,0.354349597913655,0.368473648456497,0.380498433175732,0.391741540874293,0.400895953467294,0.410641447695678,0.425139100599004,0.440053816418342,0.457554532264704,0.468817327712315,0.471295248953742,0.470138767712466,0.471176170701542,0.462948104113247,0.458048069383797,0.460125545449937,0.461294363455276,0.462304464345566,0.462662675232994,0.462101078479382,0.460537588058477,0.453120968914357,0.438852273264731,0.426789137203801,0.420277300966801,0.416750319554299,0.425275672164776,0.435871440479283,0.467196898834299,0.480804617796619,0.49131668965029,0.495705299331822,0.496140193457625,0.502903049923058,0.505926118545153,0.503802114100941,0.504115904244141,0.503359376463116,0.491911351588678,0.468945257228042,0.444429294888557,0.416799221922101,0.390358832233465,0.382993293566334,0.384020885132451,0.38566508508337,0.387621380052276,0.390680320293433,0.393887277030788,0.397654674218788
"x162",0,0,0,0,0,0,0,0,0,0,0,0,0,0,0,0,0,0,0,0,0,0,0,0,0,0,0,0,0,0,0,0,0,0,0,0,0,0,0,0,0,0,0,0,0,0,0,0,0,0,0,0,0,0,0,0,0,0,0,0,0,0,0,0,0,0,0,0,0,0,-0.00478587897393828,-0.0111781712139994,-0.016506135364115,-0.022890868350512,-0.0288231241569612,-0.0345044144637453,-0.0397858765504377,-0.045547137806202,-0.0506025406780155,-0.0543964594854176,-0.0576375142757725,-0.0640402041896491,-0.0705971317029228,-0.0771518993065353,-0.0832359995664911,-0.0900903974039167,-0.0973044008760012,-0.10311284198654,-0.108649802040314,-0.113982835216539,-0.119367735235329,-0.124829725273211,-0.130317583765678,-0.135623306566578,-0.140742985875411,-0.145300797233864,-0.149697990195794,-0.154289175420812,-0.157251748786235,-0.15929694182758,-0.161591814295512,-0.163340776736539,-0.164784906265936,-0.16726702420143,-0.169745983867608,-0.171852321386237,-0.173903630732794,-0.176214356660021,-0.178137709566924,-0.179944679243764,-0.181919339241274,-0.183450355449429,-0.185124573860091,-0.194891391182052,-0.206223690799416,-0.218281279636512,-0.229158060214108,-0.238345280192931,-0.247194829618975,-0.25536613867517,-0.263313446347166,-0.270660366284406,-0.277885526466377,-0.283781549722642,-0.28863195425512,-0.292192976701252,-0.296104879179546,-0.299491629887096,-0.304031819836766,-0.309650034481045,-0.318015743062588,-0.328439731612629,-0.337756492460673,-0.346990622058653,-0.355963127224106,-0.365847131967486,-0.375744877404374,-0.383129806472484,-0.395081946874532,-0.406545970129749,-0.417585733825652,-0.428372551986592,-0.43853451475626,-0.447846721706224,-0.45686981472426,-0.466265422740414,-0.47452478499971,-0.485563616604291,-0.498326182202561,-0.511607060932107,-0.525283883183498,-0.536374811311597,-0.547819247799754,-0.562727315523672,-0.578289931036518,-0.592683278009419,-0.606858765584607,-0.62131448127005,-0.637233676988576,-0.651240384465515,-0.667298064751648,-0.686821688746807,-0.705506623508711,-0.723267228497572,-0.740644831732316,-0.759559062911165,-0.774077394638698,-0.785977395142375,-0.798594581507481,-0.81391463608198,-0.829526257507239,-0.844043380597053,-0.859392141764853,-0.872319121286229,-0.885978510388102,-0.896933214676032,-0.909649470148273,-0.922775831540834,-0.936208734119777,-0.952470951651712,-0.967643955936726,-0.981748304339697,-0.993304524978421,-1.00557020031568,-1.01750315138696,-1.02757928011907,-1.030891191422,-1.0337982037603,-1.03599233654983,-1.03881204109792,-1.04292682002557,-1.05207739554831,-1.06325582880441,-1.07078508729163,-1.077415555595,-1.08924849920747,-1.10343725154993,-1.11700704019868,-1.12348267859927,-1.13356511152525,-1.14626675404514,-1.1574961915439,-1.17165640357538,-1.19061529267014,-1.20993687827015,-1.23136076265966,-1.25397852250883,-1.27562964375071,-1.29610787120611,-1.31592523794517,-1.33608714362678,-1.36068269607532,-1.379338676476,-1.39702884560909,-1.41070512521011,-1.41497584639208,-1.42244255168229,-1.42952005769634,-1.42910453200478,-1.43298502776356,-1.4389410448689,-1.4463141822954,-1.45807657513225,-1.47018993443437,-1.47977826002131,-1.48823393468669,-1.49840605498679,-1.50680001264862,-1.5079113643534,-1.51177219778224,-1.51629435673987,-1.52135794182093,-1.52307892059523,-1.52804846847068,-1.53047258925674,-1.5329064382964,-1.53694080106052,-1.53942118043738,-1.54156778669284,-1.5422206972001
"x163",0,0,0,0,0,0,0,0,0,0,0,0,0,0,0,0,0,0,0,0,0,0,0,0,0,0,0,0,0,0,0,0,0,0,0,0,0,0,0,0,0,0,0,0,0,0,0,0,0,0,0,0,0,0,0,0,0,0,0,0,0,0,0,0,0,0,0,0,0,0,0,0,0,0,0,0,0,0,0,0,0,0,0,0,0,0,0,0,0,0,0,0,0,0,0,0,0,0,0,0,0,0,0,0,0,0,0,0,0,0,0,0,0,0.0135199239291023,0.0317175992154043,0.0500604148476094,0.0687399505009341,0.0850440066771379,0.101148749560004,0.116683037873854,0.132330535852819,0.147257520436817,0.161349136280548,0.172616354421847,0.181927369340733,0.188121295938637,0.194761130561961,0.200758389935835,0.203927288828758,0.206761793931077,0.211897532985809,0.218886300488801,0.225667017585778,0.2331877271646,0.241037886358929,0.250518542708313,0.260123491638606,0.269655187610476,0.282174417078933,0.29383353367125,0.303174005539582,0.310007295354951,0.317896954356989,0.324608104014448,0.333024621333355,0.340783752997476,0.348936104875756,0.359697748303841,0.371723642324746,0.385888513513709,0.400671792466878,0.416145930173655,0.433389587213574,0.453652632542657,0.474921349718795,0.496150205084345,0.518623821631733,0.540121630659519,0.562128124977437,0.580513353723085,0.601875156647196,0.618966211522231,0.63585019902998,0.655727570461648,0.677629852738108,0.701438754551696,0.72075575517011,0.735527820993317,0.747970068853364,0.760178938303143,0.771735998726306,0.782846513612946,0.793895770858153,0.804989548807079,0.817422229174474,0.827296803224064,0.837350221729003,0.847844955229839,0.858713048290575,0.868443083932431,0.88004493061072,0.893903690961142,0.898539350833308,0.901890760569238,0.904695179646728,0.905617029303393,0.900143945296217,0.894245575921697,0.888483377470875,0.883573123688172,0.877944616632761,0.877421480073105,0.879519229175147,0.886539490365025,0.891531353721999,0.893243073675982,0.892226716991507,0.890455379060709,0.879312746769664,0.878328612814293,0.886499770991668,0.893522654010408,0.900985930112786,0.915685780113866,0.93147410824695,0.948533101575446,0.965865258050866,0.982246064869428,0.997933379842838,1.01146289335775,1.02503108508944,1.04469895015688,1.06879507512911,1.08656930369514,1.09818803606274,1.10090190757125,1.10796052379708,1.11364775720346,1.09820811244637,1.09526102259509,1.09495856405358,1.09952835638348,1.11019132962477,1.10883866356764,1.11171364844779,1.11687137939538,1.12199233123261,1.12557180816512,1.12979200478877,1.13725970577917,1.14874598361807,1.16220879536297,1.17824574023445,1.18599041412776,1.18722868906094,1.18613803540602,1.18471695596706,1.18233021203333,1.17952186911286,1.17392174733017
"x164",0,0,0,0,0,0,0,0,0,0,0,0,0,0,0,0,0,0,0,0,0,0,0,0,0,0,0,0,0,0,0,0,0,0,0,0,0,0,0,0,0,0,0,0,0,0,0,0,0,0,0,0,0,0,0,0,0,0,0,0,0,0,0,0,0,0,0,0,0,0,0,0,0,0,0,0,0,0,0,0,0,0,0,0,0,0,0,0,0,0,0,0,0,0,0,0,0,0,0,0,0,0,0,0,0,0,0,0,0,0,0,0,0,0,0,0,0,0,0,0,0,0,0,0,0,0,0,0,0,0,0,0,0,0,0,0,0,0,0,0,0,0,0,0,0,0,0,0,0,0,0,0,0,0,0,0,0,0,0,0,0,0,0,0,0,0,0,0,0,0,0,0,0,0,0,0,0,0,0,0,0,0,0,0,0,0,0,0,0,0,0,0,-8.56568196724535e-05,-0.0192615562927087,-0.0473897200851253,-0.062063807169065,-0.0681421800798773,-0.0744169914691648,-0.0953188047084293,-0.110658260291429,-0.115025698374044,-0.123044579692562,-0.134352197175415,-0.166670219170081,-0.19840974635301,-0.218839923195217,-0.23805709405364,-0.255986104467321,-0.272425915387972,-0.287854389544399,-0.303810528675934,-0.325240179196496,-0.346246052542762,-0.36071531245992,-0.372538185502546,-0.390647967512093,-0.408699879199967,-0.427865910685815,-0.448784073937849,-0.461300616853186,-0.473637979745236,-0.47683977153147,-0.480799640743552,-0.489135604292093,-0.495316523022453,-0.499326355181026,-0.501745867653591,-0.504010760178963,-0.50394345104635,-0.502387706768908,-0.507366245638892,-0.515311542585737,-0.530657185815648,-0.534402212966077,-0.533552515695903,-0.531773634433675,-0.528590386468542,-0.526443709725749,-0.524260511659524,-0.522822021114296
"x165",0,0,0,0,0,0,0,0,0,0,0,0,0,0,0,0,0,0,0,0,0,0,0,0,0,0,0,0,0,0,0,0,0,0,0,0,0,0,0,0,0,0,0,0,0,0,0,0,0,0,0,0,0,0,0,0,0,0,0,0,0,0,0,0,0,0,0,0,0,0,0,0,0,0,0,0,0,0,0,0,0,0,0,0.00813147205905413,0.020398684856274,0.0331426619937038,0.0458812111383441,0.0573728909596732,0.0684552502093283,0.0770683353918765,0.0840070847320344,0.0908501610537298,0.0973401992091883,0.103571702560888,0.109601587623923,0.114826334416776,0.119938299236053,0.126922440360582,0.134460843545749,0.140975592457474,0.145827460691894,0.150319477984888,0.155043527176633,0.159555531656633,0.162764534704999,0.164121864720775,0.165524766378913,0.166801838341894,0.168138472569251,0.168453028456701,0.167926230618085,0.167284719227313,0.166928994526826,0.161957418829067,0.156035726683854,0.149977972821096,0.144250055329389,0.140612138293629,0.13685681895935,0.132989276080124,0.128958437771597,0.125050659313229,0.121205447455932,0.11761077440282,0.114720807772105,0.113736494258247,0.112902778620755,0.112565401822746,0.112734063560887,0.112699867743941,0.110831479072795,0.108669991403191,0.107181674900988,0.106161238683115,0.104075497611017,0.101197837329497,0.0978888581847159,0.091555883536114,0.0819416807876202,0.0733321691459158,0.0656461625611303,0.059902872188819,0.0524339423000457,0.0474260750222613,0.0439280282535116,0.0404669940626316,0.0387218804144913,0.0399453959306769,0.0455714908592323,0.0485108847597029,0.0513812143687641,0.0555046090461472,0.0616927081719273,0.0674820056560063,0.0709311750242696,0.0743944686718165,0.0771569723426731,0.0805236389879066,0.0844174713921408,0.0886518693010527,0.0901844621195189,0.093360024568682,0.095932800067168,0.091809352016455,0.0881991287114352,0.0841847222306115,0.0818731549134845,0.0820240730137465,0.0812762702111534,0.0794013164910859,0.0764471152647362,0.0754187835030556,0.0792628564663687,0.0815146416001072,0.0838395388941585,0.0825927327976469,0.0759974930596155,0.0671700452678056,0.0590262864180441,0.0539338866703422,0.0488232799898829,0.0414683791053182,0.037694871820448,0.0344775335423931,0.0314520729027575,0.0279381911989171,0.0250804904576201,0.0224036816141759,0.0185649366262508,0.0158349488333682,0.0124937946713649,0.00765082295953448,0.000827887823540283,0,0.00160302603571192,0.00452530933818835,0.00499716597966069,0.00610263877361001,0.0137284231608074,0.0172208707913162,0.00678561380630201,0,0,0,0,0,0,0,0,0,0,0,0,0,0,0,0,0,0,0,-0.00164998403470221,-0.00727614858619678,-0.0128042036884475,-0.0375754422611788,-0.0501737316770482,-0.0569165950353994,-0.0624444937470349,-0.0673490598409074,-0.0823215396062754,-0.111162324691548,-0.135895466296111,-0.160311254895844,-0.17989189796399,-0.196257613576985,-0.210418191714865,-0.223017155796792,-0.238016983763852,-0.251273980842376,-0.264540597964585,-0.279554685606406
"x166",0,0,0,0,0,0,0,0,0,0,0,0,0,0,0,0,0,0,0,0,0,0,0,0,0,0,0,0,0,0,0,0,0,0,0,0,0,0,0,0,0,0,0,0,0,0,0,0,0,0,0,0,0,0,0,0,0,0,0,0,0,0,0,0,0,0,0,0,0,0,0,0,0,0,0,0,0,0,0,0,0,0.00809576222902892,0.0170352278731271,0.018767677521286,0.0168592834938205,0.014047609706101,0.0104804401980205,0.00647618671419383,0.00210635285071616,0,0,0,0,0,0,0,0,0,0,0,0,0,0,0,0,0,0,0,0,0,0,0,0,0,0,0,0,0,0,0,0,0,0,0,0,0,0,0,0,0,0,0,0,0,0,0,0,0,0,0,0,0,0,-0.000807567606694439,-0.00408035078382228,-0.00825420186114063,-0.0141945738092781,-0.0175676517707739,-0.024507108093302,-0.0315988218946342,-0.0364640897212648,-0.0420560042437405,-0.0508426187656906,-0.0605236836698269,-0.0695042646915767,-0.0798913071012565,-0.0904791324713401,-0.100044290659169,-0.109439065796276,-0.118145829243931,-0.122834754108763,-0.123795281187495,-0.125105271513639,-0.124594224248214,-0.12558940846647,-0.129599988875698,-0.137575456369192,-0.14854431619768,-0.163273333117105,-0.179752187430948,-0.200297811637556,-0.221264156856048,-0.237033231391839,-0.24994728508497,-0.259884599476539,-0.268996763952285,-0.276626904490071,-0.282553506685196,-0.28779308462901,-0.293254998554136,-0.29777598057895,-0.299062735018092,-0.300733572742038,-0.301869000346465,-0.302631298168728,-0.3029848820272,-0.30373524653735,-0.304134609312447,-0.304320081518972,-0.305079857049009,-0.305398194498686,-0.304987767325126,-0.303149399718415,-0.295372775354149,-0.283162575652789,-0.280069072422119,-0.279790977765466,-0.280036550838279,-0.286513537109293,-0.289033010035207,-0.288128264280959,-0.290496922782957,-0.29347834078274,-0.281111234180864,-0.262454743616591,-0.248623897826661,-0.235331407649504,-0.223266536466209,-0.212239306969544,-0.201691393598215,-0.191873038560739,-0.183558149350569,-0.183509871313655,-0.18599959438586,-0.189021758893756,-0.193458310087085,-0.185551919479425,-0.175451075023613,-0.164084430510063,-0.15518341068164,-0.144939097103502,-0.135761229533963,-0.123996267973407,-0.096458203864251,-0.0868751251482538,-0.0840265040105671,-0.0819810370937615,-0.0811956305000092,-0.0832239323843757,-0.0844047275017914,-0.0829231873164113,-0.0786104125667403,-0.0717322944415835,-0.0631245153149858,-0.0557791647029736,-0.0492534896218079,-0.0412099999920224,-0.0343259117852691,-0.0278449809704238,-0.020959311265833
"x167",0,0,0,0,0,0,0,0,0,0,0,0,0,0,0,0,0,0,0,0,0,0,0,0,0,0,0,0,0,0,0,0,0,0,0,0,0,0,0,0,0,0,0,0,0,0,0,0,0,0,0,0,0,0,0,0,0,0,0,0,0,0,0,0,0,0,0,0,0,0,0,0,0,0,0,0,0,0,0,0,0,0,0,0,0,0,0,0,0,0,0,0,0,0,0,0,0,0,0,0,0,0,0,0,0,0,0,0,0.000309423935614433,0.00316306024300676,0.00673914347493226,0.0121767648061237,0.0181759898186944,0.0231423806670633,0.0273596323320606,0.0319254832296256,0.0344587495920876,0.0344349789466921,0.0338738611660766,0.0341428338145605,0.0344608418861778,0.0354346464016542,0.0371216222800792,0.0397240986388302,0.0420466852760016,0.045135942687861,0.0479310922382506,0.0503269129421219,0.0518938867408309,0.052833436141241,0.053062047315333,0.0526303008444416,0.0523998763059204,0.0520932567349098,0.0521515000254315,0.0536653437830749,0.0555227293167259,0.0575356739376699,0.0602629349682531,0.0631643115031422,0.0665679975200798,0.0694031213439222,0.0730134200110018,0.0781515787371629,0.0842859010119672,0.0909949897741992,0.0970409753417519,0.0995064218059462,0.102639627317041,0.10589158845908,0.108566677831675,0.108516211965285,0.106976264602392,0.106348397299558,0.106550368048583,0.106004955749422,0.106362083279592,0.105306566195031,0.104210861314037,0.104014023917332,0.101911176333504,0.0983300165816328,0.0956218881948862,0.0937294416660877,0.0913904430294274,0.0914275160243525,0.0946802214724803,0.0991762949862388,0.108089545221746,0.120536451433814,0.137600065503448,0.152935591619825,0.162203598718137,0.170317606144306,0.176038998584841,0.181651829873724,0.188985183140912,0.195987877153055,0.201728277500642,0.207445771409337,0.212133017847585,0.216184560000714,0.222741661359249,0.230460748190685,0.237966872172464,0.245766699843026,0.253481717518297,0.261075981789111,0.269845746594517,0.277501391038631,0.287767721208074,0.299686540770047,0.313236046381192,0.324058637835357,0.339487650547377,0.359228689492732,0.380532637120803,0.402125051087653,0.443868687259041,0.472724416691884,0.496235906926063,0.526462795675383,0.554954318730634,0.590097189081223,0.614771021850334,0.628074625088746,0.640022882917793,0.651943314323868,0.66362966373738,0.67645353735884,0.689320881467824,0.705683425423112,0.725520104273341,0.746079384192898,0.765694972096455,0.796608709316762,0.808387403392221,0.818447927214925,0.841291020251275,0.854885763963487,0.867625453872331,0.874613646216822,0.87943043404477,0.897971183503659,0.91164533565113,0.923996043886147,0.933144486377834,0.943616666247513,0.960367391634339,0.992748105525021,1.02523021520017,1.05860047955682,1.08668901122691,1.10112371925846,1.11145095698881,1.12099639322244,1.13099933651899,1.14205667402056,1.15335452784469,1.16771263462957
"x168",0,0,0,0,0,0,0,0,0,0,0,0,0,0,0,0,0,0,0,0,0,0,0,0,0,0,0,0,0,0,0,0,0,0,0,0,0,0,0,0,0,0,0,0,0,0,0,0,0,0,0,0,0,0,0,0,0,0,0,0,0,0,0,0,0,0,0,0,0,0,0,0,0,0,0,0,0,0,0,0,0,0,0,0,0,0,0,0,0,0,0,0,0,0,0,0,0,-0.00739081415845045,-0.0229154137502579,-0.0371777085751502,-0.0493758482737471,-0.0604749925124744,-0.0714366206053669,-0.0826976603338289,-0.0949447440420767,-0.106074048348324,-0.117090597147996,-0.127797303968673,-0.138581369903841,-0.150874548209277,-0.16347621666688,-0.177359887469948,-0.191275497728004,-0.204751833508697,-0.218800923541669,-0.232862796451647,-0.242753207519314,-0.250875469218015,-0.258639550432668,-0.267205129343721,-0.275553113895279,-0.284435809637404,-0.292966601768389,-0.301389606167587,-0.310570842797844,-0.320105557118748,-0.329186886515969,-0.335885195507515,-0.341785472552686,-0.348272651235913,-0.355268048113864,-0.361259375796025,-0.367349249260904,-0.373159776188346,-0.377847827187185,-0.384207065968223,-0.390720017977437,-0.397405224425799,-0.403409562559231,-0.409030969512767,-0.412596755033476,-0.415468010151213,-0.417415387790059,-0.418881514870811,-0.42176937486466,-0.424535149588945,-0.428074647404382,-0.429503904843357,-0.428128796538371,-0.424892685364092,-0.422047576231154,-0.416010709873826,-0.408196933603149,-0.401636883015256,-0.395225049369218,-0.387269140824796,-0.379389541826311,-0.371563305920202,-0.364105481718374,-0.358247221206714,-0.354978244695313,-0.353580463605243,-0.353500303576541,-0.352614953889215,-0.351036060563294,-0.347353087209955,-0.342733948460473,-0.338673246765547,-0.334643323929029,-0.331028731092377,-0.325916019899194,-0.319723818407538,-0.314204158776423,-0.307781541942024,-0.300886822920509,-0.294416690947387,-0.286459173746271,-0.27902464219418,-0.271620992445893,-0.26484124923514,-0.25891998471801,-0.256205858202772,-0.258173978053238,-0.260192636866018,-0.262403445755323,-0.264334513638567,-0.263793258846299,-0.262898977791973,-0.261116951986856,-0.258524641888026,-0.254659520064676,-0.248812998920725,-0.244381082988795,-0.241744182554649,-0.241436580572073,-0.241386863178963,-0.242309074710415,-0.243765462389035,-0.2489585727812,-0.251928124556789,-0.250241155565279,-0.24578331905294,-0.241962948415583,-0.238124870502113,-0.236689964102833,-0.237008252737458,-0.238132083898963,-0.238854670854874,-0.23979830723569,-0.241508118777211,-0.243492882760301,-0.245960869272991,-0.245981370207908,-0.246472366143203,-0.245935263969042,-0.244684970444065,-0.243627986996738,-0.243095501695035,-0.251021220885039,-0.254530551219973,-0.258586372589527,-0.261201303135457,-0.263451959759046,-0.270284199903598,-0.27256977506505,-0.27191092760472,-0.268727150110728,-0.265207113010838,-0.257266799459381,-0.244611384908348,-0.23302702085333,-0.221724367898545,-0.211862944589096,-0.206853552658234,-0.205522123769395,-0.204663855102752,-0.203912984980281,-0.204519563597865,-0.205134699538841,-0.207561323387324
"x169",0,0,0,0,0,0,0,0,0,0,0,0,0,0,0,0,0,0,0,0,0,0,0,0,0,0,0,0,0,0,0,0,0,0,0,0,0,0,0,0,0,0,0,0,0,0,0,0,0,0,0,0,0,0,0,0,0,0,0,0,0,0,0,0,0,0,0,0,0,-0.0034264188993574,-0.005967833681819,-0.00748114205486904,-0.00741846003906762,-0.00728373262933851,-0.00723402157118965,-0.00750419251445568,-0.00894747529240277,-0.012456674532739,-0.0158978515121201,-0.020233232101248,-0.0267439949495536,-0.0363957045711856,-0.0458855830376013,-0.0567458586955646,-0.0682162363366078,-0.0792775625450582,-0.0897089470412882,-0.0995780882188457,-0.110413099967111,-0.123455917512163,-0.136523806026273,-0.149519822149142,-0.161671562925456,-0.174388233813908,-0.186587245565599,-0.199107694115318,-0.212537812356272,-0.22232257356475,-0.225008380554318,-0.228160376378396,-0.232555084913176,-0.237916155863735,-0.242956681258337,-0.246534586724078,-0.247204836897358,-0.248487169838028,-0.249959991747745,-0.251739485098857,-0.253216590278561,-0.254352168387084,-0.255789179191965,-0.254364611678978,-0.252747462584396,-0.25194968833607,-0.250209331518722,-0.248424345612105,-0.247844248846512,-0.247363376623765,-0.245096537851149,-0.242757994037488,-0.240691050550869,-0.238408812604232,-0.237473477296744,-0.237720952625932,-0.235675839916163,-0.235065688348816,-0.234371157458991,-0.235312533467782,-0.235415159843344,-0.232436605333994,-0.227367834183963,-0.223293431231844,-0.220442481194425,-0.218273520658689,-0.213828855884858,-0.208502543040209,-0.203369335923235,-0.197455207154561,-0.192766213064965,-0.188718968788353,-0.184794104231838,-0.180860348570145,-0.178657277048717,-0.179581006504065,-0.180659279928578,-0.181084655198143,-0.179088231617977,-0.180994006361427,-0.185999641481582,-0.190743279423072,-0.196325002493769,-0.20179457621238,-0.207046085446998,-0.211698402496025,-0.215346258037735,-0.21982949799347,-0.224762022423691,-0.228762317689812,-0.232140022499245,-0.234245063147742,-0.233676240585271,-0.231718970737179,-0.228671194413222,-0.224419774407323,-0.219625672599957,-0.216119497035826,-0.215335346363983,-0.213223660042245,-0.211735931811498,-0.209712575216209,-0.208465877622924,-0.208071842327713,-0.206467288960038,-0.205322397440165,-0.207782552284081,-0.207888487014084,-0.205408665811844,-0.201893686999192,-0.199918658281037,-0.200811739108249,-0.20063059317882,-0.199288150896036,-0.203016653280778,-0.20629686827195,-0.209310205981095,-0.212731186669468,-0.219861148789368,-0.22793467296549,-0.233143221813303,-0.237378126510209,-0.244011115496565,-0.251476124801377,-0.257351848607589,-0.261262500791673,-0.271638112739927,-0.284706136549545,-0.293314189964703,-0.300639279004085,-0.311724115705886,-0.322299945674081,-0.334369923066131,-0.356622484666208,-0.384319331568292,-0.429060764385738,-0.462027124190692,-0.481214135354612,-0.495166571976126,-0.509087854840715,-0.523166345154025,-0.538205251629753,-0.550965339540481,-0.561154623559538,-0.56732589606636,-0.578586761873415,-0.593505154969192,-0.620696770807623,-0.633475724630449,-0.642047040341769,-0.647848821154864,-0.657585671197795,-0.665284979725546,-0.672455380972689,-0.681082231953438,-0.699875541678217,-0.709851043261238,-0.721653145345719,-0.73618121469091,-0.752756047233378,-0.782865357554235,-0.819042918606779,-0.853876243868827,-0.891187199833092,-0.919398294993452,-0.94017577011926,-0.953392722540653,-0.965215243994336,-0.977790413614017,-0.98932126446017,-1.00038192249947,-1.01162526933393
"x170",0,0,0,0,0,0,0,0,0,0,0,0,0,0,0,0,0,0,0,0,0,0,0,0,0,0,0,0,0,0,0,0,0,0,0,0,0,0,0,0,0,0,0,0,0,0,0,0,0,0,0,0,0,-0.00893329900710105,-0.021315736579235,-0.0333641483831291,-0.0451722648276534,-0.0566292493285928,-0.0676464485300535,-0.0781998932822045,-0.0881303993004224,-0.0983706883127747,-0.108460727902049,-0.118170911420222,-0.12749065522226,-0.136419353056515,-0.145014529633464,-0.153283027364567,-0.161238971950411,-0.166220933095051,-0.170762874546931,-0.175849446959142,-0.183213863573731,-0.188929252639631,-0.191451140022901,-0.193870867456477,-0.197202010459949,-0.20051493780076,-0.204194907380303,-0.206744049445857,-0.205515330533242,-0.203822866752821,-0.203802573997179,-0.201462816228566,-0.197319859346869,-0.193245383980952,-0.189754677306491,-0.18648477474484,-0.181518410333869,-0.175271594711541,-0.169585941626819,-0.164859679541801,-0.161275681092713,-0.156438899381033,-0.151779212925822,-0.14711666630436,-0.142011245092723,-0.13601588415753,-0.130555296583572,-0.125891235851095,-0.120416770021506,-0.114314127316962,-0.108681333340793,-0.10346753011395,-0.0997210620149132,-0.0953448498807096,-0.0908784216044865,-0.0862261642956399,-0.0773721302658985,-0.0693579868227744,-0.0613553583821769,-0.0559840079033431,-0.0515353227809994,-0.0454196195713004,-0.039129489984908,-0.033202042544909,-0.0292484392909925,-0.025586132775333,-0.0250969193124619,-0.025070292464564,-0.0243310046668938,-0.0231255965347099,-0.0208807967357924,-0.0173776882571532,-0.0155782873724556,-0.0116486544482946,-0.00707977006406988,-0.00331204406942805,0,0,0,0,0,0,0,0,0,0,0,0,0,0,0,0,0,0,0,0,0,0,0,0,0,0,0,0,0,0,0,0,0,0,0,0,0,0,0,0,0,0,0,0,0,0,0,0,0,0,0,0,0,0.00193535065708907,0.0210581120996489,0.0387400402373765,0.0558899772696945,0.0731871469390345,0.0925731342771116,0.112416597982278,0.129140201266572,0.144609031193503,0.15971751708372,0.171237197536951,0.180371097896535,0.191123293701809,0.212745918998963,0.230219413210222,0.240481586861249,0.249613878034041,0.269799721767369,0.285344348225129,0.29390348401076,0.305653823126656,0.326611531113379,0.366685716381101,0.398667333746154,0.421162199306706,0.43921632465857,0.456725696024784,0.474185799029679,0.493725596271429,0.512349690315511,0.529395640463237,0.538193964842656,0.548679280934221,0.565361020000863,0.600680582147336,0.628426834331055,0.651627145393568,0.682284184192444,0.699254632371019,0.711827571648175,0.719422365326302,0.726892794431834,0.758208337674105,0.775950716902889,0.789150807386821,0.80642458694805,0.824673967832743,0.852251533574806,0.87321557567042,0.892235907431357,0.914285262641626,0.930974617284873,0.947700726966258,0.958884687894252,0.968494991801701,0.978050626946588,0.986822269335639,0.995224588064463,1.00472353068246
"x171",0,0,0,0,0,0,0,0,0,0,0,0,0,0,0,0,0,0,0,0,0,0,0,0,0,0,0,0,0,0,0,0,0,0,0,0,0,0,0,0,0,0,0,0,0,0,0,0,0,0,0,0,0,0,0,0,0,0,0,0,0,0,0,0,0,0,0,0,0,0,0,0,0,-0.000440327842496007,-0.0039718942549536,-0.00660038196174212,-0.00740091311098938,-0.00654509646566033,-0.00497320772460217,-0.00378656167391338,-0.00395300519829824,-0.00453741176116694,-0.00430858660015807,-0.00536941928587909,-0.00676349073509037,-0.0074898436357717,-0.00787196266481315,-0.00742064850266524,-0.00724160981452491,-0.0057344540470627,-0.00359322433958118,-0.00159615258685891,0,0,0,0,0,0,0,0,0,0,0,0,0,0,0,0,-0.00656197697791713,-0.01246995528561,-0.0171696018763437,-0.0210366405139242,-0.0243026646951528,-0.0269812744969453,-0.0305839356219842,-0.0337361797196024,-0.0357016745889745,-0.0383870140546604,-0.0409390761039223,-0.0427938897300316,-0.0453447815531436,-0.048099632476937,-0.0509259237955172,-0.0542457020815738,-0.057037831605231,-0.0601856586018929,-0.0634793839343469,-0.0663154876205762,-0.0713596285869712,-0.0748677240985672,-0.0777113097884978,-0.0775326321294063,-0.0800762514163685,-0.0855915290401519,-0.0922336542989039,-0.0969012727667768,-0.101482197560936,-0.106665107049408,-0.110574910130886,-0.112996121771863,-0.115651420404717,-0.11920772696581,-0.123801870057236,-0.129574544322131,-0.134841785277208,-0.140567108382693,-0.146947154927104,-0.147327024076924,-0.148482074551646,-0.152428319170465,-0.156523706397315,-0.160320015118383,-0.163872929874906,-0.164835162108121,-0.166431117118447,-0.168852954006369,-0.172093342859234,-0.175673468601868,-0.181077725288585,-0.188273965494206,-0.2001303359401,-0.209510460159893,-0.219263221858956,-0.229173620667535,-0.238151658203052,-0.249208536649283,-0.258998930145238,-0.269130329387025,-0.283466925415444,-0.301049801867156,-0.320316620280913,-0.334913889564388,-0.350538066243286,-0.366054106420829,-0.378998520080826,-0.394293482495511,-0.41354747124138,-0.431199832094826,-0.447485084940297,-0.460924071384537,-0.472421011029015,-0.484352308698534,-0.503933311622095,-0.522643974829172,-0.540798155139484,-0.557973051096028,-0.571007129141279,-0.584101796212161,-0.600281947666378,-0.616361306196053,-0.630179765940529,-0.638066819933804,-0.64505002258147,-0.656421860259013,-0.672950803056912,-0.684137652962803,-0.690059343448334,-0.696239710596296,-0.718357239310433,-0.734961092346355,-0.739310058755752,-0.737458412414675,-0.738701393773363,-0.737874520573571,-0.739699303901998,-0.746040693281169,-0.751982271479002,-0.757428590428783,-0.762634277305135,-0.767698455044362,-0.773270977076767,-0.778193314110098,-0.784207884380657,-0.789225864682366,-0.793544643117689,-0.804331989090534,-0.816420423147888,-0.825412034273472,-0.846544298764035,-0.854127927353433,-0.861084793245486,-0.862685320759041,-0.86290956025555,-0.86296515069935,-0.862743993701412,-0.86301252937943,-0.863964307768604,-0.866235827489995,-0.869192371967678,-0.858770495436117,-0.8463661271394,-0.833206795312421,-0.826658402574071,-0.823339840248903,-0.819670279696875,-0.816904357579348,-0.813359801693412,-0.813013925458427,-0.813396522626774,-0.815822718404416
"x172",0,0,0,0,0,0,0,0,0,0,0,0,0,0,0,0,0,0,0,0,0,0,0,0,0,0,0,0,0,0,0,0,0,0,0,0,0,0,0,0,0,0,0,0,0,0,0,0,0,0,0,0,0,0,0,0,0,0,0,0,0,0,0,0,0,0,0,0,0,0,0,0,0,0,0,0,0,0,0,0,0,0,0,0,0,0,0,0,0,0,0,0,0,0,0,0,0,0,0,0,0,0,0,0,0,0,0,0,0,0,0,0,0,0,0,0,0,0,0,0,0,0,0,0,0,0,0,0,0,0,0,0,0.00467023926565106,0.0129339062048329,0.0190776564651171,0.0239578793075857,0.0288419401571981,0.0328378268385707,0.0366377408031842,0.0390660873023552,0.039514432768687,0.0395670776247512,0.0400975914611787,0.0421059389821702,0.0448393524282897,0.0480768239579893,0.0525507990348406,0.0517310235962323,0.0508968984888174,0.0519436067152263,0.0537385611265144,0.0558248157142941,0.0575063380461753,0.058378388072241,0.0595405479401034,0.060036579664466,0.0583894034435025,0.0561990703650007,0.0546485422834074,0.0555628959278546,0.0570286070092139,0.057378125417997,0.0592507370639117,0.0590602055173002,0.0592009289480247,0.0613373280934033,0.0669011870173972,0.0740693687906098,0.0872193691005046,0.103833662234704,0.124112819944434,0.142246512753504,0.155172313710292,0.16761787258813,0.181344826044254,0.197757558720151,0.21481710691095,0.23187074553689,0.247690499255478,0.260818329311659,0.269477036605895,0.276458630840959,0.283326355944708,0.289443204946457,0.295318268033449,0.300771227009929,0.302017229804073,0.303060077136602,0.307752408353931,0.312603377475001,0.316770394682651,0.317139158133029,0.317927939412566,0.323678382880365,0.32808772078901,0.330700180466312,0.329766075102863,0.329467245449246,0.338170125662143,0.344715129481681,0.345050529496677,0.343986213992179,0.342040452764839,0.337785842062006,0.336181277061826,0.334436538895321,0.332087063547223,0.329519479361381,0.327645470419639,0.326474362548528,0.324991790244344,0.321344318985197,0.323313180746828,0.32697463490089,0.327746268329733,0.328981044736217,0.320869256828107,0.310383480684945,0.303634603003761,0.300238520787853,0.300001432706116,0.298682868618994,0.296270737738149,0.287719943822163,0.283510648996759,0.283253695246104,0.279865647496589,0.279146317708052,0.282342699485483,0.278259413437554,0.270897960072373,0.262104362170157,0.257426867239851,0.250990598792447,0.247601866206198,0.245234636601527,0.242305905272714,0.242780003103749,0.24439935485738,0.248972889126982
"x173",0,0,0,0,0,0,0,0,0,0,0,0,0,0,0,0,0,0,0,0,0,0,0,0,0,0,0,0,0,0,0,0,0,0,0,0,0,0,0,0,0,0,0,0,0,0,0,0,0,0,0,0,0,0,0,0,0,0,0,0,0,0,0,0,0,0,0,0,0,0,0,0,0,0,0,0,0,0,0,0,0,0,0,0,0,0,0,0,0,0,0,0,0,0,0,0,0,0,0,0,0,0,0,0,0,0,0,0,0,0,0,0,0,0,0,0,0,0,0,0,0,0,0,0,0,0,0,0,0,0,0,0,0.000416497775972095,0.000669378494942225,0.00363769393435925,0.00697806951759641,0.0102085705442215,0.0160684267754201,0.0229084355191492,0.0315014662721372,0.0411943875235151,0.0449093716224677,0.0487260733282483,0.0511229716470082,0.0547395783367428,0.0562034101189949,0.0585441012958808,0.0653918538152998,0.0720861521755803,0.0805457445668515,0.0853561756354875,0.0944667789157348,0.105352580892792,0.116199993630201,0.125190650608133,0.134356492467939,0.142953854256408,0.150867941114387,0.156694964490095,0.162539757975686,0.170150684740042,0.173342258614105,0.175159330101961,0.184034975235075,0.192781002201333,0.200225658863483,0.205470745590573,0.209842834249716,0.208688605487905,0.202578833242565,0.190962516658717,0.178507720793904,0.169849286761267,0.162615784048765,0.154442663760305,0.144908413868221,0.13474493473308,0.12460881108158,0.117504371037063,0.113410304540939,0.117430080746165,0.127015334935913,0.135337028704644,0.143500774060299,0.151130888288494,0.158208405200248,0.164555379050935,0.17037772338487,0.172131322040292,0.174158834035627,0.17479206925979,0.171736053670724,0.164531036340897,0.154680511901821,0.144891985261496,0.130367915160783,0.117242003133522,0.103883535557426,0.100730708142338,0.0991667077743197,0.0982238099315613,0.0940813605780656,0.0873769483940913,0.0692011786070183,0.0540441661505246,0.0471850030558631,0.0405749896087915,0.0344737472388064,0.0291984005950821,0.0244011494884774,0.0203035457495149,0.0190681867817321,0.0200253307665326,0.013520043663929,0.0080525366774547,0.00715422596191255,0.0149924919621044,0.0249123942791662,0.0539020002302806,0.0625806265101106,0.0672735055625981,0.0721943376215084,0.077571099763511,0.096943775569591,0.101589735674696,0.100411547255892,0.0982759412111741,0.0943984324818223,0.0918243301419631,0.0954984958957044,0.101273277733573,0.104933178392553,0.110668315073505,0.11533363682226,0.119023005644206,0.121699271993351,0.125327985850287,0.128161439534751,0.130701199137794,0.134586363715816
"x174",0,0,0,0,0,0,0,0,0,0,0,0,0,0,0,0,0,0,0,0,0,0,0,0,0,0,0,0,0,0,0,0,0,0,0,0,0,0,0,0,0,0,0,0,0,0,0,0,0,0,0,0,0,0,0,0,0,0,0,0,0,0,0,0,0,0,0,0,0,0,0,0,0,0,0,0,0,0,0,0,0,0,0,0,0,0,0,0,0,0,0,0.00455734559440315,0.0104008368477779,0.0165100885692942,0.0223580271426721,0.0236136331761376,0.0210605002533209,0.017087860627048,0.0112089621098599,0.00596810247431913,0.000209676665913283,0,0,0,0,0,0,0,0,0,0,0,0,0,0,0,0,0,0,0,0,0,0,0,0,0,0,0,0,0,0,0,0,0,0,0,0,0,0,-0.00347849226232882,-0.0120623417374904,-0.0166906154279385,-0.0237504564508332,-0.0312708533597287,-0.0409253799099274,-0.047713543855345,-0.0568341549544832,-0.0674542733321246,-0.0768952799763184,-0.0849667065551226,-0.0878902918249319,-0.09194453730672,-0.094480679548798,-0.100574507731766,-0.104250641276737,-0.107854828047142,-0.109875486158151,-0.11141399107636,-0.110367309424722,-0.111614587653955,-0.108305125400284,-0.103661220914756,-0.0977964420983912,-0.0970394223492369,-0.0947800641993397,-0.0907763973380176,-0.092164229815295,-0.09553687148755,-0.0957340998657323,-0.092254822422807,-0.0849178522019707,-0.0789219137028845,-0.0784744241594202,-0.081542845150132,-0.0824590222438802,-0.079910224954473,-0.0786924574984812,-0.0800856283191574,-0.0814109226040344,-0.0830997583304502,-0.0857953693633344,-0.0880145739497789,-0.0933853466016702,-0.0982249323632536,-0.102709792732562,-0.107871288388794,-0.120524244886288,-0.13334485757442,-0.145375721396042,-0.158529789533532,-0.169629035801011,-0.173460626489304,-0.170776212061107,-0.158450218227466,-0.141316289971371,-0.12458261986285,-0.114141771517434,-0.104013770743739,-0.0990884418345681,-0.0928753883387738,-0.0903082170775752,-0.0918222482401299,-0.0941936862654397,-0.0830363296872689,-0.0724811010234469,-0.0635932651026144,-0.0541558582600116,-0.0458485101812832,-0.0391953729130618,-0.0356402869593378,-0.0329639168590082,-0.0233818231072837,-0.017170504701863,-0.0095876598025077,-0.00494304133236898,-0.00546685113468628,-0.00793473959818674,-0.00918519178809139,-0.013977242823719,-0.0160586630243393,-0.0140226818082504,-0.0105708029936062,-0.00212083158894142,0,0,0,0,0,0,0,0,0,0,0,0,0,0,0,0,0
"x175",0,0,0,0,0,0,0,0,0,0,0,0,0,0,0,0,0,0,0,0,0,0,0,0,0,0,0,0,0,0,0,0,0,0,0,0,0,0,0,0,0,0,0,0,0,0,0,0,0,0,0,0,0,0,0,0,0,0,0,0,0,0,0,0,0,0,0,0,0,0,0,0,0,0,0,0,0,0,0,0,0,0,0,0,0,0,0,0,0,0,0,0,0,0,0,0.00509467967579531,0.013971032776231,0.023632467966399,0.0346156863048463,0.0455785540149441,0.056225310027641,0.0608838433057334,0.065217154662388,0.069209540350231,0.0724260818762235,0.0734943225877557,0.0742077391543342,0.0741977121966533,0.0752647138278798,0.0762462530549747,0.0783180540681289,0.0810894369736594,0.0836757099759095,0.0840601845312378,0.0842332069931871,0.0844781430547004,0.0838718334967918,0.0844787133146552,0.0862209321794837,0.0886065674578674,0.0908838507058645,0.0929680451341759,0.0948582609360536,0.096491530006147,0.098122477554179,0.0994657180059147,0.100292251434625,0.101153938902063,0.101838935826793,0.101741575154476,0.101971119559102,0.102273947596292,0.101655906888583,0.0994668801757784,0.0938451900972594,0.0885212917329153,0.0836690591339294,0.0785702219654151,0.0699674958334029,0.0618484809771761,0.0548548874635455,0.0482745407867986,0.0419579839293117,0.0375515369345829,0.0375297409044145,0.0355449538075501,0.0355244073787702,0.0351388021508728,0.0357409258813411,0.0345258664298688,0.0333847848820178,0.0310965622546841,0.0296382236150563,0.0313968719763104,0.0310225594125751,0.0313437947842296,0.0331403367092395,0.0337863173200515,0.0338578868215391,0.032033061984913,0.027613490428548,0.0241544253036299,0.0209349442459534,0.0210553446311586,0.0167209336220639,0.0146212704541258,0.0213906885243436,0.0273908385005595,0.0314242482483912,0.034078567264867,0.0364805960407709,0.0413605885146401,0.0527189420258718,0.064694433355922,0.0738025451730235,0.0763845496265843,0.079360880065746,0.0831666223322669,0.0853139485981003,0.0861465320861796,0.083473501170227,0.0753347167599573,0.0691208098684502,0.0624182667490684,0.055875493397402,0.0504064521091003,0.0524229682901888,0.055433119539355,0.0628664769550979,0.0724209700951345,0.0801043613447954,0.083352736695469,0.0845606607390216,0.0797769312629706,0.0700833813296463,0.0705846269468942,0.079869461319256,0.0899619445554403,0.102790572242813,0.109854501552817,0.117845216868036,0.134363515638644,0.155337186782693,0.168092162058928,0.172867510081527,0.174799540639425,0.176024998886826,0.177757070561039,0.180426828672955,0.183186286908562,0.184268536633846,0.181985540508422,0.186806134281506,0.195178465834325,0.204107987573134,0.215619538354828,0.213160120467378,0.207525447515131,0.191990435546721,0.189477390701203,0.187408299352829,0.18416774505892,0.177878849535292,0.155718608047456,0.147675720880931,0.149003915574037,0.150935679815593,0.155015515563636,0.161007878063023,0.168262376421402,0.173290282371639,0.180607991170936,0.184502968526237,0.183655274343957,0.18315410213782,0.180755513204208,0.17452376006653,0.170921600930463,0.167484625723593,0.163228904064457
"x176",0,0,0,0,0,0,0,0,0,0,0,0,0,0,0,0,0,0,0,0,0,0,0,0,0,0,0,0,0,0,0,0,0,0,0,0,0,0,0,0,0,0,0,0,0,0,0,0,0,0,0,0,0,0,0,0,0,0,0,0,0,0,0,0,0,0,0,0,0,0,0,0,0,0,0,0,0,0,0,0,0,0,0,0,0,0,0,0,0,0,0,0,0,0,0,0,0,0,0,0,0,0,0,0,0,0,0,0,0,0,0,0,0,0,0,0,0,0,0,0,0,0,0,0,0,0,0,0,0,0.00215144573782514,0.00683982197241245,0.0130249826074176,0.0187256375490233,0.024374058325341,0.0307525574170166,0.036667334378653,0.0421836870189341,0.0449408679367175,0.0518581946724944,0.0604557425042577,0.0724758415694708,0.0856726506468223,0.0972900762478457,0.108137501582894,0.116817962806939,0.126441336823507,0.135228133179099,0.143101600527894,0.150252287802628,0.15419562964645,0.152546725866936,0.147849344130899,0.136853681085717,0.129184806950433,0.123996400304835,0.116238037352366,0.106954161029359,0.0997882408981505,0.0926783771278608,0.084584287357997,0.0727868669095618,0.0634642125397882,0.0523256318308254,0.043108161018505,0.0340267805225139,0.0252282537985041,0.0189529118538652,0.0167192864799954,0.0162523762053685,0.0157830363726708,0.0168432836545347,0.017854137583924,0.0135358140169454,0.00932865188065393,0.00221995872282192,0,0,0,0,0,0,0,0,0,0,0,0,0,0,0,0,0,0,-0.001590208803359,-0.0129840389020891,-0.0216627276555287,-0.0295683281369305,-0.0367096272951997,-0.0339520247162016,-0.0357479583963603,-0.0364678707016684,-0.0379645585192207,-0.0450160627557044,-0.0497900480764666,-0.0571653817536957,-0.0704263636477387,-0.0843187734449991,-0.0973496540229789,-0.110796849876315,-0.123922702464426,-0.136531350390916,-0.153114634555886,-0.163836227937638,-0.175845214431349,-0.18348893191065,-0.180992138665142,-0.180887117399326,-0.180371005721008,-0.177830572315718,-0.176300931046441,-0.179794409171081,-0.190856815344303,-0.208259685071924,-0.212257301794829,-0.212895311388682,-0.213848634977938,-0.214272002133184,-0.212362718966053,-0.20940966764431,-0.207619103789701,-0.205431540798182,-0.199051624458849,-0.191975097542469,-0.189889776940467,-0.191272245860461,-0.19455963457736,-0.200534894364876,-0.206156050367989,-0.211438393450864,-0.215865317819748
"x177",0,0,0,0,0,0,0,0,0,0,0,0,0,0,0,0,0,0,0,0,0,0,0,0,0,0,0,0,0,0,0,0,0,0,0,0,0,0,0,0,0,0,0,0,0,0,0,0,0,0,0,0,0,0,0,0,0,0,0,0,0,0,0,0,0,0,0,0,0,0,0,0,0,0,0,0,0,0,0,0,0,0,0,0,0,0,0,0,0,0,0,0,0,0,0,0,0,0,0,0,0,0,0,0,0,0,0,0,0,0,0,0,0,0,0,0,0,0,0,0,0,0,0,0,0,0,0,0,0,0,0,0,0,0,0,0,0,0,0,0,0,0,0,0,0,0,0,0,0,0.00657106665902796,0.0179859306244908,0.0289457737316118,0.0435389177797824,0.0554725990730903,0.0660498882794819,0.0775820727738018,0.0916351495420672,0.10501089463234,0.117994743343304,0.132344571558225,0.149171877586009,0.162975524068007,0.177175321339702,0.184296260099535,0.197208000154678,0.209150552920867,0.210808963853993,0.211589326563696,0.212717773750884,0.215782473527609,0.215864532271128,0.211447497242912,0.21114581493439,0.211210562159015,0.211533945420332,0.210962330120937,0.210235380542735,0.208311948938024,0.207537598852577,0.210590204621843,0.216728645160959,0.225486963665311,0.230608553510053,0.234922227907041,0.239061527579242,0.243291403574275,0.245092296006583,0.246138570769075,0.242796055441105,0.23739253425438,0.231493627453411,0.229816907031287,0.230096363832288,0.233605581936545,0.252453186813648,0.260095986639116,0.262747440824167,0.264513755513168,0.259192441356478,0.260455684254927,0.258208015164712,0.250866274798259,0.24667219316922,0.244039532891158,0.247884583628078,0.260086200650223,0.273680151783108,0.286335708496253,0.298211787722166,0.311313420874038,0.327675460762881,0.349831704841695,0.358488065697553,0.366081777466123,0.365909238524912,0.350036842812015,0.352033268083011,0.356314544901846,0.372591725194041,0.37579496767421,0.382106190804706,0.390865441573325,0.40452052932798,0.420619352271141,0.427591899144431,0.427580983980669,0.426169899612314,0.420438403099873,0.40722795042111,0.396868109277038,0.392488427466377,0.381158730612354,0.37322989327653,0.371678684852615,0.371541574212443,0.375260840200818,0.383459075705536,0.389151165672843,0.394166543607296,0.399914165696558
"x178",0,0,0,0,0,0,0,0,0,0,0,0,0,0,0,0,0,0,0,0,0,0,0,0,0,0,0,0,0,0,0,0,0,0,0,0,0,0,0,0,0,0,0,0,0,0,0,0,0,0,0,0,0,0,0,0,0,0,0,0,0,0,0,0,0,0,0,0,0,0,0,0,0,0,0,0,0,0,0,0,0,0,0,0,0,0,0,0,0,0,0,0,0,0,0,0,0,0,0,0,0,0,0,0,0,0,0,0,0,0,0,0,0,0,0,0,0,0,-0.00137934928159443,-0.00288430814434268,-0.00397580052719223,-0.00471053953706909,-0.00494104560585636,-0.00441482115844548,-0.00403561365897857,-0.00368151228212421,-0.00311989537236002,-0.00249002753825102,-0.00129966507140373,-0.00457415595097473,-0.0146758712587889,-0.0279060303228365,-0.042165425475844,-0.0568356579393067,-0.0719639835059024,-0.0872162393554828,-0.102774869187715,-0.118648268111699,-0.136074597087923,-0.151892356961663,-0.165483361518498,-0.176957903308583,-0.18578868747418,-0.194821578580979,-0.206350877114172,-0.217592706782735,-0.229231059129917,-0.238362177519422,-0.245310699853899,-0.256791875308563,-0.271339018792886,-0.286587428195112,-0.303736338802027,-0.320499784190025,-0.336170308227433,-0.35308598265989,-0.372250217266742,-0.389899791639194,-0.406528425120176,-0.421104828288183,-0.439495171021318,-0.457631347398373,-0.476267012095704,-0.490178091857267,-0.507188102155877,-0.527397213463408,-0.542617832903818,-0.556918764185636,-0.57065262379417,-0.583983014287164,-0.595826968838757,-0.602597168005629,-0.610675961911506,-0.618474954211265,-0.623350998257977,-0.629429287694542,-0.635167030548924,-0.635072122113137,-0.636617875509865,-0.640714762884362,-0.650064713992335,-0.661676841645931,-0.672949252236241,-0.682448772289342,-0.691635719108171,-0.700461671216447,-0.705760322854497,-0.710362367867125,-0.711989763132437,-0.711424192155441,-0.709345177202656,-0.707508522491114,-0.707699059724544,-0.713948963282707,-0.731794480340819,-0.746412841786228,-0.756797769443826,-0.767130915098182,-0.785716927223427,-0.80447590796752,-0.818832384914067,-0.829253577959429,-0.840360385482071,-0.860321147933934,-0.878431987422748,-0.896616180319251,-0.914349148517363,-0.930992677659616,-0.947119745640555,-0.963361383511422,-0.97988551526741,-1.00269364368857,-1.01762523964888,-1.02994902644408,-1.03905799570302,-1.0501270416131,-1.05734586451755,-1.06633382246018,-1.09771564505189,-1.11353665263727,-1.13161722313852,-1.14626021493405,-1.16437348556067,-1.19775716742714,-1.20955625044622,-1.21724144613778,-1.22124047644495,-1.22396251472916,-1.22690703267772,-1.23448735584338,-1.24607112418693,-1.25635544097432,-1.26763136999603,-1.27527395484832,-1.28192418093468,-1.28850041065001,-1.29656676536536,-1.30491917348382,-1.3131985882964,-1.32502279371539
"x179",0,0,0,0,0,0,0,0,0,0,0,0,0,0,0,0,0,0,0,0,0,0,0,0,0,0,0,0,0,0,0,0,0,0,0,0,0,0,0,0,0,0,0,0,0,0,0,0,0,0,0,0,0,0,0,0,0,0,0,0,0,0,0,0,0,0,0,0,0,0,0,0,0,0,0,0,0,0,0,0,0,0,0,0,0,0,0,0,0,0,0,0,0,0,0,0,0,0,0,0,0,0,0,0,0,0,0,0,0,0,0,0,0,0,0,0,0,0,0,0,0,0,0,0,0,0,0,0,0,0.00513287249175563,0.0165335543654715,0.0303230562283782,0.0450801013928358,0.0601626620444154,0.0758179830010305,0.0917850031747366,0.106880487805261,0.118194607161574,0.132641828904235,0.145484063969728,0.15694010141139,0.167169800622386,0.170748372325462,0.173161467798639,0.178471124846979,0.184205445333527,0.189535642617616,0.194622399351757,0.198759488978833,0.206560437824265,0.216401899978201,0.228019264021512,0.242512651869116,0.258191280501332,0.27349767094362,0.288640379837091,0.305166972340701,0.320517270346252,0.335812653102793,0.348744680205957,0.365172819300646,0.380371237135253,0.395410830614946,0.405185333131227,0.417246699001474,0.433396455980729,0.446386893214945,0.459355869546004,0.473063294797925,0.487365765012971,0.502449407956876,0.515362423805741,0.525647958756703,0.533569720495472,0.541745765756087,0.550971084254724,0.561239077581883,0.568986755678524,0.577814925859527,0.587456756823562,0.599496190683449,0.612735088111137,0.624020821711297,0.634454994072316,0.644311774490919,0.653000616709929,0.655713381278245,0.657726584247631,0.659928889040668,0.66216003758229,0.665446950282255,0.670074475911936,0.676989563445316,0.688435184767783,0.702476753526531,0.715889245524313,0.725428678228329,0.734737858442117,0.75271201466753,0.771523139468335,0.790730831961243,0.809694937050975,0.830282747765506,0.863771246690998,0.89205019865742,0.915397366753361,0.937353870430953,0.958155442427372,0.978137182939063,0.997079322286649,1.01471295508776,1.03883247761876,1.06098519666486,1.07988790894431,1.09581030778923,1.11467683331546,1.12476548851973,1.13414462615881,1.15212473834977,1.16464755451408,1.1794156191107,1.19147488898983,1.20722571254258,1.23354719459973,1.24705739297732,1.25993381263937,1.26981803015128,1.27999292701164,1.29524150462561,1.31536372589528,1.33704631007484,1.35962516973525,1.38285503696827,1.39762988865815,1.40726140012263,1.41480593039672,1.42200717533709,1.42960595787334,1.43736384704171,1.44677044838527
"x180",0,0,0,0,0,0,0,0,0,0,0,0,0,0,0,0,0,0,0,0,0,0,0,0,0,0,0,0,0,0,0,0,0,0,0,0,0,0,0,0,0,0,0,0,0,0,0,0,0,0,0,0,0,0,0,0,0,0,0,0,0,0,0,0,0,0,0,0,0,0,0,0,0,0,0,0,0,0,0,0,0,0,0,0,0,0,0,0,0,0,0,0,0,0,0,0,0,0,0,0,0,0,0,0,0,0,0,0,0,0,0,0,0,0,0,0,0,0,0,0,0,0,0,0,0,0,0,0,0,0,0,0,0,0,0,0,0.00189104428171235,0.0141436830167986,0.0283742753268968,0.0414665584479836,0.0524905360692766,0.0619530724128284,0.0777273869703784,0.0931159667897892,0.106872879322639,0.1210892074267,0.134387330501323,0.141439863924345,0.146138001751371,0.15075374064918,0.154632148976513,0.160617804380912,0.166205206574198,0.169204014173937,0.171642431338634,0.175112662759532,0.177057698665152,0.178898288860044,0.182526264088999,0.188176652417297,0.19566459542611,0.203088067916712,0.211324185334136,0.221664328638836,0.230206784019028,0.238548100228709,0.247989684712742,0.257925271642923,0.267807747607758,0.277625857561487,0.287040234352402,0.294570607529152,0.302633500910668,0.31195805923518,0.32008246349394,0.329523690804351,0.336818609695366,0.341754104965338,0.345748621243111,0.348182283255225,0.351303032668526,0.357498487427913,0.371202143220477,0.384703598682634,0.398094131063637,0.411136170321965,0.421702183842004,0.431674495952182,0.440328681142232,0.447400419527636,0.452552222485716,0.4535086558204,0.452848765714345,0.458401526872106,0.468768937862879,0.476509858751568,0.482773353593757,0.489635839012207,0.507372624432471,0.51779407307018,0.515713348815494,0.507230172052885,0.495698107743417,0.472549938331462,0.454885351759808,0.446546113468816,0.440384843227533,0.434176722563052,0.428861456529152,0.424698636386191,0.421529134078002,0.426528005339119,0.431467615551302,0.434397583459292,0.439857056321936,0.457828036466767,0.467092007997111,0.477764828453259,0.508335246570804,0.516655945370195,0.524178512448657,0.5305777891593,0.538911898466521,0.558456202532152,0.563784796865854,0.564713020615771,0.564754443494543,0.564466801595338,0.566980759234279,0.563627551140946,0.555369259287005,0.545006676516919,0.535753216357939,0.528745239220655,0.52593284850263,0.524742486032434,0.524687644471454,0.525628314717224,0.526896904285126,0.52945300519975
"x181",0,0,0,0,0,0,0,0,0,0,0,0,0,0,0,0,0,0,0,0,0,0,0,0,0,0,0,0,0,0,0,0,0,0,0,0,0,0,0,0,0,0,0,0,0,0,0,0,0,0,0,0,0,0,0,0,0,0,0,0,0,0,0,0,0,0,0,0,0,0,0,0,0,0,0,0,0,0,0,0,0,0,0,0,0,0,0,0,0,0,0,0,0,0,0,0,0,0,0,0,0,0,0,0,0,0,0,0,0,0,0,0,0,0,0,0,0,0,0,0,0,0,0,0,0,0,0,0,0,0,0,0,0,0,0,0,0,-0.003270917306167,-0.0164355299014477,-0.0301191394021887,-0.042922290425346,-0.0556226368230116,-0.0684352542742899,-0.0804420529691351,-0.0937110541382993,-0.106884537910305,-0.115013590177046,-0.12516955331028,-0.138480582305624,-0.153945946227651,-0.169006201135767,-0.187096553110075,-0.207519191905004,-0.228855528748022,-0.248670536027229,-0.268086026816762,-0.288412804290328,-0.307833146918466,-0.329663104809811,-0.350699857438305,-0.371475745890077,-0.389500765735997,-0.406182055315988,-0.420363393691045,-0.434301644036249,-0.451155288666824,-0.467708924851663,-0.485785331432906,-0.505410049989648,-0.526536536256716,-0.548344786729744,-0.56943774777183,-0.59077165176817,-0.610115043657249,-0.632849702973734,-0.652919619670229,-0.670248700449913,-0.688667629263965,-0.705876931010682,-0.724553554454701,-0.741529426940382,-0.759123394959292,-0.770548589239176,-0.781947106634415,-0.792720913575297,-0.801416685147026,-0.800855811315376,-0.800013711498797,-0.800673760130226,-0.80219761895369,-0.806841229830547,-0.81856939012724,-0.830532108648309,-0.840288052063519,-0.844663373464734,-0.850804208427995,-0.859470284719034,-0.868083943325655,-0.877552081269045,-0.887562108736439,-0.897856903700761,-0.907501797340054,-0.918395772058792,-0.928476993960351,-0.938913137988684,-0.950200881389781,-0.96411318666581,-0.9775616474949,-0.991196320498488,-1.00608721137371,-1.02133027532685,-1.04958979700985,-1.08062643070674,-1.10830153250636,-1.13002680111943,-1.14654615192936,-1.14972162310469,-1.15234339997878,-1.15197636329597,-1.15292633074112,-1.15752528968848,-1.16603578393122,-1.18188557570114,-1.1994304433766,-1.21237881628513,-1.22733156952578,-1.24021740521323,-1.25116432047711,-1.26076206838527,-1.27926928228813,-1.29361983259571,-1.30740897496293,-1.31862471714912,-1.31973913557849,-1.31976823763324,-1.32015476144717,-1.3222553569624,-1.32452496121923,-1.32699842512396,-1.32808959439163
"x182",0,0,0,0,0,0,0,0,0,0,0,0,0,0,0,0,0,0,0,0,0,0,0,0,0,0,0,0,0,0,0,0,0,0,0,0,0,0,0,0,0,0,0,0,0,0,0,0,0,0,0,0,0,0,0,0,0,0,0,0,0,0,0,0,0,0,0,0,0,0,0,0,0,0,0,0,0,0,0,0,0,0,0,0,0,0,0,0,0.00375499695357264,0.0113424281741007,0.0185308670097752,0.0276271171866937,0.0364494979322731,0.0462972086698711,0.0557616677494623,0.0659720500851637,0.0763485559577914,0.0858212215856219,0.0941120352917886,0.101671855625434,0.112001305712228,0.122081168784177,0.131699814264887,0.139332507381175,0.147249250855846,0.157313401355406,0.166862438023387,0.176505983282088,0.18579189836361,0.194742648976515,0.204404964418821,0.21123282290426,0.217006985585906,0.226491461924999,0.238653868181852,0.251565355439164,0.262043785369432,0.270146991803233,0.279084777659884,0.286316335258503,0.293091281925058,0.298915492610092,0.303781485933042,0.307009573134152,0.309322897285117,0.311617080517258,0.312864923677027,0.314506215682016,0.313854771514875,0.312100598555888,0.307432755869815,0.301772102731658,0.297294384382268,0.294745886995181,0.294987425086698,0.297299655527017,0.299386972694822,0.299810399003618,0.307207698248629,0.315347148424252,0.32309499942917,0.331732128957719,0.343028955466644,0.355299555231991,0.372336408618503,0.38665161832146,0.394532699641999,0.405623708583962,0.416801369982636,0.428294367351003,0.440181738415016,0.454934657979805,0.470399642769138,0.488155985303382,0.504477757949923,0.520127485830939,0.534224805206499,0.546717517508716,0.558930338299385,0.569878712600308,0.580397730330899,0.590212062835988,0.600368729979048,0.616149211852007,0.625692685420553,0.6342390947235,0.644368950593294,0.653688268262282,0.666223955784792,0.681422354110829,0.698409624832231,0.716013379666467,0.737191154509182,0.758165620454502,0.784890808388773,0.807365122131849,0.832034960320649,0.860712579040119,0.887083272330383,0.91305004990055,0.937336823412736,0.957844104263434,0.966560361541983,0.974498688622306,0.98184463502052,0.988009722234247,0.991653313626114,0.995428851692239,1.00217844767128,1.01023329044981,1.02027488739513,1.03599924778794,1.05196604714272,1.06298177608402,1.06629527037983,1.06724022973643,1.07140814973896,1.07479536923721,1.05130579767004,1.04199506679362,1.05169634960363,1.06457326052049,1.08492231833657,1.12552335106445,1.16736954214669,1.1998940229537,1.23061739717529,1.26002092187058,1.28901728943886,1.31916387961856,1.3483631025209,1.38049018175406,1.40588564722135,1.43009788041331,1.4468885490664,1.44173586838546,1.4338364255744,1.42575102142893,1.38800387113544,1.38067915358564,1.3811798948817,1.39182029427009,1.41651511050631,1.43261085417624,1.44484342862159,1.46319734501233,1.48078862625726,1.49544077443923,1.50076017916648,1.51545808434913,1.5268850317663,1.54035342596785,1.54758097857259,1.5517955517628,1.556262402763,1.55987891405749,1.5680722222623,1.57559967122891,1.58285306498839,1.58961924160444
"x183",0,0,0,0,0,0,0,0,0,0,0,0,0,0,0,0,0,0,0,0,0,0,0,0,0,0,0,0,0,0,0,0,0,0,0,0,0,0,0,0,0,0,0,0,0,0,0,0,0,0,0,0,0,0,0,0,0,0,0,0,0,0,0,0,0,0,0,0,0,0,0,0,0,0,0,0,0,0,0,0,0,0,0,0,0,0,0.00365416801215028,0.0119067763318248,0.0170222782010638,0.0190019625234027,0.0208031577970392,0.0192564107364788,0.0179186732307818,0.0165666214397038,0.0151836576417947,0.0131081013371217,0.0115234770046888,0.0111545206669966,0.0103587143733076,0.0102533404639996,0.00877808731949821,0.00808917105549394,0.0081888099977783,0.0106245576418886,0.011900377184294,0.0110354440631625,0.0105267899292345,0.0101531901582632,0.0101860055903529,0.0101092769760301,0.0102822068875839,0.0129303481611401,0.0162232754588185,0.018515098230794,0.0197313350379144,0.0199023240639997,0.0173685054138427,0.0153407451020155,0.0134484042765995,0.0127429993113451,0.0123310826788063,0.0124830277386943,0.0132387280396498,0.0155666258470685,0.0189431405512148,0.0205310364563327,0.0224371660314514,0.0238400306127435,0.0267078348500889,0.0289851830353255,0.034487020279995,0.0399552662223982,0.0462695943903676,0.0533115824892079,0.0587025379949772,0.0624471312259283,0.0660935555566796,0.0662790324308281,0.0607127238191866,0.0554771577576351,0.0522105968884198,0.0487941228888527,0.0476357699490426,0.0499316258133942,0.0472922379579852,0.046146462937473,0.0473941825340098,0.0462073864392652,0.0500303859877131,0.0530887492832324,0.0558167120306601,0.0534014240202807,0.0513954407234699,0.0464734250722823,0.039119762633928,0.0347927688182887,0.0314035650060751,0.0290738546238463,0.0257744337709045,0.0229784910742267,0.0181199168625128,0.0137069779834776,0.00909633585540692,0,0,0,0,0,0,0,0,0,0,0,0,0,0,0,0,0,0,0,0,0,0,0,0,0,0,0,0,0,0,0,0,-0.00525763234895922,-0.0132146371919831,-0.0204688550426338,-0.0175613955621209,-0.0212109778719011,-0.0341811520198061,-0.0501295029180929,-0.0679739999499577,-0.100412893954915,-0.13212036906836,-0.15938131250545,-0.185342962654399,-0.209874767584233,-0.233879316520689,-0.258836573726384,-0.281204801758633,-0.306129189008866,-0.320375493211647,-0.335438854809059,-0.349045028642868,-0.360879173152021,-0.361239466635099,-0.362055142668025,-0.35915044109343,-0.360110364604203,-0.366045199541922,-0.37699627015392,-0.399014803082477,-0.438107967592446,-0.452431403234686,-0.46672470050566,-0.480682538479761,-0.494715117099143,-0.509817144252657,-0.537240857982076,-0.56073206519543,-0.586938145604027,-0.603088817845747,-0.61477368960107,-0.62578576943569,-0.634456956865112,-0.643740499104656,-0.651212518634144,-0.658102896280637,-0.666702047575215
"x184",0,0,0,0,0,0,0,0,0,0,0,0,0,0,0,0,0,0,0,0,0,0,0,0,0,0,0,0,0,0,0,0,0,0,0,0,0,0,0,0,0,0,0,0,0,0,0,0,0,0,0,0,0,0,0,0,0,0,0,0,0,0,0,0,0,0,0,0,0,0,0,0,0,0,0,0,0,0,0,0,0,0,0,0,0,0,0,0,0,0,0,0,0,0,0,0,0,0,0,0,0,0,0,0,0,0,0,0,0,0,0,0,0,0,0,0,0,0,0,0,0,0,0,0,0,0,0,0,0,0,0,0,0,0,0,0,0,0.00838028265366645,0.026629499154441,0.0435511008919035,0.0575651816846502,0.0696846366739895,0.0748526413476183,0.0748261668342932,0.0788371567601565,0.0823754520395468,0.0835851243588213,0.0867944231913655,0.0870419434369945,0.0899889168797098,0.0924900451131934,0.09717833490981,0.101048384221303,0.10850916576432,0.117587627214069,0.121415161296747,0.125236399660547,0.127993718886908,0.131484307748778,0.134093818692189,0.138885390185405,0.139494158944053,0.140163740740954,0.143875017696212,0.145763914384898,0.151275220288296,0.157604184588957,0.163781714272361,0.170309415237913,0.177381940430264,0.184736652748227,0.189676824619627,0.186070370355948,0.182372992150062,0.177875100742961,0.17637998959463,0.177617774537,0.179017751295527,0.181236573131028,0.181888437890383,0.181924270310777,0.183864759172466,0.181910139838678,0.177073324798327,0.171798314200202,0.166864233179897,0.161160446818206,0.155306504718741,0.149778865570404,0.144043994417404,0.141164423412159,0.141217311703193,0.142621645450492,0.145180442713576,0.146492241390882,0.150976026669944,0.154247125106313,0.156677169964428,0.166708104806251,0.178658465788664,0.198482529075204,0.22144369524914,0.243443696092098,0.284280733189855,0.318500981864472,0.341114991186771,0.362617629822532,0.383119929946308,0.403095943192261,0.422985941625003,0.440625911582849,0.466755338161181,0.492264479719531,0.515412281066198,0.53638682239022,0.569536035910356,0.580026319285125,0.589167376076402,0.596385734586696,0.60354109139807,0.613333223149629,0.623930768101488,0.641129479404617,0.685970187136555,0.706015111478913,0.722881019687772,0.737352176646583,0.753837363697705,0.787762010441465,0.837704381926342,0.882524889778509,0.932449004733645,0.975931502199989,1.00185769302349,1.01855696188331,1.03201785765859,1.0466207899954,1.05901697129841,1.07136603174828,1.0863813909996
"x185",0,0,0,0,0,0,0,0,0,0,0,0,0,0,0,0,0,0,0,0,0,0,0,0,0,0,0,0,0,0,0,0,0,0,0,0,0,0,0,0,0,0,0,0,0,0,0,0,0,0,0,0,0,0,0,0,0,0,0,0,0,0,0,0,0,0,0,0,0,0,0,0,0,0,0,0,0,0,0,-0.000227764391298043,-0.00626728268275661,-0.010807323807205,-0.015460818061496,-0.0205462190931843,-0.0260391777404257,-0.0317136668564629,-0.0395639653269671,-0.0502719494449937,-0.0624116866130413,-0.075007365335445,-0.0866530954462867,-0.0879678827137631,-0.0888418836569308,-0.0920014180547188,-0.094800671881892,-0.0965454551181766,-0.0976946657691071,-0.0999978509130659,-0.10227076760802,-0.103046160182981,-0.100700765681954,-0.0975188166402061,-0.095392905963509,-0.0954221885954965,-0.0965858461609212,-0.0970436508133215,-0.0968174844255969,-0.0957984615057619,-0.0956014162686964,-0.0949400613964699,-0.0951880133817364,-0.0967373569198285,-0.0983820912974135,-0.100271347687932,-0.105383941047082,-0.110244817984043,-0.11472316642177,-0.119828557857822,-0.123791765286145,-0.126319197076808,-0.128718843201515,-0.131765586591812,-0.134236552591476,-0.134934766648722,-0.13544010448208,-0.134546301123821,-0.13387791014238,-0.133135220094746,-0.135470689006779,-0.136890938336998,-0.138028033289444,-0.138428578702607,-0.139336573254593,-0.142441912840113,-0.148234795217846,-0.152718959324853,-0.157704107615667,-0.167418936806602,-0.179262839979137,-0.190776173076977,-0.202654109468562,-0.214078599698379,-0.226570611764447,-0.236589572989408,-0.245589242344963,-0.255684813825245,-0.26398692447675,-0.268813602472703,-0.273717245392366,-0.281492983390542,-0.289038943404475,-0.295880935447718,-0.301171005224617,-0.305139502501416,-0.3109741826268,-0.316316517363182,-0.322860261096811,-0.328636923193246,-0.33476711474914,-0.340229173384823,-0.351265863012017,-0.356735528756411,-0.363364207977832,-0.375409136043476,-0.388220052003318,-0.402899596414702,-0.416635711029318,-0.426574256330366,-0.440962773077604,-0.459333123260412,-0.481277805921433,-0.500579435143156,-0.514189195343397,-0.527939677053341,-0.542053226862506,-0.560342762596022,-0.585309607066188,-0.610646016462245,-0.633514165456937,-0.646491290367069,-0.659014312082761,-0.67342543134132,-0.683577141945081,-0.691559002583092,-0.698713033417416,-0.705713404704214,-0.709098189269558,-0.712282921315795,-0.721263292908275,-0.730664300150934,-0.742119022768861,-0.754376910168045,-0.768164430949382,-0.785030344512754,-0.802874377008282,-0.81293277338096,-0.81948427424567,-0.825435051481744,-0.833171866121521,-0.841512644124249,-0.854979559702489,-0.867612732615865,-0.880913630970563,-0.903937938501072,-0.927845105928821,-0.947440280352251,-0.966805806736341,-0.985058733845932,-1.00201932002631,-1.0162408595639,-1.03011352216829,-1.04661867568454,-1.06551054019787,-1.08015683141465,-1.09353286154603,-1.10896544183339,-1.12396315977849,-1.13754390265154,-1.13831621708757,-1.14214193374426,-1.14894057181075,-1.15775590212284,-1.16921461532909,-1.17800566173616,-1.18810745626513,-1.19633159751034,-1.20345037848684,-1.21044736716091,-1.22513287070373,-1.24138671153725,-1.2547110929375,-1.26874228716092,-1.28525632339794,-1.29644945018604,-1.30400615160465,-1.31179971701867,-1.32245915522318,-1.33239608889873,-1.34274859352385,-1.35241285240365
"x186",0,0,0,0,0,0,0,0,0,0,0,0,0,0,0,0,0,0,0,0,0,0,0,0,0,0,0,0,0,0,0,0,0,0,0,0,0,0,0,0,0,0,0,0,0,0,0,0,0,0,0,0,0,0,0,0,0,0,0,0,0,0,0,0,0,0,0,0,0,0,0,0,0,0,0,0,0,0,0,0,0,0,0,0,0,0,0,0,0,0,0,-0.0144960221454705,-0.0289906821355772,-0.0402565534409258,-0.0513454739449914,-0.0631854205271426,-0.0755647543132885,-0.0889048544810296,-0.102319799554857,-0.116089748249284,-0.130264997162553,-0.144620881187933,-0.1579620969821,-0.168985669592716,-0.178685637757554,-0.188131330406865,-0.197982898622709,-0.208575495905701,-0.218016365493922,-0.227285561092685,-0.23634831333428,-0.244085829496381,-0.251650828472068,-0.259565713100142,-0.271353459456137,-0.284908117810771,-0.298208602352724,-0.310465590496962,-0.323931337946597,-0.336469213173086,-0.348349313106859,-0.35984626661391,-0.372121648227917,-0.384082292169774,-0.394974001529178,-0.406092871875173,-0.417462625469045,-0.430305870994814,-0.439348743526372,-0.448178543667687,-0.458538381695991,-0.468711712261486,-0.478652266431775,-0.489291465048616,-0.499268122240753,-0.511517653188146,-0.523144020854179,-0.53312642148366,-0.541633366068462,-0.550262635111345,-0.557490284637522,-0.562783173295153,-0.565029574228361,-0.568754852056281,-0.575532397625321,-0.580098729490196,-0.585262556723539,-0.595796192896189,-0.604634275594765,-0.611086007938316,-0.619823763017859,-0.63282011476543,-0.645586353301376,-0.659680119191539,-0.671490397863493,-0.681847970205156,-0.691132478500015,-0.699694170620443,-0.706954042005134,-0.712208002380412,-0.711377139154602,-0.714663169345084,-0.717415837559046,-0.717000081888331,-0.715356586314953,-0.711785636993347,-0.710982589659544,-0.710920531681,-0.709276064748808,-0.705411514733597,-0.698544024589303,-0.691963118800346,-0.686028339410026,-0.680503368955828,-0.676488672194559,-0.669601317104933,-0.658730098510461,-0.645647306750718,-0.635073340804295,-0.628935543781757,-0.622629737673989,-0.614372643984516,-0.605843650319498,-0.596638828064596,-0.587848886968309,-0.579025178830261,-0.573320283797646,-0.568174471508282,-0.561122820266604,-0.554994665048716,-0.548689513262267,-0.541928194563238,-0.535560361181198,-0.528234026583843,-0.517580908155319,-0.513858942904836,-0.509975970121559,-0.505964899425859,-0.494248168498043,-0.487431778569208,-0.488073158957326,-0.492794979857422,-0.497508209795181,-0.508929322528118,-0.516440424164171,-0.517495953153909,-0.515711353261505,-0.51414560442853,-0.513633552201175,-0.513540633343475,-0.509941555296857,-0.502077287840068,-0.491832445127993,-0.48606298919281,-0.480828494696927,-0.476511973823071,-0.463927139673593,-0.45018335566131,-0.431358704958504,-0.427047112309132,-0.423729831917533,-0.422999863593235,-0.423422163764724,-0.424895475035234,-0.418478483471312,-0.41651780873726,-0.414670647815814,-0.415694462259096,-0.420502456760332,-0.42854569872276,-0.434776171218094,-0.444175475474786,-0.448152046206448,-0.451292754333008,-0.453570323089133,-0.455037927586135,-0.455819494461259,-0.456469610392349,-0.457015457816802,-0.458058109379954
"x187",0,0,0,0,0,0,0,0,0,0,0,0,0,0,0,0,0,0,0,0,0,0,0,0,0,0,0,0,0,0,0,0,0,0,0,0,0,0,0,0,0,0,0,0,0,0,0,0,0,0,0,0,0,0,0,0,0,0,0,0,0,0,0,0,0,0,0,0,0,0,0,0,0,0,0,0,0,0,0,0,0,0,0,0,0,0,0,0,0,0,0,0,0,0,0,0,0,0,0,0,0,0,0,0,0,0,0,0,0,0,0,0,0,0,0.0113362320810637,0.0249980084122674,0.0371331318867966,0.0495154229164756,0.0615750078485242,0.0710639226149699,0.0806198084579316,0.0913694788978591,0.103158819622564,0.113440691132554,0.120682152761643,0.126727995497074,0.133417636515872,0.141447024019391,0.149071489861886,0.15466873645809,0.160090315171509,0.163764861546288,0.167143607834699,0.174242450953987,0.182385739942318,0.190853623223515,0.198926241224018,0.20399975837616,0.202166453053166,0.200106197272829,0.199304202174785,0.198526649023278,0.197054992231422,0.197362613879321,0.195301146459912,0.19313607874282,0.193676122300116,0.194132014982521,0.194679726006756,0.195878399936247,0.199061575631176,0.202470358209701,0.207342032216217,0.211246984751738,0.216848757906326,0.22436188059505,0.23162006626309,0.238197685102415,0.243641617984398,0.246128657545927,0.245472533784133,0.244885866542364,0.244819674992911,0.244881326267562,0.245645566431582,0.245446010807333,0.245646350613522,0.24549195248473,0.2477122082489,0.251511986473751,0.25615946516666,0.260386273305612,0.261878326352615,0.264355979499827,0.265747171938257,0.267672260658586,0.268903882437331,0.264806278291237,0.261829002624497,0.256545879628174,0.252283667277209,0.242326391354055,0.226772163792936,0.210652547568521,0.194887179174888,0.179532105580577,0.169164655349966,0.15952132064186,0.150509066063332,0.142352172513195,0.13464665546485,0.129234291792222,0.125553819828811,0.120649115968227,0.118421654721078,0.122448540005566,0.12148767482447,0.119993913457102,0.106602514578779,0.100647757277667,0.104563809789286,0.111860250845782,0.120946482041651,0.141784111855217,0.158570186475279,0.169084140553822,0.176912973911821,0.18467117934737,0.192041219404286,0.197332026348854,0.200429337033234,0.19397872620813,0.185317303745459,0.179074752486707,0.174763921670867,0.167480247345801,0.160651415050784,0.152185653572562,0.126317395940961,0.119410756682741,0.114090370007777,0.111353292261645,0.106531980722305,0.0927942984435255,0.0876257983983277,0.0856544917178497,0.0854545430737656,0.0867618432915802,0.0878532607073697,0.08621820817161,0.0862690195665653,0.0875469848240003,0.085804321630004,0.0863911142760062,0.0851283233193042,0.0846436030573229,0.0857731816188146,0.0847621929324006,0.0837523691439569,0.0813992241468286
"x188",0,0,0,0,0,0,0,0,0,0,0,0,0,0,0,0,0,0,0,0,0,0,0,0,0,0,0,0,0,0,0,0,0,0,0,0,0,0,0,0,0,0,0,0,0,0,0,0,0,0,0,0,0,0,0,0,0,0,0,0,0,0,0,0,0,0,0,0,0,0,0,0,0,0,0,0,0,0,0,0,0,0,0,0,0,0,0,0,0.003600957201387,0.010478684841183,0.0171660962867837,0.0283723426658417,0.0389126634390033,0.0475477540130166,0.0559526460135841,0.0640595299599212,0.0719976194178815,0.0806296245306793,0.0886136581903312,0.0947381914122945,0.0983228873216795,0.100764638802327,0.104173551107658,0.107754544783618,0.111443939566381,0.114185903018865,0.116775766928119,0.119068547035,0.120925251374592,0.122496180101902,0.124276082906219,0.125811447267323,0.127197919840344,0.129437345842965,0.126101961127139,0.119411528434624,0.112081903406427,0.10387582730109,0.0971910880140335,0.0921938477415313,0.0870512617024894,0.0814261345706836,0.0751439521544635,0.068850087862876,0.0654764613498753,0.0640270387045693,0.0625037695633509,0.0614402933369818,0.0600126825160515,0.058412325809334,0.0546543087797973,0.0509215643099918,0.0458077404426333,0.0375200813267663,0.028062800116479,0.0189712110418356,0.0103826697992372,0.00331167110177026,0.0012931089336482,0.00316088535009413,0.00642689859845203,0.0104227419556436,0.0173782896667942,0.0237762121092972,0.0315976268622523,0.0389023121299934,0.0425896293055537,0.0488240078999545,0.0536358516109611,0.0572592347408712,0.0608698142145008,0.0648861299105049,0.06606685603452,0.0682564625701044,0.0675984781762345,0.0655676851845521,0.0649771653597105,0.0648901497038782,0.066336161703551,0.069823137349056,0.0742730233682268,0.0782922848663541,0.0822365309595314,0.086090313700226,0.0889008887040305,0.0895443698885778,0.0879089961000735,0.0857428686689166,0.0799964538088829,0.0728986674944405,0.0623144267710707,0.0508301332211974,0.0460803415103517,0.0424511081339669,0.0396705751549911,0.0338578873332161,0.0269668129782651,0.0233950366967678,0.0187209492724332,0.0120973103903682,0.00318909917466286,0,0,0,0,0,0,0,0,0,0,0,0,0,-3.43481520315956e-06,-0.00810430016041479,-0.0118110200864604,-0.0154756399780347,-0.0282082449745976,-0.0386848856944135,-0.0423748888827773,-0.0454755773951632,-0.049804714061402,-0.0564472834558363,-0.0577057506927634,-0.0579447371397764,-0.0555142714328103,-0.0534789313404207,-0.0510981359486714,-0.0483914213561134,-0.0465462429037196,-0.0399219830061015,-0.0365660262038742,-0.0340049775685166,-0.0343761267961721,-0.0386729725710687,-0.0389035427261305,-0.0392468020095297,-0.0507621507908998,-0.0567006273135337,-0.0599977832083784,-0.0585285306696832,-0.0535927700763132,-0.0460666924494863,-0.0471259453003691,-0.0497039322348671,-0.0521215202778174,-0.0565874034856269,-0.0658690126359068,-0.0684030442263483,-0.0735100116587295,-0.0754286111435153,-0.0777919827576311,-0.0806087695373697,-0.0826464354151557,-0.0825454421569042,-0.080775760803742,-0.0780045341635684,-0.0755822866352094,-0.0767662078833989
"x189",0,0,0,0,0,0,0,0,0,0,0,0,0,0,0,0,0,0,0,0,0,0,0,0,0,0,0,0,0,0,0,0,0,0,0,0,0,0,0,0,0,0,0,0,0,0,0,0,0,0,0,0,0,0,0,0,0,0,0,0,0,0,0,0,0,0,0,0,0,0,0,0,0,0,0,0,0,0,0,0,0,0,0,0,0,0,0,0,0,0,0,0,0,0,0,0,0,0,0,0,0,0,0,0,0,0,0,0,0,0,0,0,0,0,0,0,0,0,0,0,0,0,0,0,0,0,0,0,0,0,0,0,0,0,0,0,0,0,0,-0.00639197487511749,-0.0191827403747774,-0.0329534108485806,-0.0481818190041357,-0.0645248322615383,-0.0776379735448417,-0.0909904155631208,-0.101915457499082,-0.113302125825207,-0.125937835212849,-0.135773405663394,-0.145263182285784,-0.150430612362358,-0.155948118775437,-0.162521040628889,-0.168837227004213,-0.178227572808666,-0.190842001460124,-0.203228479873077,-0.215754826606215,-0.227102690976346,-0.234957757476569,-0.242784621724543,-0.251725468591175,-0.259973734449412,-0.270712862597054,-0.281574754912079,-0.290542707132346,-0.299203734376001,-0.307522073304375,-0.316931416777885,-0.325055390656337,-0.332135338955943,-0.341383511036358,-0.351233344199861,-0.361166647545472,-0.368472023670401,-0.373748760692944,-0.379133112114266,-0.383068690955387,-0.380123902656117,-0.376350547731109,-0.372714716948808,-0.3658283162802,-0.358387481994672,-0.350906403208558,-0.343067817127023,-0.33762584616904,-0.332195204326927,-0.328034671001037,-0.325134955087702,-0.322701060227758,-0.323354985900405,-0.327252432472367,-0.327415852784814,-0.32531536370615,-0.32040658801238,-0.316990051148069,-0.313145736508847,-0.286852417883732,-0.270807402782872,-0.271518578956126,-0.277189204989895,-0.284576237703572,-0.292711149396832,-0.301148862080143,-0.307842487963781,-0.315736926529941,-0.323410884235593,-0.330640713804918,-0.335050881370149,-0.337195486401094,-0.331192591842695,-0.324823038146767,-0.318856788361483,-0.312436251069102,-0.290270776009917,-0.276232296299821,-0.259815363497349,-0.206448991399856,-0.187074845088985,-0.173063947667849,-0.168909400166132,-0.163668952279535,-0.130804753085357,-0.118212955960409,-0.112225260099078,-0.107385826333778,-0.101174014987913,-0.0850837233346206,-0.0684563079125311,-0.0522312918651028,-0.0375546252410788,-0.0223022250035516,-0.0108333224189164,-0.00290952240832011,0,0,0,2.1102955969863e-05,0.00850596448374536
"x190",0,0,0,0,0,0,0,0,0,0,0,0,0,0,0,0,0,0,0,0,0,0,0,0,0,0,0,0,0,0,0,0,0,0,0,0,0,0,0,0,0,0,0,0,0,0,0,0,0,0,0,0,0,0,0,0,0,0,0,0,0,0,0,0,0,0,0,0,0,0,0,0,0,0,0,0,0,0,0,0,0,0,0,0,0,0,0,0,0,0,0,0,0,0,0,0,0,0,0,0,0,0,0,0,0,0,0,0,0,0,0,0,0,0,0.00070913935504779,0.00586315468343121,0.0140273698888459,0.0231915224174586,0.030115818994272,0.0361394737830291,0.04163370302231,0.0468614255049844,0.0528610292319358,0.0636369516016977,0.0722690432064436,0.0822306297632705,0.0917302956671408,0.10326521672265,0.118716457783512,0.135613224605614,0.157062768215538,0.1782000911652,0.20103444520838,0.225835687665076,0.250659508065734,0.274373846448867,0.297559984434744,0.319980649425946,0.343483642230056,0.368906645286065,0.398760383510024,0.427897519216149,0.452460859118476,0.47740252940605,0.498985596214802,0.520605979039156,0.539648338624912,0.558794419299113,0.57677426611473,0.591295217260936,0.607421395021103,0.621249367991913,0.63263437104435,0.643097141555881,0.653478761068842,0.660439051306133,0.665227204091309,0.670051984463966,0.673971030543181,0.681368970824625,0.688107152483578,0.698129925518764,0.71001768096583,0.722862950157482,0.737253149590824,0.753386857066529,0.76748006542198,0.779176056097994,0.790867581584706,0.804286336461713,0.814119467785663,0.820620194980639,0.828978448757828,0.838820329062836,0.85480865702415,0.8705382017935,0.887109690192037,0.907988143919215,0.928929300310459,0.946476090297473,0.963246336497606,0.980249095771747,0.990608560213539,0.999132108367362,1.00733427739563,1.01536505309111,1.02198941204496,1.02725214502476,1.03027855653452,1.03342408468254,1.03894084820207,1.04726200579506,1.05498445456358,1.05973291869179,1.06021626121351,1.05210502564829,1.04158500075055,1.0298127655596,1.00066341833382,0.985451524442119,0.981891881511109,0.980820056660201,0.98283630865104,0.992889433149065,1.00900134131256,1.02160074688153,1.0326029265553,1.04297530986053,1.05237582764901,1.06031874887396,1.06817550672872,1.06656634281104,1.06247012817181,1.05475748845738,1.04410840717587,1.01348119773948,1.0043399078189,0.995467076628948,0.964018279999,0.959336242827654,0.95859566000379,0.964673452863207,0.969638142525503,0.957188028562136,0.956677075221827,0.953699497675977,0.948031528427595,0.939859258373077,0.92315499654112,0.902955182205897,0.887723755156616,0.871239678181733,0.861558629246758,0.859486434621004,0.860287372263993,0.863877935563292,0.873187097943379,0.882698208314109,0.892109234653938,0.897492669044427
"x191",0,0,0,0,0,0,0,0,0,0,0,0,0,0,0,0,0,0,0,0,0,0,0,0,0,0,0,0,0,0,0,0,0,0,0,0,0,0,0,0,0,0,0,0,0,0,0,0,0,0,0,0,0,0,0,0,0,0,0,0,0,0,0,0,0,0,0,0,0,0,0,0,0,0,0,0,0,0,0,0,0,0,0,0,0,0,0,0,0,0,0,0,0,0,0,0,0,0,0,0,0,0,0,0,0,0,0,0,0,0,0,0,0,0,0,0,0,0,0,0,0,0,-0.000997101656709164,-0.00850666971798942,-0.0151089343313003,-0.0235714853380581,-0.0314324066197983,-0.0423812980768486,-0.0599434926530015,-0.0784049274269449,-0.0995614766383067,-0.118987812970842,-0.140642691611154,-0.164273500867214,-0.187611009689434,-0.209200008398154,-0.230067924396737,-0.24958691035742,-0.27014389957279,-0.289520908572833,-0.31331655645611,-0.335800989403803,-0.356122617016442,-0.377510759644601,-0.396136855165332,-0.414245881627271,-0.429169664397774,-0.443716100225751,-0.456377658161445,-0.467500635880919,-0.476811138159981,-0.479626724176231,-0.478760324985003,-0.475867779132523,-0.471636037128641,-0.464145389518148,-0.453718771688372,-0.444319425230352,-0.435070935227565,-0.429898912639692,-0.422018269936819,-0.413273386852732,-0.405263088877277,-0.399096606343431,-0.39425203286123,-0.389681829316331,-0.384008002564932,-0.376867259460083,-0.370312812416495,-0.364673081871762,-0.357324298630429,-0.34759965914225,-0.334771718143001,-0.322213791480614,-0.310006387336067,-0.299193309743028,-0.290521976787604,-0.287274929395262,-0.285476728848512,-0.28365901813748,-0.280649623290552,-0.27650047627327,-0.267234440042504,-0.257301744811103,-0.247457759532548,-0.239755645799466,-0.239441558931076,-0.238464118435398,-0.232036788756396,-0.223945558261674,-0.218767892954309,-0.216846837400558,-0.210592877245928,-0.200016294102366,-0.194147832325874,-0.184838382504462,-0.172349406806205,-0.158562231046753,-0.140447067948325,-0.128127560615174,-0.122411164769117,-0.121914756916571,-0.124481918751917,-0.140973374019318,-0.156552247403175,-0.162840132341875,-0.167391946759333,-0.172051851335954,-0.17593965399511,-0.180016799111733,-0.185367889346558,-0.185639087342355,-0.181228640064043,-0.177201263147481,-0.173574947511248,-0.169098634290902,-0.174366961182551,-0.179326467859485,-0.174325001996429,-0.177914075587927,-0.179862838252297,-0.180741042140794,-0.177174960366097,-0.185971642840127,-0.195293094041148,-0.194531420409386,-0.192663885176369,-0.188585557869196,-0.185558066971578,-0.185687940050963,-0.190428713138208,-0.196563376388634,-0.205704649001804,-0.215480409244767,-0.220343572796516,-0.22671916067717,-0.239323218839983,-0.250705904935395,-0.261469322597092,-0.27358951442472
"x192",0,0,0,0,0,0,0,0,0,0,0,0,0,0,0,0,0,0,0,0,0,0,0,0,0,0,0,0,0,0,0,0,0,0,0,0,0,0,0,0,0,0,0,0,0,0,0,0,0,0,0,0,0,0,0,0,0,0,0,0,0,0,0,0,0,0,0,0,0,0,0,0,0,0,0,0,0,0,0,0,0,0,0,0,0,0,0,0,0,0,0,0,0,0,0,0,0,0,0,0,0,0,0,0,0,0,0,0,0,0,0,0,0,0,0,0,0,0,0,0,0,0,0,0,0,0,0,0,0,0,0,0,0,0,0,0,0,0,0,0,0,0,0,0,0,0,0,0,0,0,-0.00804134750661202,-0.0287872584765109,-0.0529190415936264,-0.0772226927854726,-0.100926355374326,-0.120591350311737,-0.140296745283939,-0.159645399412432,-0.17985054204105,-0.199773030871299,-0.222070252471162,-0.24684237208945,-0.270438913865463,-0.29201955746599,-0.313376375355117,-0.335510046764908,-0.358766427166025,-0.383313221714787,-0.406404645577338,-0.429639699934108,-0.451327942718004,-0.471412858760895,-0.498049471866202,-0.525568249761502,-0.55531890893877,-0.581052570898662,-0.608003931748683,-0.634225638044331,-0.659133101435025,-0.683139782810341,-0.707666005063165,-0.733769543392447,-0.766536141154801,-0.799297364177162,-0.831355009516097,-0.861684495101604,-0.884485304628011,-0.907377742396536,-0.935721469206704,-0.965770450611461,-0.996726342250903,-1.02419536343851,-1.05385538773099,-1.09118303745772,-1.13103465715003,-1.16056712142228,-1.18661541813909,-1.21299584448743,-1.25915148285414,-1.29626370457338,-1.32353170969505,-1.34611565370197,-1.37252515987544,-1.41689723603909,-1.46190795607293,-1.49964998483318,-1.53530730138856,-1.56886758996789,-1.601806640866,-1.63627440124334,-1.66896484252285,-1.71208446154995,-1.75056921579221,-1.7819206311973,-1.80836110733975,-1.84335952184733,-1.87042722633937,-1.89738254401653,-1.94544449563087,-1.97207406104788,-2.00081442690319,-2.02351464615866,-2.0548820222664,-2.10438497587019,-2.12577166598317,-2.14651510126706,-2.16488313366522,-2.18500723061896,-2.20562135235129,-2.22812116889928,-2.2473846722826,-2.26996601413683,-2.29198117460365,-2.30662377346018,-2.31881392209028,-2.3284517694493,-2.33618958857727,-2.34519679304178,-2.35479720625665,-2.36737213070338
"x193",0,0,0,0,0,0,0,0,0,0,0,0,0,0,0,0,0,0,0,0,0,0,0,0,0,0,0,0,0,0,0,0,0,0,0,0,0,0,0,0,0,0,0,0,0,0,0,0,0,0,0,0,0,0,0,0,0,0,0,0,0,0,0,0,0,0,0,0,0,0,0,0,0,0,0,0,0,0,0,0,0,0,0,0,0,0,0,0,0,0,0,0,0,0,0,0,0,0,0,0,0,0,0,0,0,0,0,0,0,0,0,0,0,0,0,0,0,0,0,0,0,0,0,0,0,0,0,0,0,0,0,0,0,0,0,0,0,0,0,0.00183222803020459,0.0095860989482681,0.0164127233786374,0.0222906277978905,0.0275910699858928,0.0319550817250747,0.0357392530297057,0.0375345993039685,0.0427515273098607,0.0467545266627065,0.0505642434176447,0.0584751243597532,0.0785353390468447,0.100560293510493,0.121811209559843,0.144257483772062,0.162837933457184,0.181061390900335,0.199729186728281,0.220722552195555,0.242162376401267,0.262567181465487,0.279904112567407,0.296001240759819,0.312485614360986,0.329185883040172,0.349197583703556,0.373346788608152,0.399029245849932,0.419888138741784,0.438757923291031,0.456022662191883,0.472830820468819,0.49323908203556,0.514858928395459,0.538903469073126,0.557829541245568,0.576670831033945,0.596000569062244,0.615075798044957,0.630615477727935,0.647177276503683,0.665904946663674,0.688790212705228,0.712631959824839,0.735628349615987,0.757931873120664,0.776427099130442,0.79456736673333,0.818103248225096,0.844491704026572,0.87394700043392,0.898273202879297,0.92091579978356,0.944279956191888,0.967393972723509,0.987979534581455,1.00949466924926,1.03096403957697,1.07492140564474,1.1111916010792,1.14269345925276,1.17513704178486,1.21114923014504,1.26079112166558,1.31038284908488,1.35232128290019,1.39307522277504,1.43180905684425,1.46976278972009,1.50848999220167,1.54389085574026,1.58678642343804,1.62610138586157,1.65767390699663,1.6847038760848,1.72208437925104,1.7481591570465,1.77354954487687,1.81266642404754,1.83510185803488,1.86063862004509,1.88344526052263,1.91477435790424,1.96588021599163,1.98668620481951,2.0063098209348,2.0230187782731,2.04300931856348,2.06458135378331,2.09510457718635,2.12210815326942,2.15398240694062,2.1818417674535,2.20055179677626,2.21480054328526,2.22732679605402,2.23885191457885,2.25007841932226,2.26168271688162,2.27518362484353
"x194",0,0,0,0,0,0,0,0,0,0,0,0,0,0,0,0,0,0,0,0,0,0,0,0,0,0,0,0,0,0,0,0,0,0,0,0,0,0,0,0,0,0,0,0,0,0,0,0,0,0,0,0,0,0,0,0,0,0,0,0,0,0,0,0,0,0,0,0,0,0,0,0,0,0,0,0,0,0,0,0,0,0,0,0,0,0,0,0,0,0,0,0,0,0,0,0,0,0,0,0,0,0,0,0,0,0,0,0,0,0,0,0,0,0,0,0,0,0,0,0,0,0,0,0,0,0,0,0,0,0,0,0,0,0,0,0,0,0,0,0,0,0,0,0,0,0,0,0,0,0,0,0,0,0,0,0,0,0,0,0,0,0,0,0,0,-0.00512838411814827,-0.022521088677909,-0.0344856428043449,-0.0479694360990771,-0.0618812686924148,-0.0770132271464477,-0.0950465526618155,-0.108906876740026,-0.124521323498501,-0.145587111226412,-0.16806245063996,-0.192692632881811,-0.219314895737009,-0.243748189571967,-0.260260176170004,-0.270716656319233,-0.278619430082533,-0.285570083228083,-0.293216715880573,-0.300739125813133,-0.308576403157492,-0.317711164289621,-0.325990882635526,-0.337730515168732,-0.350169927218593,-0.363124404875578,-0.371521055622416,-0.380858582485933,-0.386054641074738,-0.378759987920965,-0.380274223820877,-0.385347679789709,-0.390639255211173,-0.393671309075632,-0.394790340446921,-0.399410619954799,-0.404826484583953,-0.405999413948144,-0.395239000658605,-0.382578013495143,-0.370352343821325,-0.356085644143432,-0.3425556176319,-0.329976196421133,-0.315339637441787,-0.298252786973151,-0.276873768286538,-0.266974294885944,-0.261067824623944,-0.262250399532885,-0.277387884609802,-0.281529021353628,-0.283426397528486,-0.278715004614433,-0.281402193946768,-0.281842640693111,-0.284488785047077,-0.285448522580617,-0.274322921715959,-0.27103291436111,-0.271422290796831,-0.271830153702246,-0.277190517495016,-0.296312586185883,-0.301169013948452,-0.300444639641526,-0.299744426884818,-0.300828059191425,-0.308960896726805,-0.317046131765451,-0.323279053917395,-0.328739596505233,-0.33465948712422,-0.341362947834216,-0.346969232343405
"x195",0,0,0,0,0,0,0,0,0,0,0,0,0,0,0,0,0,0,0,0,0,0,0,0,0,0,0,0,0,0,0,0,0,0,0,0,0,0,0,0,0,0,0,0,0,0,0,0,0,0,0,0,0,0,0,0,0,0,0,0,0,0,0,0,0,0,0,0,0,0,0,0,0,0,0,0,0,0,0,0,0,0,0,0,0,0,0,0,0,0,0,0,0,0,0,0,0,0,0,0,0,0,0,0,0,0,0,0,0,0,0,0,0,0,0,0,-0.00435037894244037,-0.0127353644328014,-0.0198537355630912,-0.0262059718457883,-0.0320701755408683,-0.0374892311355364,-0.0422568560324096,-0.0449742869781742,-0.0469201073211055,-0.0487851961904076,-0.0504582309128087,-0.0526119653942553,-0.049540280695719,-0.0457136804400868,-0.0405601118826026,-0.0357956378558205,-0.0305175601354671,-0.0246314386911658,-0.0201293534389948,-0.0159533982337716,-0.0114365351042306,-0.00527393495885467,-0.000623723659892509,0,-0.000879162635607233,-0.00268363821440231,-0.0100668494507852,-0.0190996611608292,-0.0246102580677385,-0.029711485121813,-0.032197758880946,-0.0359251664205526,-0.039544116571614,-0.0434090729474167,-0.0435628076064303,-0.0461586136779082,-0.0486042023812705,-0.051795555344941,-0.057103180971885,-0.0621148758592326,-0.0663327957767471,-0.0707122626710519,-0.074184320489659,-0.0775530942198408,-0.0762734235555985,-0.0753711421204227,-0.0734360069260473,-0.0739673613589628,-0.0736881007552498,-0.0710861070154399,-0.0623879226484218,-0.0632745791849349,-0.0616417630937237,-0.0587400580039816,-0.0567368591662187,-0.0531325910160076,-0.0542298078529433,-0.0563506330027131,-0.0550726593735837,-0.0503931527278044,-0.0434680859556298,-0.0336460165759461,-0.0239598597566593,-0.0167418911508574,-0.0151524920630891,-0.0164892005193758,-0.0211000733503483,-0.024831853326901,-0.0281548185919938,-0.0303149935066787,-0.0297259391912879,-0.0303672481278464,-0.0340762815552664,-0.0398225167043895,-0.0461104047884693,-0.0503967418310816,-0.0497535128668408,-0.0433308285282409,-0.0360893833651942,-0.0250631173877781,-0.0172918771495113,-0.00974531276112325,-0.00643705768666443,-0.00608239165360923,-0.00929258844000393,-0.0140237501298477,-0.0216804155668981,-0.0257022628716022,-0.0343845205592497,-0.0459539492424478,-0.0594237956137936,-0.0726040042467126,-0.0857170973626296,-0.102150902356367,-0.119553400365355,-0.133235923572111,-0.140109693964768,-0.141264371825231,-0.134694592905934,-0.108543434454655,-0.0916159547369717,-0.075481324866021,-0.0580936014856963,-0.0455766368257429,-0.0381526605878055,-0.033939749710008,-0.0300430285719779,-0.0278282406473294,-0.0231401373024757,-0.0222673993621837,-0.0217044945985743,-0.0189052012253078,0,0,0,0,0.00778593545331718,0.0207763081096785,0.0307356443260318,0.0386277268325179,0.0471911409017757,0.0553794876176794,0.0636968886995846,0.0739718036593671
"x196",0,0,0,0,0,0,0,0,0,0,0,0,0,0,0,0,0,0,0,0,0,0,0,0,0,0,0,0,0,0,0,0,0,0,0,0,0,0,0,0,0,0,0,0,0,0,0,0,0,0,0,0,0,0,0,0,0,0,0,0,0,0,0,0,0,0,0,0,0,0,0,0,0,0,0,0,0,0,0,0,0,0,0,0,0,0,0,0,0,0,0,0,0,0,0,0,0,0,0,0,0,0,0,0,0,0,0,0,0,0,0,0,0,0,0,0,0,0,0,0,0,0,0,0,0,0,0,0,0,0,0,0,0,0,0,0,0,0,0,0,0,0,0.0155503816907805,0.036198823450185,0.0519612762986767,0.0680398392011664,0.0824294368461908,0.0854889784570693,0.088848020241605,0.0934329020167938,0.094800825513374,0.0952557430076342,0.0955901705336085,0.097000193096337,0.0995405262868444,0.101305189513851,0.101155365551033,0.101061048729365,0.0986538931345163,0.0961227131660348,0.0902824964552582,0.0857315157467627,0.0807215663525428,0.078176973334292,0.076606517583838,0.0758857748470583,0.0773896663120217,0.0824966326415274,0.0949406715522295,0.113226657337755,0.137836958679253,0.159810982914486,0.175441309942012,0.193311672687246,0.209680377175116,0.228564742724157,0.252393728213383,0.27481316238881,0.295529689085347,0.315183042600741,0.335031118701791,0.35427375163573,0.378029519425187,0.399809135638802,0.420792983864643,0.441076008028412,0.458648583218439,0.476448167070438,0.497472717274224,0.518370600467878,0.538861313551421,0.554350497276543,0.567679464095374,0.579302944817983,0.585970589154935,0.58948603754537,0.593709761588074,0.59814832867705,0.618478188330675,0.634142445012575,0.648096355575063,0.66147116763509,0.670283067487256,0.670549839186996,0.668374084793992,0.666503006573819,0.662727458421016,0.659582422582975,0.656591610692768,0.655689523216364,0.657374400067868,0.656858064420323,0.658868687342971,0.658752643158041,0.656623580759889,0.654784318235882,0.654059321406553,0.652102234887948,0.662547256621646,0.666136610394659,0.668265229522846,0.665759018915118,0.65833031688496,0.656551227657292,0.658085117976896,0.660519705468601,0.663061966895145,0.666429368426863,0.67378215312559,0.689991813598521,0.704596454329424,0.71539889557523,0.722793768758694,0.725499582076176,0.728834906612269,0.732064659829555,0.734610103311894,0.738115776391592,0.742224121051935,0.748240735564398
"x197",0,0,0,0,0,0,0,0,0,0,0,0,0,0,0,0,0,0,0,0,0,0,0,0,0,0,0,0,0,0,0,0,0,0,0,0,0,0,0,0,0,0,0,0,0,0,0,0,0,0,0,0,0,0,0,0,0,0,0,0,0,0,0,0,0,0,0,0,0,0,0,0,0,0,0,0,0,0,0,0,0,0,0,0,0,0,0.000596841068356718,0.00280548779456612,0.00477378295289654,0.00701261993498461,0.009354536653575,0.0125101632611366,0.0158340807594693,0.0189899137378372,0.0220552402178577,0.0253369387693721,0.0292895619628026,0.033949155269839,0.0384021210098103,0.0452704086804448,0.05199765196466,0.0589382426452072,0.0644803960999628,0.068499735196292,0.0709640480566402,0.0719676107975899,0.0730769457929556,0.0744554215242987,0.0750753747503031,0.0757989279059102,0.0764130873406677,0.0794716171402983,0.0831529070705146,0.0857736206857215,0.088261394010396,0.0903518180105798,0.096477578180146,0.104565896376206,0.111575475283372,0.118808292465965,0.125331213871788,0.131060134767181,0.136273102987034,0.140325338780124,0.143516781380544,0.147081899389052,0.149676516283148,0.154289953561659,0.153835224390215,0.153023872395301,0.150926124189842,0.150569446854051,0.145221415174285,0.138049589098629,0.130217405524389,0.123087665020784,0.115727140696101,0.106198332968289,0.099104734460797,0.0947384472634068,0.0890651664779163,0.0840060712401277,0.0683240515112751,0.0507152243366332,0.0348924222353718,0.0180573546694801,0,0,0,0,0,0,0,0,0,0,0,0,0,0,0,0,0,0,0,0,0,0,-0.0136547079963647,-0.0381706046523314,-0.0669951796621978,-0.0908963617970615,-0.104504121086107,-0.116203191630086,-0.125310448322702,-0.14037286138132,-0.163413923968707,-0.187168249671075,-0.209916036976665,-0.231795475309136,-0.254963899802583,-0.278186008927112,-0.306271801256885,-0.333896618698604,-0.360883603189128,-0.387500481762749,-0.40918677405149,-0.430243524333793,-0.452333663647198,-0.472366745030152,-0.491162253604737,-0.507728601550459,-0.525212546250635,-0.548064218061557,-0.573150854577141,-0.591954101010194,-0.607994519238362,-0.624238640593751,-0.664504172687513,-0.695336292639387,-0.71658846993079,-0.731350340331013,-0.741547178518909,-0.752521174774795,-0.759544727459043,-0.766890819792999,-0.77159993081649,-0.776102516415795,-0.779869412163527,-0.783854160048026,-0.790239180371976,-0.802591552443137,-0.814497832707071,-0.824255304519371,-0.832920107028165,-0.854811107516052,-0.877119151155989,-0.898310389982197,-0.950338262268142,-0.972268909147369,-0.989606419966305,-0.994878061303957,-0.99660469286361,-1.02302706718391,-1.04000914231575,-1.04846244760833,-1.05595833577552,-1.06291518866814,-1.07651302815125,-1.08958883088023,-1.10146568326784,-1.10940627788634,-1.12011091811656,-1.13082267144531,-1.14055079421219,-1.15025317789851,-1.1613734379566,-1.17359439220127,-1.18653978171911,-1.20751099346384
"x198",0,0,0,0,0,0,0,0,0,0,0,0,0,0,0,0,0,0,0,0,0,0,0,0,0,0,0,0,0,0,0,0,0,0,0,0,0,0,0,0,0,0,0,0,0,0,0,0,0,0,0,0,0,0,0,0,0,0,0,0,0,0,0,0,0,0,0,0,0,0,0,0,0,0,0,0,0,0,0,0,0,0,0,0,0,0,0,0,0,0,0,0,0,0,0,0,0,0,0,0,0,0,0,0,0,0,0,0,0,0,0,0,0,0,0,0,0,0,0,0,0,0,0,0,0,0,0,0,0,0,0,0,0.011256256859577,0.0268058320917357,0.0428342625063175,0.0581238154822502,0.0733977192216302,0.0881171790879265,0.0996825216220943,0.110365739949697,0.121651388769022,0.13228477721991,0.145201559262566,0.160271340242837,0.174883235561286,0.189457783979582,0.203231984276931,0.209791569383834,0.21923765781656,0.228202305485331,0.239442765342767,0.25057837601244,0.263311028384363,0.273429422460122,0.281994990384463,0.29279154661241,0.303907181846151,0.314717561229451,0.326290108769015,0.337514821768069,0.345134119451004,0.35540829059893,0.365742192457392,0.369467803362802,0.374343706728792,0.380836035050687,0.387010198555068,0.393716687960372,0.405851314534452,0.422437543401063,0.440019614033226,0.455608194286121,0.468743379736996,0.479281309659217,0.48950158838098,0.499769639117064,0.510313848952574,0.521696432160281,0.532337012581107,0.542153544902478,0.554833154414209,0.568017587031115,0.5828949148967,0.596923330351335,0.610723547037215,0.623770971285577,0.633176834889218,0.64259185358474,0.653052944019498,0.662654148707673,0.672154527768144,0.683227332274779,0.694715872644726,0.70540401558344,0.714789620567949,0.72171057788243,0.727373011389691,0.733013353345579,0.741156644190409,0.748612060532809,0.753463326389436,0.755433410263995,0.760204205843213,0.762826772042637,0.765390045183384,0.769853720488587,0.772860044140498,0.775793814692121,0.779141776388612,0.783044921605932,0.787018738512755,0.789794116319696,0.792728067878484,0.796494382675552,0.797860360788735,0.79639764479942,0.796430564184169,0.793896912958403,0.795175335836228,0.796267263145173,0.79742430687727,0.798754296886552,0.800756849204898,0.79310552710113,0.789826184151565,0.789212821359355,0.788367292825492,0.786154056223264,0.781521545375843,0.771564459236335,0.760694596321181,0.747550256918338,0.736867477369725,0.73098703176634,0.728175999397966,0.726978087293179,0.727569074590776,0.730177116284223,0.733257869442235,0.738903726639865
"x199",0,0,0,0,0,0,0,0,0,0,0,0,0,0,0,0,0,0,0,0,0,0,0,0,0,0,0,0,0,0,0,0,0,0,0,0,0,0,0,0,0,0,0,0,0,0,0,0,0,0,0,0,0,0,0,0,0,0,0,0,0,0,0,0,0,0,0,0,0,0,0,0,0,0,0,0,0,0,0,0,0,0,0,0,0,0,0,0,0,0,0,0,0,0,0,0,0,0,0,0,0,0,0,0,0,0,0,0,0,0,0,-0.00448136874785318,-0.00973028470651055,-0.0125046012942949,-0.0151076462800185,-0.0177667196834804,-0.0366353507983193,-0.0549337048492315,-0.0728109582347393,-0.0892627582270509,-0.10497559724959,-0.120352459572355,-0.135415330221862,-0.148509074720517,-0.160037123309233,-0.169895249309076,-0.178655705393854,-0.187419632922758,-0.193205125245984,-0.198775972431293,-0.204104219271432,-0.212557566269474,-0.226204639341927,-0.242053122864324,-0.256249169176747,-0.271107079945943,-0.286283235292845,-0.299324955334592,-0.308575240761748,-0.317631689346792,-0.32802470609705,-0.339062606201346,-0.347405773360667,-0.359273301992903,-0.37060848573225,-0.381406084571667,-0.391111670942311,-0.402581580988973,-0.416321384718934,-0.427992516910323,-0.443052120774448,-0.458461912927916,-0.471665226099665,-0.483808478545163,-0.496239049055282,-0.513051007390864,-0.532517707493621,-0.551438537709294,-0.571572271028361,-0.590733392423574,-0.610189387248362,-0.63262840620465,-0.654838816365896,-0.667379768508181,-0.681919319299242,-0.698517705025055,-0.71047710407453,-0.721534413085777,-0.729917351093799,-0.736324337845538,-0.741556186374132,-0.746246898815977,-0.760207034819091,-0.773871692167287,-0.789740239327167,-0.801148917993661,-0.804859962877755,-0.807423319116231,-0.809427956857972,-0.810316394208051,-0.810203798919022,-0.810551013613543,-0.808607959354373,-0.806784137202455,-0.805542648790184,-0.80343082600444,-0.798233618300807,-0.793230489368953,-0.788869104954606,-0.78504292216717,-0.781337280852894,-0.781904627544458,-0.785542782014923,-0.784517604403045,-0.782366730447308,-0.783961359688733,-0.786600727809689,-0.789162103045605,-0.765463684132077,-0.751274899420748,-0.741484756222066,-0.728181221697683,-0.721272758806131,-0.706268116230374,-0.695897977569409,-0.694700306465318,-0.695385409325301,-0.695860501096064,-0.696404813941387,-0.695571725023099,-0.693580341156215,-0.686592344296222,-0.676612001525821,-0.671219157601491,-0.664757874575887,-0.636500268313976,-0.621078787325111,-0.605256741874796,-0.569105503354552,-0.556322181956549,-0.548832308252913,-0.553799572023714,-0.562331057381457,-0.523651057979085,-0.505161627371173,-0.497035337364755,-0.489479181419969,-0.480673102547086,-0.457631568855927,-0.418247088550591,-0.382289532949242,-0.343529884097014,-0.307739428256451,-0.288045976727722,-0.276443876157748,-0.267167646718405,-0.257903984103472,-0.249067738486451,-0.239892787746389,-0.224437820627107
"x200",0,0,0,0,0,0,0,0,0,0,0,0,0,0,0,0,0,0,0,0,0,0,0,0,0,0,0,0,0,0,0,0,0,0,0,0,0,0,0,0,0,0,0,0,0,0,0,0,0,0,0,0,0,0,0,0,0,0,0,0,0,0,0,0,0,0,0,0,0,0,0,0,0,0,0,0,0,0,0,0,0,0,0,0,0,0,0,0,0,0,0,0,0,0,0,0,0,0,0,0,0,0,0,0,0,0,0,0,0,0,0,0,0,0,0,0,0.0170464998922673,0.0329938151113489,0.048651757307191,0.0630833603261788,0.0769777055922347,0.0908674794318737,0.104748884220274,0.116713790854106,0.127081132991218,0.136090683600256,0.144720133695376,0.154257038986664,0.164252392662428,0.173755185068492,0.181757514217083,0.191470257989138,0.200890602294383,0.210317729774885,0.218913180243642,0.228286848786135,0.237897555456209,0.248038980944311,0.25549543838864,0.263053286959992,0.271680142377051,0.280323834174997,0.28634993582146,0.293397970491097,0.299456584264085,0.30517373784103,0.311030103280257,0.318268648006744,0.326765571124722,0.334328151152546,0.34304834971508,0.351934110270943,0.361000041147265,0.369229408318605,0.379022569457591,0.391629613494582,0.406573870225167,0.420865808978792,0.436052123677603,0.450390913153717,0.465051920416918,0.478325390168573,0.49260638282714,0.503172807419305,0.51474361235505,0.528378429482469,0.5366709651248,0.544021165550225,0.549082466504588,0.553259886063619,0.556356747470844,0.558706158069332,0.563933339665773,0.568430869195086,0.575428388053653,0.581045078167409,0.581074255690331,0.578112902714894,0.576083463317271,0.572235305773022,0.567353634998092,0.565174524160383,0.561578450397475,0.558750098331113,0.556246848378315,0.552620532106611,0.544056717631524,0.535180814700061,0.525772420889952,0.517078219864815,0.508253478447707,0.501759461273804,0.496265761875827,0.482050887483685,0.46242334617825,0.452193321179056,0.445917928134195,0.439249700769837,0.412738779132307,0.396953442538436,0.388219698391403,0.376032895789138,0.36421400786665,0.330759242298191,0.30196156302368,0.288616281296016,0.277974633302656,0.267843888650743,0.25815067829516,0.246111086159289,0.232311143682688,0.209478946156925,0.1895053350991,0.172576604475206,0.156052596883207,0.120608369232413,0.0979522444005857,0.0742603298081616,0.0341913362895539,0.014639555002731,0,0,-0.000811458020108439,-0.0431666383295399,-0.0649100898299498,-0.0781716430339828,-0.0906142423039278,-0.103210319713592,-0.126100216161145,-0.160432964221487,-0.192872713796362,-0.228814286436264,-0.263799748240141,-0.283213161628504,-0.294547759988374,-0.303541402533875,-0.312691737154931,-0.321327637213015,-0.330020303526205,-0.344780518321524
