Home,Away,Win Prob (Home),Pred Spread,95% CI Low,95% CI High
HOU,LAC,0.519,0.43106332288145915,-26.42890109974625,28.35498810905902
BAL,PIT,0.596,3.4708725350914102,-23.488740523834473,30.364639611283007
BUF,DEN,0.549,2.3895783149996186,-24.42233876472033,29.678654240693227
PHI,GB,0.6,3.495562051833308,-28.05868116421543,33.38598636516498
TB,WAS,0.586,2.8701675079619906,-24.869464855534755,29.8345298386597
LA,MIN,0.62,4.243115233468025,-25.511236295724572,32.50723085929252
